time_step,month_source,hour_source_1_to_24,day_type_source,daylight_savings_status,load_kwh_step,pv_profile_w_per_kw,pv_generation_kwh_step,electricity_price_currency_per_kwh,carbon_intensity_kgco2_per_kwh,outdoor_dry_bulb_c,outdoor_relative_humidity_pct,diffuse_solar_irradiance_w_m2,direct_solar_irradiance_w_m2
0,7,24,7,0,0.77143335,0,0,0.22,0.1707244,20,84,0,0
1,8,1,1,0,0.5158833,0,0,0.22,0.15731905,20.1,79,0,0
2,8,2,1,0,0.50305,0,0,0.22,0.15450256,19.7,78,0,0
3,8,3,1,0,0.53595,0,0,0.22,0.15094487,19.3,78,0,0
4,8,4,1,0,0.5126167,0,0,0.22,0.15181987,18.9,78,0,0
5,8,5,1,0,0.30321667,0,0,0.22,0.15808822,18.3,81,0,0
6,8,6,1,0,0.49578333,29.3,0.1172,0.22,0.16193937,18.3,81,25,100
7,8,7,1,0,0.9805,176.4375,0.70575,0.22,0.16434596,19.4,79,201,444
8,8,8,1,0,1.2995833,342.41666,1.36966664,0.22,0.19099815,21.1,73,420,592
9,8,9,1,0,1.6788,483.32083,1.93328332,0.22,0.20289886,22.2,71,554,491
10,8,10,1,0,2.1846333,589.4708,2.3578832,0.22,0.21287169,21.7,73,778,734
11,8,11,1,0,2.0674167,648.19165,2.5927666,0.22,0.22570992,22.2,71,903,811
12,8,12,1,0,1.0379833,657.94586,2.63178344,0.22,0.23460789,22.8,68,964,815
13,8,13,1,0,0.67051667,620.25,2.481,0.22,0.2428607,22.8,71,966,747
14,8,14,1,0,2.0011666,538.32086,2.15328344,0.22,0.24223925,22.2,73,683,291
15,8,15,1,0,1.5273967,409.11166,1.63644664,0.22,0.2426803,22.8,71,522,153
16,8,16,1,0,0.9494333,271.64584,1.08658336,0.54,0.24524967,22.2,71,444,174
17,8,17,1,0,0.51886666,123.7875,0.49515,0.54,0.24614695,21.1,76,392,396
18,8,18,1,0,2.43805,31.091667,0.124366668,0.54,0.24275939,20.6,78,231,320
19,8,19,1,0,1.9658166,2.1375,0.00855,0.54,0.24150947,20.6,73,27,143
20,8,20,1,0,1.4988834,0,0,0.54,0.24358909,20,76,0,0
21,8,21,1,0,2.6069167,0,0,0.22,0.2407392,20.6,70,0,0
22,8,22,1,0,1.2789,0,0,0.22,0.22927038,20.6,73,0,0
23,8,23,1,0,1.0987,0,0,0.22,0.21529473,19.4,81,0,0
24,8,24,1,0,1.0609916,0,0,0.22,0.19157887,20,81,0,0
25,8,1,2,0,0.3063,0,0,0.22,0.17271361,19.4,87,0,0
26,8,2,2,0,0.5456833,0,0,0.22,0.1668173,19.4,87,0,0
27,8,3,2,0,0.29998332,0,0,0.22,0.16352855,19.4,90,0,0
28,8,4,2,0,0.33366665,0,0,0.22,0.16253123,18.9,90,0,0
29,8,5,2,0,0.3396,0,0,0.22,0.16735874,18.3,93,0,0
30,8,6,2,0,0.30485,31.175,0.1247,0.22,0.1707615,18.9,90,15,14
31,8,7,2,0,0.49295,168.27083,0.67308332,0.22,0.18388951,20,87,116,42
32,8,8,2,0,0.67475,333.69583,1.33478332,0.22,0.19780493,20,87,252,74
33,8,9,2,0,0.9467667,478,1.912,0.22,0.21082877,20,84,292,35
34,8,10,2,0,1.4758834,577.82916,2.31131664,0.22,0.22337624,21.7,76,436,95
35,8,11,2,0,1.5935167,636.17084,2.54468336,0.22,0.23930867,21.7,73,604,209
36,8,12,2,0,1.7804333,651.2875,2.60515,0.22,0.24476917,22.2,71,589,144
37,8,13,2,0,1.6841667,610.5375,2.44215,0.22,0.24356763,21,78,554,133
38,8,14,2,0,1.6342167,532.5958,2.1303832,0.22,0.24330084,21,78,907,685
39,8,15,2,0,1.9771833,414.8125,1.65925,0.22,0.24916068,22.8,68,789,777
40,8,16,2,0,2.1076167,269.35,1.0774,0.54,0.25086278,22.8,67,631,703
41,8,17,2,0,2.6722834,122.995834,0.491983336,0.54,0.2472611,22.2,68,443,585
42,8,18,2,0,2.68975,31.429167,0.125716668,0.54,0.23651384,23.3,79,245,337
43,8,19,2,0,1.4254667,2.9,0.0116,0.54,0.2257806,22.8,68,27,147
44,8,20,2,0,1.5249166,0,0,0.54,0.22176008,22.8,61,0,0
45,8,21,2,0,2.2621,0,0,0.22,0.21804756,20,84,0,0
46,8,22,2,0,1.22525,0,0,0.22,0.20633468,20.6,78,0,0
47,8,23,2,0,0.58963335,0,0,0.22,0.19263186,20.6,78,0,0
48,8,24,2,0,0.56395835,0,0,0.22,0.17944553,19.4,79,0,0
49,8,1,3,0,0.5083,0,0,0.22,0.16495918,20,78,0,0
50,8,2,3,0,0.5797333,0,0,0.22,0.15730144,19.4,84,0,0
51,8,3,3,0,0.70445,0,0,0.22,0.15902838,19.4,84,0,0
52,8,4,3,0,0.2959,0,0,0.22,0.15689933,19.4,84,0,0
53,8,5,3,0,0.51143336,0,0,0.22,0.15738352,18.9,87,0,0
54,8,6,3,0,0.453,36.404167,0.145616668,0.22,0.16790247,19.4,84,27,144
55,8,7,3,0,0.52495,184.4625,0.73785,0.22,0.17872274,21.1,76,192,395
56,8,8,3,0,0.26083332,344.82083,1.37928332,0.22,0.20311522,22.8,66,404,609
57,8,9,3,0,0.52533334,468.325,1.8733,0.22,0.21381462,24.4,64,611,730
58,8,10,3,0,0.52393335,557.35834,2.22943336,0.22,0.21551497,23.9,66,778,793
59,8,11,3,0,0.79925,653.7833,2.6151332,0.22,0.2312306,25,62,897,811
60,8,12,3,0,0.57895,658.67914,2.63471656,0.22,0.24023743,25,58,958,815
61,8,13,3,0,0.92831665,622.99164,2.49196656,0.22,0.24554762,25,58,960,819
62,8,14,3,0,1.5559167,540.925,2.1637,0.22,0.24369626,24.4,58,901,812
63,8,15,3,0,2.1881332,418.1375,1.67255,0.22,0.24565277,25,56,790,771
64,8,16,3,0,1.9643333,270.2375,1.08095,0.54,0.24907608,23.9,64,632,604
65,8,17,3,0,2.34935,122.92917,0.49171668,0.54,0.24751402,23.3,64,362,293
66,8,18,3,0,1.6856333,28.197916,0.112791664,0.54,0.24996853,22.8,64,124,31
67,8,19,3,0,2.99185,1.3291667,0.0053166668,0.54,0.251276,22.2,68,13,13
68,8,20,3,0,2.1489832,0,0,0.54,0.24560243,21.1,78,0,0
69,8,21,3,0,1.2584333,0,0,0.22,0.23783484,20.6,78,0,0
70,8,22,3,0,1.54655,0,0,0.22,0.21481025,20.6,73,0,0
71,8,23,3,0,2.1094666,0,0,0.22,0.1966851,20,76,0,0
72,8,24,3,0,0.29008332,0,0,0.22,0.175584,18.9,84,0,0
73,8,1,4,0,0.2916,0,0,0.22,0.17025222,19.4,81,0,0
74,8,2,4,0,0.29246667,0,0,0.22,0.15808403,20,81,0,0
75,8,3,4,0,0.33043334,0,0,0.22,0.15693438,19.4,84,0,0
76,8,4,4,0,0.31693333,0,0,0.22,0.1608465,18.9,87,0,0
77,8,5,4,0,0.28945,0,0,0.22,0.16770287,18.9,87,0,0
78,8,6,4,0,0.30526668,9.6,0.0384,0.22,0.16900943,18.9,87,13,7
79,8,7,4,0,0.41006666,168.9375,0.67575,0.22,0.1827239,20,81,80,5
80,8,8,4,0,0.60935,276.125,1.1045,0.22,0.2001486,21.1,76,418,512
81,8,9,4,0,0.41518334,396.225,1.5849,0.22,0.20599447,23.9,64,616,736
82,8,10,4,0,0.6173,574.67084,2.29868336,0.22,0.2118524,25.6,60,778,793
83,8,11,4,0,0.92901665,639.7375,2.55895,0.22,0.2260207,23.3,71,897,739
84,8,12,4,0,0.92761666,651.4583,2.6058332,0.22,0.22795987,22.2,71,720,276
85,8,13,4,0,2.1620166,616.69165,2.4667666,0.22,0.2254461,22.2,71,474,66
86,8,14,4,0,2.9556832,538.6125,2.15445,0.22,0.22483824,22.2,73,441,30
87,8,15,4,0,1.4025667,417.95,1.6718,0.22,0.23203483,21.7,76,328,18
88,8,16,4,0,1.5429833,265.7125,1.06285,0.54,0.2323185,20.6,81,446,206
89,8,17,4,0,2.3260334,117.8625,0.47145,0.54,0.234056,20,81,437,482
90,8,18,4,0,2.0650666,29.033333,0.116133332,0.54,0.23350044,20,78,239,325
91,8,19,4,0,2.1389666,1.3458333,0.0053833332,0.54,0.22279812,19.4,81,23,135
92,8,20,4,0,1.30445,0,0,0.54,0.2189764,19.4,79,0,0
93,8,21,4,0,2.2229,0,0,0.22,0.21173024,19.4,84,0,0
94,8,22,4,0,1.7179667,0,0,0.22,0.19274442,18.9,84,0,0
95,8,23,4,0,1.1746666,0,0,0.22,0.16745,18.9,87,0,0
96,8,24,4,0,0.8790333,0,0,0.22,0.15570733,20,68,0,0
97,8,1,5,0,0.5301833,0,0,0.22,0.15013929,18.9,84,0,0
98,8,2,5,0,0.34600002,0,0,0.22,0.14473735,20,78,0,0
99,8,3,5,0,0.4352167,0,0,0.22,0.1524545,19.4,81,0,0
100,8,4,5,0,0.2863,0,0,0.22,0.15228155,19.4,81,0,0
101,8,5,5,0,0.31011668,0,0,0.22,0.16260153,19.4,81,0,0
102,8,6,5,0,0.32116666,30.416666,0.121666664,0.22,0.16399032,19.4,79,18,52
103,8,7,5,0,0.65398335,182.66667,0.73066668,0.22,0.17502496,20,76,111,47
104,8,8,5,0,0.9752167,342.95834,1.37183336,0.22,0.18512607,20,78,218,28
105,8,9,5,0,1.2787666,487.82083,1.95128332,0.22,0.19491634,20.6,73,355,88
106,8,10,5,0,1.4223666,591.9875,2.36795,0.22,0.20418933,21.1,73,386,41
107,8,11,5,0,1.4503334,650.80835,2.6032334,0.22,0.22145621,21.7,73,615,262
108,8,12,5,0,2.26925,661.76666,2.64706664,0.22,0.21505424,21.7,70,958,749
109,8,13,5,0,2.3457832,625.1125,2.50045,0.22,0.20845915,21.7,73,960,819
110,8,14,5,0,1.05555,543.625,2.1745,0.22,0.20262869,21.1,76,901,812
111,8,15,5,0,1.56605,422.67917,1.69071668,0.22,0.19823301,20.6,75,784,771
112,8,16,5,0,0.85728335,271.45416,1.08581664,0.54,0.19353756,20,78,626,698
113,8,17,5,0,1.3578334,119.34167,0.47736668,0.54,0.19759627,20,78,438,580
114,8,18,5,0,2.2114666,25.816668,0.103266672,0.54,0.2107975,19.4,79,242,319
115,8,19,5,0,1.7875333,0,0,0.54,0.21276861,19.4,79,22,129
116,8,20,5,0,2.5960333,0,0,0.54,0.21097414,19.4,76,0,0
117,8,21,5,0,2.5412,0,0,0.22,0.18958405,19.4,76,0,0
118,8,22,5,0,2.3175166,0,0,0.22,0.15812041,19.4,76,0,0
119,8,23,5,0,0.65816665,0,0,0.22,0.15155447,20,73,0,0
120,8,24,5,0,0.88988334,0,0,0.22,0.13622218,18.9,78,0,0
121,8,1,6,0,0.5818667,0,0,0.22,0.12023289,20,68,0,0
122,8,2,6,0,0.55446666,0,0,0.22,0.11686636,19.4,73,0,0
123,8,3,6,0,0.33986667,0,0,0.22,0.12123874,20,65,0,0
124,8,4,6,0,0.51586664,0,0,0.22,0.1168065,20,63,0,0
125,8,5,6,0,0.33735,0,0,0.22,0.11777603,20,63,0,0
126,8,6,6,0,0.44303334,31.391666,0.125566664,0.22,0.122667514,20,63,9,0
127,8,7,6,0,0.78748333,186.19167,0.74476668,0.22,0.11922021,20,63,144,168
128,8,8,6,0,1.3477666,348.84583,1.39538332,0.22,0.12713692,21.1,59,152,11
129,8,9,6,0,1.9794166,496.0875,1.98435,0.22,0.1422218,21.7,57,427,210
130,8,10,6,0,2.4246,601.1625,2.40465,0.22,0.15895283,21.1,68,618,343
131,8,11,6,0,0.8337167,656.6583,2.6266332,0.22,0.16855264,21.1,66,810,572
132,8,12,6,0,2.5213833,664.5833,2.6583332,0.22,0.17453809,22.2,61,875,593
133,8,13,6,0,2.4276,627.9083,2.5116332,0.22,0.17656593,22.8,61,677,259
134,8,14,6,0,2.3625,546.81665,2.1872666,0.22,0.17817704,22.2,66,786,497
135,8,15,6,0,2.0925667,426.7,1.7068,0.22,0.17906882,22.2,61,711,569
136,8,16,6,0,1.9735334,272.57083,1.09028332,0.4,0.17723949,21.7,61,526,436
137,8,17,6,0,1.2184,117.86667,0.47146668,0.4,0.18189801,20.6,68,356,333
138,8,18,6,0,1.3296666,25.45,0.1018,0.4,0.18725535,20,70,193,195
139,8,19,6,0,1.8970333,0,0,0.4,0.18949196,19.4,73,17,77
140,8,20,6,0,1.557,0,0,0.4,0.18843023,19.4,76,0,0
141,8,21,6,0,2.5614667,0,0,0.22,0.18712461,18.9,78,0,0
142,8,22,6,0,1.8391334,0,0,0.22,0.17121895,19.4,79,0,0
143,8,23,6,0,1.3841,0,0,0.22,0.15409464,19.4,79,0,0
144,8,24,6,0,0.92831665,0,0,0.22,0.14622422,18.3,84,0,0
145,8,1,7,0,0.67325,0,0,0.22,0.14251432,18.3,84,0,0
146,8,2,7,0,0.5567833,0,0,0.22,0.1409229,17.2,87,0,0
147,8,3,7,0,0.44785,0,0,0.22,0.13805278,17.2,84,0,0
148,8,4,7,0,0.38646665,0,0,0.22,0.14076443,17.2,84,0,0
149,8,5,7,0,0.33288333,0,0,0.22,0.15049617,17.2,84,0,0
150,8,6,7,0,0.3272,33.120834,0.132483336,0.22,0.16000995,17.8,80,21,126
151,8,7,7,0,0.50668335,190.2625,0.76105,0.22,0.17179501,18.9,75,178,387
152,8,8,7,0,0.86835,354.6125,1.41845,0.22,0.19232084,20,70,365,483
153,8,9,7,0,1.1804334,501.41666,2.00566664,0.22,0.19825311,20.6,68,573,602
154,8,10,7,0,1.5239,602.9875,2.41195,0.22,0.20196563,20.6,68,739,657
155,8,11,7,0,1.8347666,658.81665,2.6352666,0.22,0.20601249,21.7,63,862,709
156,8,12,7,0,1.7725333,665.26666,2.66106664,0.22,0.2091158,22.2,61,934,749
157,8,13,7,0,1.46005,625.94165,2.5037666,0.22,0.21177243,22.2,61,942,771
158,8,14,7,0,1.3446333,546.70416,2.18681664,0.22,0.20919389,22.2,61,895,812
159,8,15,7,0,1.8436667,423.82916,1.69531664,0.22,0.2019597,21.7,66,785,771
160,8,16,7,0,1.86445,268.03333,1.07213332,0.4,0.19910625,21.1,68,620,680
161,8,17,7,0,1.3303,115.2125,0.46085,0.4,0.20060748,20.6,70,416,477
162,8,18,7,0,1.8551,20.775,0.0831,0.4,0.20029357,20,68,183,173
163,8,19,7,0,1.2943667,0,0,0.4,0.20097925,19.4,70,15,66
164,8,20,7,0,1.5467833,0,0,0.4,0.20128506,18.9,75,0,0
165,8,21,7,0,2.1509166,0,0,0.22,0.19162135,18.3,81,0,0
166,8,22,7,0,0.9395,0,0,0.22,0.17962454,18.3,84,0,0
167,8,23,7,0,1.9324,0,0,0.22,0.16730984,18.3,87,0,0
168,8,24,7,0,0.85976666,0,0,0.22,0.14908981,18.3,78,0,0
169,8,1,1,0,0.7675833,0,0,0.22,0.14422876,17.8,84,0,0
170,8,2,1,0,0.7677,0,0,0.22,0.13992415,17.8,84,0,0
171,8,3,1,0,0.57276666,0,0,0.22,0.14205489,17.2,84,0,0
172,8,4,1,0,0.30363333,0,0,0.22,0.14112355,17.2,84,0,0
173,8,5,1,0,0.34601668,0,0,0.22,0.14697811,17.2,81,0,0
174,8,6,1,0,0.33975,34.65,0.1386,0.22,0.1574251,17.8,80,18,108
175,8,7,1,0,0.47483334,194.07083,0.77628332,0.22,0.16796638,18.9,75,181,397
176,8,8,1,0,0.8457,351.14166,1.40456664,0.22,0.18931839,20,70,369,471
177,8,9,1,0,1.1722333,499.24167,1.99696668,0.22,0.20079434,21,64,541,520
178,8,10,1,0,1.56295,601.88336,2.40753344,0.22,0.19835591,21.7,66,711,568
179,8,11,1,0,1.81315,655.73334,2.62293336,0.22,0.20062073,22.2,64,873,727
180,8,12,1,0,2.0894,665.7833,2.6631332,0.22,0.2019375,22.8,59,934,749
181,8,13,1,0,2.2169166,629.20416,2.51681664,0.22,0.2033238,22.2,61,936,759
182,8,14,1,0,0.6027,547.44165,2.1897666,0.22,0.20633447,22.2,59,896,812
183,8,15,1,0,1.5398667,423.32083,1.69328332,0.22,0.2078082,21.7,63,779,771
184,8,16,1,0,0.97566664,269.87918,1.07951672,0.54,0.20482904,21.7,66,621,692
185,8,17,1,0,0.4634167,114.98333,0.45993332,0.54,0.2072389,20.6,68,417,549
186,8,18,1,0,3.6259334,20.804167,0.083216668,0.54,0.20766042,20,70,186,214
187,8,19,1,0,2.7586834,0,0,0.54,0.20728707,19.4,73,14,79
188,8,20,1,0,1.9249,0,0,0.54,0.20591335,18.3,81,0,0
189,8,21,1,0,2.3992,0,0,0.22,0.19358204,18.9,78,0,0
190,8,22,1,0,2.0229332,0,0,0.22,0.17046855,18.3,78,0,0
191,8,23,1,0,2.36575,0,0,0.22,0.15631258,18.3,78,0,0
192,8,24,1,0,1.4371166,0,0,0.22,0.13588741,18.3,81,0,0
193,8,1,2,0,0.35123333,0,0,0.22,0.1280677,17.8,84,0,0
194,8,2,2,0,0.24811667,0,0,0.22,0.1285225,18.3,78,0,0
195,8,3,2,0,0.2504,0,0,0.22,0.12293941,17.2,81,0,0
196,8,4,2,0,0.36548334,0,0,0.22,0.12372019,17.2,84,0,0
197,8,5,2,0,0.32168335,0,0,0.22,0.12862471,17.2,84,0,0
198,8,6,2,0,0.3268,33.083332,0.132333328,0.22,0.13603885,17.8,78,17,100
199,8,7,2,0,0.60041666,194.1625,0.77665,0.22,0.15182649,18.9,75,188,438
200,8,8,2,0,1.2221667,362.55417,1.45021668,0.22,0.16784854,20,70,401,625
201,8,9,2,0,1.98865,508,2.032,0.22,0.1798351,21.7,61,609,736
202,8,10,2,0,2.5967834,614.9167,2.4596668,0.22,0.18035902,21.7,66,772,793
203,8,11,2,0,0.40415,671.35834,2.68543336,0.22,0.18698144,22.2,64,891,810
204,8,12,2,0,1.0846334,681.2125,2.72485,0.22,0.1928982,22.2,64,952,815
205,8,13,2,0,0.9838667,639.4667,2.5578668,0.22,0.1996825,21.7,68,955,819
206,8,14,2,0,0.7127,555.075,2.2203,0.22,0.20017584,21.7,66,896,812
207,8,15,2,0,1.71815,427.33334,1.70933336,0.22,0.20570453,21.7,68,779,771
208,8,16,2,0,1.37985,272.45834,1.08983336,0.54,0.21330336,21.7,68,615,680
209,8,17,2,0,1.4147,114.691666,0.458766664,0.54,0.22198917,20.6,70,385,438
210,8,18,2,0,1.24685,17.020834,0.068083336,0.54,0.22708718,19.4,79,189,199
211,8,19,2,0,1.7507,0,0,0.54,0.21985929,18.9,75,13,71
212,8,20,2,0,1.7660834,0,0,0.54,0.21403004,18.9,75,0,0
213,8,21,2,0,1.64385,0,0,0.22,0.2042864,18.9,81,0,0
214,8,22,2,0,1.34405,0,0,0.22,0.19087927,18.9,81,0,0
215,8,23,2,0,1.2599,0,0,0.22,0.16755134,18.9,81,0,0
216,8,24,2,0,1.0333333,0,0,0.22,0.13903761,17.8,84,0,0
217,8,1,3,0,0.57685,0,0,0.22,0.1283244,18.9,78,0,0
218,8,2,3,0,0.5754833,0,0,0.22,0.12524563,18.9,78,0,0
219,8,3,3,0,0.36823332,0,0,0.22,0.12526178,18.9,75,0,0
220,8,4,3,0,0.33318335,0,0,0.22,0.124736734,18.9,70,0,0
221,8,5,3,0,0.33146667,0,0,0.22,0.12786098,19.4,66,0,0
222,8,6,3,0,0.31825,35.245834,0.140983336,0.22,0.13398606,20,63,4,0
223,8,7,3,0,0.787,195.14166,0.78056664,0.22,0.14996739,19.4,66,116,83
224,8,8,3,0,1.1551167,365.63333,1.46253332,0.22,0.17096616,20,63,269,114
225,8,9,3,0,1.5544667,509.85834,2.03943336,0.22,0.18427971,21.1,59,442,239
226,8,10,3,0,1.6939,614.30835,2.4572334,0.22,0.20126699,21.1,68,771,710
227,8,11,3,0,1.8755833,671.3,2.6852,0.22,0.20784968,21.7,63,891,810
228,8,12,3,0,1.9492333,683.62085,2.7344834,0.22,0.214958,22.2,59,952,815
229,8,13,3,0,1.1279833,643.50415,2.5740166,0.22,0.22032925,22.2,61,949,819
230,8,14,3,0,1.38065,551.75,2.207,0.22,0.22272925,21.7,66,890,813
231,8,15,3,0,2.02135,422.93332,1.69173328,0.22,0.22537656,21.1,71,780,772
232,8,16,3,0,2.3375666,268.65,1.0746,0.54,0.22761942,20.6,73,615,693
233,8,17,3,0,1.0569834,112.675,0.4507,0.54,0.22885732,20.6,70,420,570
234,8,18,3,0,1.2941,16.5375,0.06615,0.54,0.22358394,20,70,219,289
235,8,19,3,0,2.1775668,0,0,0.54,0.2154159,19.4,76,14,99
236,8,20,3,0,1.66785,0,0,0.54,0.20531225,18.9,78,0,0
237,8,21,3,0,1.8570833,0,0,0.22,0.19621275,18.9,78,0,0
238,8,22,3,0,1.17105,0,0,0.22,0.18663158,18.9,78,0,0
239,8,23,3,0,1.56405,0,0,0.22,0.16577256,18.3,87,0,0
240,8,24,3,0,0.6495,0,0,0.22,0.14133562,18.9,78,0,0
241,8,1,4,0,0.5025167,0,0,0.22,0.13168438,17.8,84,0,0
242,8,2,4,0,0.27045,0,0,0.22,0.13091223,17.8,84,0,0
243,8,3,4,0,0.25106665,0,0,0.22,0.12938361,18.3,81,0,0
244,8,4,4,0,0.2935,0,0,0.22,0.12869218,17.8,80,0,0
245,8,5,4,0,0.33521667,0,0,0.22,0.13489437,17.8,80,0,0
246,8,6,4,0,0.26636666,36.8375,0.14735,0.22,0.14174654,18.3,78,15,70
247,8,7,4,0,0.54223335,194.25417,0.77701668,0.22,0.15178755,19.4,73,100,42
248,8,8,4,0,0.85726666,361.65417,1.44661668,0.22,0.16671626,20.6,68,221,45
249,8,9,4,0,1.1562667,504.29584,2.01718336,0.22,0.18616396,20,73,291,58
250,8,10,4,0,1.3559667,602.5417,2.4101668,0.22,0.20004381,20.6,70,705,491
251,8,11,4,0,1.4667833,656.68335,2.6267334,0.22,0.2087537,21.7,66,856,685
252,8,12,4,0,1.6909833,662.05414,2.64821656,0.22,0.21087544,21.7,66,917,701
253,8,13,4,0,0.2902,620.51666,2.48206664,0.22,0.21402867,21.7,63,924,741
254,8,14,4,0,0.70858335,532.14166,2.12856664,0.22,0.21582389,21.7,63,877,764
255,8,15,4,0,1.5206667,409.41666,1.63766664,0.22,0.21734078,21.7,68,773,772
256,8,16,4,0,1.3217167,258.25418,1.03301672,0.54,0.21607946,21.1,68,609,693
257,8,17,4,0,1.0477166,106.6375,0.42655,0.54,0.21462327,21.1,71,421,564
258,8,18,4,0,0.8728,15.258333,0.061033332,0.54,0.210543,21.1,66,223,283
259,8,19,4,0,2.0182333,0,0,0.54,0.2018401,20,70,12,93
260,8,20,4,0,1.8535833,0,0,0.54,0.20058522,19.4,79,0,0
261,8,21,4,0,2.1701667,0,0,0.22,0.18436982,18.9,81,0,0
262,8,22,4,0,1.1441333,0,0,0.22,0.16820168,18.9,81,0,0
263,8,23,4,0,0.8711,0,0,0.22,0.15477811,19.4,76,0,0
264,8,24,4,0,0.7038,0,0,0.22,0.13546747,20,76,0,0
265,8,1,5,0,0.2038,0,0,0.22,0.12516423,18.9,78,0,0
266,8,2,5,0,0.44215,0,0,0.22,0.12206979,18.9,78,0,0
267,8,3,5,0,0.45661667,0,0,0.22,0.11901966,18.9,78,0,0
268,8,4,5,0,0.29193333,0,0,0.22,0.119572766,18.9,78,0,0
269,8,5,5,0,0.3771,0,0,0.22,0.122675195,18.3,81,0,0
270,8,6,5,0,0.324,27.35,0.1094,0.22,0.1279644,18.9,78,16,106
271,8,7,5,0,0.48553333,173.02083,0.69208332,0.22,0.12922922,20,73,189,452
272,8,8,5,0,0.77811664,331.09167,1.32436668,0.22,0.14258432,21.7,66,400,629
273,8,9,5,0,1.0886333,473.9625,1.89585,0.22,0.153312,22.8,66,603,735
274,8,10,5,0,1.4407333,576.05414,2.30421656,0.22,0.17414947,23.3,64,766,792
275,8,11,5,0,1.5879667,630.44586,2.52178344,0.22,0.18161266,23.3,64,885,810
276,8,12,5,0,1.8908833,640.60834,2.56243336,0.22,0.18294658,22.8,66,947,815
277,8,13,5,0,0.9809667,602.6875,2.41075,0.22,0.18484099,22.8,68,949,819
278,8,14,5,0,1.4780333,524.12915,2.0965166,0.22,0.18788949,22.8,68,890,813
279,8,15,5,0,1.5648834,401.3375,1.60535,0.22,0.19126114,22.8,68,774,766
280,8,16,5,0,0.95345,250.04167,1.00016668,0.54,0.18843031,22.8,61,602,675
281,8,17,5,0,0.40135,103.6,0.4144,0.54,0.19303958,21.7,68,397,552
282,8,18,5,0,1.6573334,18.6125,0.07445,0.54,0.19844452,21.1,71,213,277
283,8,19,5,0,1.2461333,0,0,0.54,0.19506107,20.6,73,11,87
284,8,20,5,0,1.61895,0,0,0.54,0.1915999,20.6,75,0,0
285,8,21,5,0,1.837725,0,0,0.22,0.18383683,20.6,75,0,0
286,8,22,5,0,2.1829667,0,0,0.22,0.17171,20,84,0,0
287,8,23,5,0,1.1242833,0,0,0.22,0.15663937,20,78,0,0
288,8,24,5,0,0.522925,0,0,0.22,0.14575125,20,81,0,0
289,8,1,6,0,0.9173333,0,0,0.22,0.14307465,20,76,0,0
290,8,2,6,0,0.23055,0,0,0.22,0.13723727,20,76,0,0
291,8,3,6,0,0.22173333,0,0,0.22,0.13650195,19.4,84,0,0
292,8,4,6,0,0.25803334,0,0,0.22,0.13243666,18.9,84,0,0
293,8,5,6,0,0.27041668,0,0,0.22,0.13084233,18.9,84,0,0
294,8,6,6,0,0.46573332,22.475,0.0899,0.22,0.129846,19.4,81,13,98
295,8,7,6,0,0.46568334,168.24167,0.67296668,0.22,0.13016497,20.6,78,188,425
296,8,8,6,0,1.1192167,333.18332,1.33273328,0.22,0.14210795,22.2,71,395,629
297,8,9,6,0,2.04425,475.95416,1.90381664,0.22,0.15784699,23.9,62,602,712
298,8,10,6,0,2.2436333,572.95416,2.29181664,0.22,0.177663,23.3,71,721,591
299,8,11,6,0,2.32595,624.8875,2.49955,0.22,0.18359366,24.4,64,885,787
300,8,12,6,0,1.1248833,632.9125,2.53165,0.22,0.18947703,23.3,69,947,815
301,8,13,6,0,2.1375167,600.07916,2.40031664,0.22,0.1925325,23.3,66,943,783
302,8,14,6,0,2.0269833,516.05414,2.06421656,0.22,0.19742894,22.8,71,833,606
303,8,15,6,0,2.3481166,396.075,1.5843,0.22,0.20194879,22.8,71,768,747
304,8,16,6,0,2.015,247.06667,0.98826668,0.4,0.20801513,22.2,73,611,687
305,8,17,6,0,2.0499167,100.3375,0.40135,0.4,0.20938218,22.2,68,416,467
306,8,18,6,0,2.7204,16.4375,0.06575,0.4,0.21310383,21.1,68,145,66
307,8,19,6,0,1.7358,0,0,0.4,0.2144585,20.6,73,6,20
308,8,20,6,0,1.6526667,0,0,0.4,0.20636508,20.6,75,0,0
309,8,21,6,0,2.8687,0,0,0.22,0.19886456,20.6,78,0,0
310,8,22,6,0,3.2085834,0,0,0.22,0.18619432,20.6,78,0,0
311,8,23,6,0,0.48093334,0,0,0.22,0.16880852,20,84,0,0
312,8,24,6,0,1.0033667,0,0,0.22,0.14337517,18.9,84,0,0
313,8,1,7,0,0.84028333,0,0,0.22,0.13907069,20,81,0,0
314,8,2,7,0,0.5678833,0,0,0.22,0.13652675,19.4,84,0,0
315,8,3,7,0,0.5524167,0,0,0.22,0.13285539,19.4,84,0,0
316,8,4,7,0,0.29968333,0,0,0.22,0.13272731,19.4,81,0,0
317,8,5,7,0,0.5765833,0,0,0.22,0.13846588,19,83,0,0
318,8,6,7,0,0.5441833,22.1375,0.08855,0.22,0.14351428,19.4,81,6,0
319,8,7,7,0,0.74105,167.69583,0.67078332,0.22,0.15736786,19.4,81,48,0
320,8,8,7,0,1.2274333,332.42084,1.32968336,0.22,0.17097731,20,81,103,0
321,8,9,7,0,1.4203334,473.13333,1.89253332,0.22,0.18217075,20.6,78,285,58
322,8,10,7,0,1.4874834,574.31665,2.2972666,0.22,0.19405279,21.7,73,506,195
323,8,11,7,0,1.8499,624.3333,2.4973332,0.22,0.2086891,23.3,66,867,697
324,8,12,7,0,2.0051,631.69165,2.5267666,0.22,0.20866492,22.8,71,935,791
325,8,13,7,0,2.5039833,594.1042,2.3764168,0.22,0.20987625,22.8,68,937,795
326,8,14,7,0,2.8428667,517.14166,2.06856664,0.22,0.21746278,22.2,71,885,813
327,8,15,7,0,2.9180667,399.125,1.5965,0.22,0.22057636,21.7,73,768,766
328,8,16,7,0,3.6862667,249.5,0.998,0.4,0.22257946,21.1,76,604,544
329,8,17,7,0,3.6427,100.4,0.4016,0.4,0.21970803,20,81,204,46
330,8,18,7,0,3.0919833,14.0375,0.05615,0.4,0.2166749,19.4,84,104,0
331,8,19,7,0,3.74295,0,0,0.4,0.21404791,18.9,84,4,0
332,8,20,7,0,2.7622833,0,0,0.4,0.21396871,18.3,87,0,0
333,8,21,7,0,3.1947334,0,0,0.22,0.21528786,18.3,87,0,0
334,8,22,7,0,3.9715667,0,0,0.22,0.19411258,18.3,90,0,0
335,8,23,7,0,0.68058336,0,0,0.22,0.1787916,20,78,0,0
336,8,24,7,0,1.0160834,0,0,0.22,0.16440812,18.3,84,0,0
337,8,1,1,0,0.9034333,0,0,0.22,0.15335022,18.9,84,0,0
338,8,2,1,0,0.56168336,0,0,0.22,0.15209745,18.3,84,0,0
339,8,3,1,0,0.5424167,0,0,0.22,0.14708136,18.3,87,0,0
340,8,4,1,0,0.55298334,0,0,0.22,0.14995357,18.9,84,0,0
341,8,5,1,0,0.5354667,0,0,0.22,0.15213573,18.3,84,0,0
342,8,6,1,0,0.5017,23.483334,0.093933336,0.22,0.1630286,18.9,81,3,0
343,8,7,1,0,0.67878336,173.0875,0.69235,0.22,0.17684051,19.4,79,51,0
344,8,8,1,0,1.0645167,339.05417,1.35621668,0.22,0.19228405,20.6,75,131,0
345,8,9,1,0,1.4117666,480.90417,1.92361668,0.22,0.20368925,20.6,75,462,262
346,8,10,1,0,1.47775,580.69165,2.3227666,0.22,0.20869431,21.1,73,699,562
347,8,11,1,0,1.8209056,637.6326,2.5505304,0.22,0.21043988,21.7,70,885,787
348,8,12,1,0,1.7832834,640.73334,2.56293336,0.22,0.21150778,21.7,68,941,815
349,8,13,1,0,2.1428168,603.025,2.4121,0.22,0.21412846,22.2,68,944,820
350,8,14,1,0,2.22845,523.42914,2.09371656,0.22,0.21249245,21.7,73,885,813
351,8,15,1,0,2.1183333,401.30417,1.60521668,0.22,0.20875533,21.7,70,762,766
352,8,16,1,0,2.3195834,250.96666,1.00386664,0.54,0.21254043,21.1,73,605,688
353,8,17,1,0,2.1566334,99.61667,0.39846668,0.54,0.21491309,20,78,411,554
354,8,18,1,0,2.3602166,11.829166,0.047316664,0.54,0.21345364,19.4,79,212,260
355,8,19,1,0,3.5708833,0,0,0.54,0.21343854,18.9,78,7,70
356,8,20,1,0,3.1124,0,0,0.54,0.21494836,18.9,78,0,0
357,8,21,1,0,3.29255,0,0,0.22,0.20745559,19.4,76,0,0
358,8,22,1,0,0.86795,0,0,0.22,0.19945742,18.9,81,0,0
359,8,23,1,0,0.424,0,0,0.22,0.19176865,20,76,0,0
360,8,24,1,0,2.4816916,0,0,0.22,0.17266275,18.9,75,0,0
361,8,1,2,0,0.28268334,0,0,0.22,0.1590443,18.3,81,0,0
362,8,2,2,0,0.28273332,0,0,0.22,0.15794882,18.3,84,0,0
363,8,3,2,0,0.2775,0,0,0.22,0.15844466,17.8,84,0,0
364,8,4,2,0,0.29446667,0,0,0.22,0.15813015,17.8,84,0,0
365,8,5,2,0,0.47065,0,0,0.22,0.16028666,17.2,87,0,0
366,8,6,2,0,0.28058332,27.479166,0.109916664,0.22,0.1693979,17.8,84,12,89
367,8,7,2,0,0.50946665,192.5625,0.77025,0.22,0.18675865,19.4,79,182,443
368,8,8,2,0,0.8234,363.74582,1.45498328,0.22,0.19511618,20,81,393,628
369,8,9,2,0,1.1480833,508.9625,2.03585,0.22,0.20761599,21.1,73,596,735
370,8,10,2,0,1.5238833,611.525,2.4461,0.22,0.21281025,22.2,66,759,792
371,8,11,2,0,1.8567,662.74164,2.65096656,0.22,0.21706805,22.8,59,879,810
372,8,12,2,0,1.8176334,665.68335,2.6627334,0.22,0.22307545,22.2,64,941,797
373,8,13,2,0,1.60395,628.82916,2.51531664,0.22,0.22934426,22.2,57,870,566
374,8,14,2,0,1.3245333,539.8417,2.1593668,0.22,0.23087715,22.2,61,879,758
375,8,15,2,0,1.574975,412.84375,1.651375,0.22,0.22996509,22.2,59,729,668
376,8,16,2,0,0.95818335,258.7125,1.03485,0.54,0.23423359,22.2,59,584,638
377,8,17,2,0,2.2573,102.80417,0.41121668,0.54,0.23465271,21.1,66,352,430
378,8,18,2,0,3.7408667,9.020833,0.036083332,0.54,0.23686099,20.6,68,186,246
379,8,19,2,0,2.7261,0,0,0.54,0.23946969,19.4,70,5,62
380,8,20,2,0,1.95415,0,0,0.54,0.2286903,19.4,68,0,0
381,8,21,2,0,2.4260333,0,0,0.22,0.21942592,20,68,0,0
382,8,22,2,0,0.7837667,0,0,0.22,0.20529114,19.4,70,0,0
383,8,23,2,0,1.8764167,0,0,0.22,0.18921348,18.9,84,0,0
384,8,24,2,0,0.21078333,0,0,0.22,0.16834421,18.9,73,0,0
385,8,1,3,0,0.21853334,0,0,0.22,0.16070479,18.9,78,0,0
386,8,2,3,0,0.37321666,0,0,0.22,0.15703118,19.4,73,0,0
387,8,3,3,0,0.26281667,0,0,0.22,0.14944108,18.9,78,0,0
388,8,4,3,0,0.19645,0,0,0.22,0.15043159,17.8,78,0,0
389,8,5,3,0,0.22831666,0,0,0.22,0.15219194,18.3,84,0,0
390,8,6,3,0,0.20853333,24.183332,0.096733328,0.22,0.15981103,18.9,84,9,74
391,8,7,3,0,0.5020667,182.25833,0.72903332,0.22,0.16959837,20.6,75,134,175
392,8,8,3,0,0.9291,350.84583,1.40338332,0.22,0.18483885,20,78,393,538
393,8,9,3,0,1.7893667,492.77084,1.97108336,0.22,0.19518687,20.6,70,523,467
394,8,10,3,0,2.0773666,592.4875,2.36995,0.22,0.19931655,21.1,71,759,709
395,8,11,3,0,2.3840666,647.1375,2.58855,0.22,0.20287211,21.7,66,804,602
396,8,12,3,0,0.75743335,653.07916,2.61231664,0.22,0.21303007,20.6,73,941,773
397,8,13,3,0,2.2104332,614.5,2.458,0.22,0.22445586,22.2,57,858,603
398,8,14,3,0,1.6874,530.5292,2.1221168,0.22,0.22516282,21.7,63,879,789
399,8,15,3,0,2.1067166,403.59583,1.61438332,0.22,0.22405207,21.1,61,756,766
400,8,16,3,0,1.76005,249.34166,0.99736664,0.54,0.22652158,21.1,63,592,682
401,8,17,3,0,1.4509,98.4625,0.39385,0.54,0.22835435,20.6,63,397,523
402,8,18,3,0,2.5907,11.195833,0.044783332,0.54,0.22658302,20.6,65,175,189
403,8,19,3,0,1.669,0,0,0.54,0.21749566,19.4,73,4,45
404,8,20,3,0,1.7726834,0,0,0.54,0.21214879,19.4,73,0,0
405,8,21,3,0,2.9660666,0,0,0.22,0.2044322,19.4,76,0,0
406,8,22,3,0,1.7119833,0,0,0.22,0.18495592,19.4,79,0,0
407,8,23,3,0,1.1023834,0,0,0.22,0.17552361,18.9,78,0,0
408,8,24,3,0,1.018,0,0,0.22,0.16045192,18.9,75,0,0
409,8,1,4,0,0.60565,0,0,0.22,0.15359776,18.9,78,0,0
410,8,2,4,0,0.52205,0,0,0.22,0.15060727,18.3,84,0,0
411,8,3,4,0,0.53601664,0,0,0.22,0.14966114,18.9,81,0,0
412,8,4,4,0,0.27995,0,0,0.22,0.14701843,18.3,84,0,0
413,8,5,4,0,0.27481666,0,0,0.22,0.1534871,17.8,87,0,0
414,8,6,4,0,0.31506667,21.795834,0.087183336,0.22,0.16379656,18.3,84,8,57
415,8,7,4,0,0.58683336,174.18333,0.69673332,0.22,0.17936982,20,78,148,288
416,8,8,4,0,1.2433667,337.25418,1.34901672,0.22,0.19998443,20.6,78,383,583
417,8,9,4,0,1.8386889,485.06668,1.94026672,0.22,0.2135616,21.1,73,570,647
418,8,10,4,0,2.2985833,584.8625,2.33945,0.22,0.22015059,20.6,73,688,562
419,8,11,4,0,1.1662333,636.6667,2.5466668,0.22,0.22556019,21.1,71,873,757
420,8,12,4,0,1.2051333,640.8375,2.56335,0.22,0.22762145,22.2,59,935,815
421,8,13,4,0,1.9593333,602.9042,2.4116168,0.22,0.23116733,22.2,59,938,820
422,8,14,4,0,1.2831833,518.17914,2.07271656,0.22,0.22715567,21.7,59,873,807
423,8,15,4,0,1.5048,393.76666,1.57506664,0.22,0.22753982,21.7,59,757,760
424,8,16,4,0,1.4194833,245.0125,0.98005,0.54,0.2353529,22.2,55,571,658
425,8,17,4,0,2.74255,95.6875,0.38275,0.54,0.23584671,21.7,57,364,404
426,8,18,4,0,3.5656834,9.691667,0.038766668,0.54,0.23274596,20.6,63,164,139
427,8,19,4,0,2.24505,0,0,0.54,0.23304069,19.4,70,3,31
428,8,20,4,0,1.5835667,0,0,0.54,0.23109768,19.4,73,0,0
429,8,21,4,0,2.4468,0,0,0.22,0.21602564,19.4,70,0,0
430,8,22,4,0,2.7991834,0,0,0.22,0.20194961,19.4,73,0,0
431,8,23,4,0,0.60221666,0,0,0.22,0.19448805,19.4,76,0,0
432,8,24,4,0,0.6009167,0,0,0.22,0.18639214,17.2,87,0,0
433,8,1,5,0,0.74805,0,0,0.22,0.17346375,18.9,75,0,0
434,8,2,5,0,0.77003336,0,0,0.22,0.16874586,18.3,78,0,0
435,8,3,5,0,0.35418335,0,0,0.22,0.165598,18.3,76,0,0
436,8,4,5,0,0.56755,0,0,0.22,0.16467601,17.8,78,0,0
437,8,5,5,0,0.50423336,0,0,0.22,0.16682853,17.8,78,0,0
438,8,6,5,0,0.29386666,18.566668,0.074266672,0.22,0.16927247,17.8,87,8,67
439,8,7,5,0,0.60535836,167.975,0.6719,0.22,0.16670689,18.9,81,161,389
440,8,8,5,0,1.2200333,335.74167,1.34296668,0.22,0.17726123,20,76,368,565
441,8,9,5,0,1.797,477.96667,1.91186668,0.22,0.19046624,21.7,70,564,647
442,8,10,5,0,2.19395,579.00836,2.31603344,0.22,0.19757639,20.6,73,737,703
443,8,11,5,0,1.1461667,633.7833,2.5351332,0.22,0.20541558,21.7,70,873,792
444,8,12,5,0,1.3589166,642.1875,2.56875,0.22,0.21245,21.1,71,935,815
445,8,13,5,0,0.5636167,606.55414,2.42621656,0.22,0.21967605,21.7,68,938,820
446,8,14,5,0,1.8404,524.79584,2.09918336,0.22,0.22382922,22.2,66,867,771
447,8,15,5,0,1.4771833,397.67084,1.59068336,0.22,0.22466996,21.7,68,717,662
448,8,16,5,0,0.88411665,240.40834,0.96163336,0.54,0.22754116,21.1,73,572,664
449,8,17,5,0,0.36078334,94.5875,0.37835,0.54,0.23206244,21.1,68,392,545
450,8,18,5,0,1.95725,15.8625,0.06345,0.54,0.22989307,19.4,79,202,228
451,8,19,5,0,1.6486167,0,0,0.54,0.22057925,18.9,84,3,47
452,8,20,5,0,1.8719833,0,0,0.54,0.2123547,17.2,87,0,0
453,8,21,5,0,1.7373667,0,0,0.22,0.2057115,17.2,87,0,0
454,8,22,5,0,0.86925,0,0,0.22,0.19880463,17.8,84,0,0
455,8,23,5,0,0.7478833,0,0,0.22,0.19632304,17.8,87,0,0
456,8,24,5,0,0.65190834,0,0,0.22,0.1812672,17.8,84,0,0
457,8,1,6,0,0.24001667,0,0,0.22,0.16346043,17.2,84,0,0
458,8,2,6,0,0.48758334,0,0,0.22,0.16344269,17.2,87,0,0
459,8,3,6,0,0.47888333,0,0,0.22,0.16024277,16.7,90,0,0
460,8,4,6,0,0.2887,0,0,0.22,0.15649423,16.7,90,0,0
461,8,5,6,0,0.29898334,0,0,0.22,0.1562618,16.7,93,0,0
462,8,6,6,0,0.36536667,12.175,0.0487,0.22,0.15755376,17.2,90,5,7
463,8,7,6,0,0.41843334,127.91458,0.51165832,0.22,0.15365233,17.2,87,96,36
464,8,8,6,0,1.1278167,303.48334,1.21393336,0.22,0.15619338,17.8,87,214,51
465,8,9,6,0,1.68755,440.00833,1.76003332,0.22,0.17209268,20.6,73,238,17
466,8,10,6,0,2.1019,542.45416,2.16981664,0.22,0.18427026,19.4,79,412,83
467,8,11,6,0,1.2916,603.36664,2.41346656,0.22,0.19368331,19.4,79,511,107
468,8,12,6,0,0.85975,615.74164,2.46296656,0.22,0.20164245,20,76,584,162
469,8,13,6,0,2.1540334,576.45,2.3058,0.22,0.20912051,20,76,766,404
470,8,14,6,0,1.9318666,497.98334,1.99193336,0.22,0.21304683,20.6,75,713,413
471,8,15,6,0,1.2899166,380.02917,1.52011668,0.22,0.21532997,19.4,79,589,307
472,8,16,6,0,0.9461167,228.18333,0.91273332,0.4,0.22042516,18.9,78,331,82
473,8,17,6,0,1.9199333,99.041664,0.396166656,0.4,0.22268972,17.2,87,193,13
474,8,18,6,0,1.4724333,25.558332,0.102233328,0.4,0.22481672,17.2,90,104,0
475,8,19,6,0,1.62675,0,0,0.4,0.22483195,17.2,87,1,0
476,8,20,6,0,1.3495,0,0,0.4,0.22538827,17.2,87,0,0
477,8,21,6,0,1.8837334,0,0,0.22,0.21652016,17.2,87,0,0
478,8,22,6,0,1.0302,0,0,0.22,0.20304233,17.2,87,0,0
479,8,23,6,0,1.1324667,0,0,0.22,0.18962395,17.2,87,0,0
480,8,24,6,0,0.67518336,0,0,0.22,0.17017591,17.8,84,0,0
481,8,1,7,0,0.54145,0,0,0.22,0.16033652,17.8,84,0,0
482,8,2,7,0,0.4994,0,0,0.22,0.15772194,17.2,87,0,0
483,8,3,7,0,0.45118332,0,0,0.22,0.15694922,17.2,90,0,0
484,8,4,7,0,0.26661667,0,0,0.22,0.15609089,17.2,90,0,0
485,8,5,7,0,0.24666667,0,0,0.22,0.16041894,17.2,90,0,0
486,8,6,7,0,0.20818333,14.816667,0.059266668,0.22,0.16736132,17.2,90,2,0
487,8,7,7,0,0.4395,134.55833,0.53823332,0.22,0.17729597,18.3,84,60,0
488,8,8,7,0,1.0402167,278.18332,1.11273328,0.22,0.18999735,19.4,79,144,6
489,8,9,7,0,1.4934334,389.925,1.5597,0.22,0.20736493,20.6,73,336,93
490,8,10,7,0,2.1636667,557.01666,2.22806664,0.22,0.217713,20,78,506,195
491,8,11,7,0,1.57795,417.25418,1.66901672,0.22,0.22372174,20,76,540,143
492,8,12,7,0,0.057866774,279.57916,1.11831664,0.22,0.23122235,20.6,73,638,228
493,8,13,7,0,1.6290333,513.93335,2.0557334,0.22,0.23819557,20.6,73,828,518
494,8,14,7,0,0.4191334,253.15834,1.01263336,0.22,0.24522802,21.1,73,739,479
495,8,15,7,0,1.10965,287.3,1.1492,0.22,0.24058734,21.7,70,617,368
496,8,16,7,0,0.7215667,234.35417,0.93741668,0.4,0.23944484,18.9,81,324,75
497,8,17,7,0,0.33115,92.57917,0.37031668,0.4,0.24128716,18.3,84,290,240
498,8,18,7,0,2.4030666,17.058332,0.068233328,0.4,0.24164122,17.8,87,126,54
499,8,19,7,0,1.4813833,0,0,0.4,0.24213316,17.2,90,1,9
500,8,20,7,0,1.3125666,0,0,0.4,0.23785499,17.8,87,0,0
501,8,21,7,0,1.7226334,0,0,0.22,0.2270297,17.2,90,0,0
502,8,22,7,0,2.5851834,0,0,0.22,0.21306464,17.8,87,0,0
503,8,23,7,0,1.7175833,0,0,0.22,0.19580601,17.8,87,0,0
504,8,24,7,0,0.96979165,0,0,0.22,0.18020812,18.9,84,0,0
505,8,1,1,0,0.26516667,0,0,0.22,0.17455468,17.8,87,0,0
506,8,2,1,0,0.25405,0,0,0.22,0.17271367,17.8,87,0,0
507,8,3,1,0,0.92995,0,0,0.22,0.16884063,17.2,87,0,0
508,8,4,1,0,0.22745,0,0,0.22,0.17013781,17.8,87,0,0
509,8,5,1,0,0.27516666,0,0,0.22,0.17543207,17.8,90,0,0
510,8,6,1,0,0.27313334,14.825,0.0593,0.22,0.18069291,18.3,90,2,0
511,8,7,1,0,0.5306,152.24583,0.60898332,0.22,0.19023214,19.4,84,67,0
512,8,8,1,0,1.1999167,316.375,1.2655,0.22,0.20002891,19.4,84,158,11
513,8,9,1,0,1.7540667,462.7625,1.85105,0.22,0.21430936,21.7,76,450,262
514,8,10,1,0,2.16955,564.3375,2.25735,0.22,0.22998254,22.8,71,649,479
515,8,11,1,0,0.99046665,621.8417,2.4873668,0.22,0.23196468,21.7,73,856,715
516,8,12,1,0,0.34486666,631.2,2.5248,0.22,0.24212317,21.7,73,930,821
517,8,13,1,0,1.1615666,599.6,2.3984,0.22,0.25039464,22.2,71,927,820
518,8,14,1,0,1.6307833,514.675,2.0587,0.22,0.25627604,22.2,71,869,807
519,8,15,1,0,1.52095,396.8125,1.58725,0.22,0.2557043,21.7,73,746,761
520,8,16,1,0,0.7482833,201.85,0.8074,0.54,0.25156593,21.7,70,583,678
521,8,17,1,0,1.6829833,85.370834,0.341483336,0.54,0.24980605,21.1,73,380,534
522,8,18,1,0,2.6288166,15.291667,0.061166668,0.54,0.25930232,20,81,186,202
523,8,19,1,0,2.1509666,0,0,0.54,0.25803325,19.4,84,0,32
524,8,20,1,0,1.5409666,0,0,0.54,0.25137052,18.9,84,0,0
525,8,21,1,0,2.53175,0,0,0.22,0.24764936,19.4,84,0,0
526,8,22,1,0,2.2747333,0,0,0.22,0.23485824,18.9,84,0,0
527,8,23,1,0,1.2464,0,0,0.22,0.21446648,18.9,90,0,0
528,8,24,1,0,0.433825,0,0,0.22,0.16545564,18.3,84,0,0
529,8,1,2,0,0.31871668,0,0,0.22,0.15216203,18.3,87,0,0
530,8,2,2,0,0.26115,0,0,0.22,0.14355169,17.8,90,0,0
531,8,3,2,0,0.28535,0,0,0.22,0.14286165,17.2,90,0,0
532,8,4,2,0,0.282,0,0,0.22,0.14357448,17.2,90,0,0
533,8,5,2,0,0.28191668,0,0,0.22,0.14594239,17.2,90,0,0
534,8,6,2,0,0.31208333,13.316667,0.053266668,0.22,0.1610116,17.2,90,4,15
535,8,7,2,0,0.54758334,150.07083,0.60028332,0.22,0.17976634,17.2,90,74,10
536,8,8,2,0,1.2115667,317.40417,1.26961668,0.22,0.19636767,18.3,84,223,79
537,8,9,2,0,1.7146667,454.59167,1.81836668,0.22,0.19294024,18.9,81,372,134
538,8,10,2,0,2.1344333,556.3875,2.22555,0.22,0.19900379,19.4,79,429,112
539,8,11,2,0,1.3829334,613.38336,2.45353344,0.22,0.20030943,19,83,833,620
540,8,12,2,0,1.2486833,623.2375,2.49295,0.22,0.2034189,20,78,894,695
541,8,13,2,0,1.1373,579.4625,2.31785,0.22,0.20828731,21.1,73,927,820
542,8,14,2,0,1.5745167,489.1625,1.95665,0.22,0.21704838,21.1,71,863,807
543,8,15,2,0,1.07365,366.30417,1.46521668,0.22,0.22218047,20.6,75,740,755
544,8,16,2,0,0.6073667,221.86667,0.88746668,0.54,0.22252545,21.1,73,577,672
545,8,17,2,0,2.2683666,89.99167,0.35996668,0.54,0.2181141,20.6,75,383,529
546,8,18,2,0,2.0982332,20.15,0.0806,0.54,0.21641642,19.4,81,193,187
547,8,19,2,0,3.1309667,0,0,0.54,0.20795259,18.9,81,0,0
548,8,20,2,0,1.25795,0,0,0.54,0.20649153,18,88,0,0
549,8,21,2,0,2.5949833,0,0,0.22,0.195764,17.8,84,0,0
550,8,22,2,0,2.7032,0,0,0.22,0.17433076,18.3,81,0,0
551,8,23,2,0,0.9827167,0,0,0.22,0.15363717,18.3,81,0,0
552,8,24,2,0,0.86485,0,0,0.22,0.1383783,19.4,81,0,0
553,8,1,3,0,0.28168333,0,0,0.22,0.1304747,18.3,81,0,0
554,8,2,3,0,1.1171334,0,0,0.22,0.12824933,18.3,81,0,0
555,8,3,3,0,0.45416668,0,0,0.22,0.12556714,18.3,84,0,0
556,8,4,3,0,0.37568334,0,0,0.22,0.12654418,18.3,87,0,0
557,8,5,3,0,0.33456665,0,0,0.22,0.12891799,18.3,87,0,0
558,8,6,3,0,0.32696667,12.204166,0.048816664,0.22,0.13378413,18.3,87,4,39
559,8,7,3,0,0.5294,144.7625,0.57905,0.22,0.14847517,18.9,87,94,61
560,8,8,3,0,1.0994,305.2375,1.22095,0.22,0.16355442,18.9,87,222,79
561,8,9,3,0,1.6428833,449.20416,1.79681664,0.22,0.17016734,18.3,87,506,454
562,8,10,3,0,2.1982334,553.4667,2.2138668,0.22,0.17915875,19.4,79,698,585
563,8,11,3,0,2.3667166,612.00836,2.44803344,0.22,0.1880875,20.6,70,867,786
564,8,12,3,0,1.45625,622.54584,2.49018336,0.22,0.19127527,21.7,68,924,821
565,8,13,3,0,0.77143335,584.81665,2.3392666,0.22,0.19956501,21.1,71,927,820
566,8,14,3,0,1.80815,501.29166,2.00516664,0.22,0.20393631,21.7,68,863,808
567,8,15,3,0,1.3868333,375.15,1.5006,0.22,0.21013579,21.1,71,741,755
568,8,16,3,0,2.4199834,226.1,0.9044,0.54,0.21277127,21.1,71,570,660
569,8,17,3,0,0.77278334,86.791664,0.347166656,0.54,0.20812888,21.7,66,358,429
570,8,18,3,0,1.8170667,15.25,0.061,0.54,0.20171595,21.1,68,121,38
571,8,19,3,0,1.8562666,0,0,0.54,0.1922492,21.1,71,0,0
572,8,20,3,0,1.1542,0,0,0.54,0.1907473,20.6,75,0,0
573,8,21,3,0,2.3029833,0,0,0.22,0.17756912,20,78,0,0
574,8,22,3,0,3.03815,0,0,0.22,0.1554076,20,78,0,0
575,8,23,3,0,0.47146666,0,0,0.22,0.13926315,19.4,84,0,0
576,8,24,3,0,1.16445,0,0,0.22,0.12572819,20,78,0,0
577,8,1,4,0,0.26416665,0,0,0.22,0.12246116,19.4,81,0,0
578,8,2,4,0,0.25963333,0,0,0.22,0.12300653,19.4,81,0,0
579,8,3,4,0,0.23415,0,0,0.22,0.12280988,20,78,0,0
580,8,4,4,0,1.10345,0,0,0.22,0.12199723,18.9,84,0,0
581,8,5,4,0,0.41746667,0,0,0.22,0.12606038,19.4,84,0,0
582,8,6,4,0,0.43186668,9.904166,0.039616664,0.22,0.1297125,19.4,87,4,50
583,8,7,4,0,0.50025,128.05833,0.51223332,0.22,0.1425291,20.6,84,146,369
584,8,8,4,0,0.99053335,282.00833,1.12803332,0.22,0.15983927,22.2,76,370,575
585,8,9,4,0,1.6109667,436.00833,1.74403332,0.22,0.1674407,23.3,69,578,670
586,8,10,4,0,2.05725,548.87915,2.1955166,0.22,0.17298684,22.8,66,687,555
587,8,11,4,0,1.2227833,601.30835,2.4052334,0.22,0.17919043,22.8,66,844,721
588,8,12,4,0,0.021533333,609.075,2.4363,0.22,0.18283571,22.8,64,924,821
589,8,13,4,0,1.0566833,571.0833,2.2843332,0.22,0.18461731,23.3,57,921,796
590,8,14,4,0,1.50155,485.61667,1.94246668,0.22,0.18848312,22.8,66,812,632
591,8,15,4,0,1.4315833,369.99582,1.47998328,0.22,0.1866499,23.3,64,735,663
592,8,16,4,0,0.85145,224.3125,0.89725,0.54,0.18166575,22.2,68,475,359
593,8,17,4,0,0.27423334,87.24167,0.34896668,0.54,0.17806819,21.1,66,369,430
594,8,18,4,0,0.49758336,17.995832,0.071983328,0.54,0.17564665,20.6,73,168,155
595,8,19,4,0,1.4308333,0,0,0.54,0.1713441,20.6,73,0,0
596,8,20,4,0,1.23275,0,0,0.54,0.17236494,20.6,75,0,0
597,8,21,4,0,2.0757833,0,0,0.22,0.16433865,20,78,0,0
598,8,22,4,0,2.63465,0,0,0.22,0.14770576,20.6,75,0,0
599,8,23,4,0,0.35013333,0,0,0.22,0.14025033,20,78,0,0
600,8,24,4,0,1.07315,0,0,0.22,0.1267311,20.6,78,0,0
601,8,1,5,0,0.29116666,0,0,0.22,0.11290501,19.4,84,0,0
602,8,2,5,0,0.29293334,0,0,0.22,0.11222248,19.4,81,0,0
603,8,3,5,0,0.25383332,0,0,0.22,0.11223427,18.9,84,0,0
604,8,4,5,0,0.32938334,0,0,0.22,0.11249726,19.4,81,0,0
605,8,5,5,0,0.32923332,0,0,0.22,0.11710897,19.4,81,0,0
606,8,6,5,0,0.31181666,1.1416667,0.0045666668,0.22,0.11995357,19.4,84,2,4
607,8,7,5,0,0.39196667,39.7875,0.15915,0.22,0.11926738,20.6,78,145,288
608,8,8,5,0,0.39946666,127.60833,0.51043332,0.22,0.12042232,22.2,71,240,113
609,8,9,5,0,0.98715,279.64584,1.11858336,0.22,0.13002145,22.2,73,330,87
610,8,10,5,0,1.8087167,531.7167,2.1268668,0.22,0.14395474,25.6,56,467,148
611,8,11,5,0,2.4317,644.1375,2.57655,0.22,0.15522094,24.4,60,649,292
612,8,12,5,0,0.8437167,651.4083,2.6056332,0.22,0.15975568,23.3,62,733,372
613,8,13,5,0,5e-05,611.05835,2.4442334,0.22,0.15851407,24.4,58,854,561
614,8,14,5,0,0.89470005,522.5958,2.0903832,0.22,0.16206087,23.3,60,587,231
615,8,15,5,0,0.2574001,397.925,1.5917,0.22,0.16454153,23.3,62,654,510
616,8,16,5,0,0.8847167,243.4,0.9736,0.54,0.1667069,22.2,71,446,296
617,8,17,5,0,0.29308334,89.3125,0.35725,0.54,0.16490646,21.1,78,335,425
618,8,18,5,0,0.15110004,10.604167,0.042416668,0.54,0.16672051,23.3,64,154,109
619,8,19,5,0,0.3395167,0,0,0.54,0.16270733,22.8,66,0,0
620,8,20,5,0,0.74695,0,0,0.54,0.16821206,21.7,76,0,0
621,8,21,5,0,1.0259167,0,0,0.22,0.16577187,21.7,73,0,0
622,8,22,5,0,1.0504667,0,0,0.22,0.14581016,20.6,81,0,0
623,8,23,5,0,0.44265,0,0,0.22,0.13858277,20.6,81,0,0
624,8,24,5,0,0.366225,0,0,0.22,0.119238645,18.3,84,0,0
625,8,1,6,0,0.30465,0,0,0.22,0.10592147,20.6,78,0,0
626,8,2,6,0,0.28868333,0,0,0.22,0.10393371,21.1,76,0,0
627,8,3,6,0,0.34046668,0,0,0.22,0.10275838,20.6,78,0,0
628,8,4,6,0,0.3039,0,0,0.22,0.1037064,20.6,81,0,0
629,8,5,6,0,0.30628332,0,0,0.22,0.102927074,20,84,0,0
630,8,6,6,0,0.26533332,0,0,0.22,0.10879468,20,84,2,28
631,8,7,6,0,0.41838333,14.183333,0.056733332,0.22,0.11544557,20.6,84,141,327
632,8,8,6,0,0.68836665,138.64166,0.55456664,0.22,0.11807388,21.1,81,281,225
633,8,9,6,0,1.6389166,421.58334,1.68633336,0.22,0.12598336,20.6,81,541,547
634,8,10,6,0,2.21165,566.1583,2.2646332,0.22,0.13941324,21.7,76,719,709
635,8,11,6,0,1.8733833,628.75415,2.5150166,0.22,0.14960563,21.7,73,838,739
636,8,12,6,0,0,632.0208,2.5280832,0.22,0.15632375,21.7,73,906,779
637,8,13,6,0,0.9151667,590.85834,2.36343336,0.22,0.15977418,22.8,66,916,820
638,8,14,6,0,0.6221667,499.85,1.9994,0.22,0.15917177,22.2,71,851,802
639,8,15,6,0,1.4817333,372.3,1.4892,0.22,0.16258298,21.7,70,729,750
640,8,16,6,0,1.0355,222.50417,0.89001668,0.4,0.16317126,21.1,71,559,668
641,8,17,6,0,0.26696667,85.90833,0.34363332,0.4,0.16494745,20.6,75,365,514
642,8,18,6,0,1.0859,15.504167,0.062016668,0.4,0.16908333,20,76,186,152
643,8,19,6,0,0.94165,0,0,0.4,0.16928911,18.9,81,0,0
644,8,20,6,0,1.38585,0,0,0.4,0.16647808,18.9,81,0,0
645,8,21,6,0,0.8466667,0,0,0.22,0.1617807,18.3,84,0,0
646,8,22,6,0,1.12065,0,0,0.22,0.14061199,18.3,84,0,0
647,8,23,6,0,0.7489667,0,0,0.22,0.13272463,18.3,87,0,0
648,8,24,6,0,0.6120333,0,0,0.22,0.119613975,19,83,0,0
649,8,1,7,0,0.5928,0,0,0.22,0.111507714,18.3,84,0,0
650,8,2,7,0,0.35125,0,0,0.22,0.11300204,18.3,87,0,0
651,8,3,7,0,0.36635,0,0,0.22,0.113491826,18,88,0,0
652,8,4,7,0,0.4111,0,0,0.22,0.1197398,17.8,87,0,0
653,8,5,7,0,0.41,0,0,0.22,0.124483295,18,88,0,0
654,8,6,7,0,0.37568334,10.970834,0.043883336,0.22,0.13281311,17.8,90,2,25
655,8,7,7,0,0.52351665,150.09166,0.60036664,0.22,0.14699508,17.8,93,85,55
656,8,8,7,0,1.1631167,320.60416,1.28241664,0.22,0.1588996,18.3,90,216,62
657,8,9,7,0,1.8067167,464.45,1.8578,0.22,0.16418958,20.6,78,325,81
658,8,10,7,0,2.1450834,565.75415,2.2630166,0.22,0.17599991,20,81,401,77
659,8,11,7,0,2.08165,614.1583,2.4566332,0.22,0.17860575,20,78,477,89
660,8,12,7,0,0.47291666,623.45416,2.49381664,0.22,0.17833672,19,78,388,36
661,8,13,7,0,1.7162167,581.5,2.326,0.22,0.1822783,20,78,483,78
662,8,14,7,0,1.0976833,497.85416,1.99141664,0.22,0.1808716,20,76,768,535
663,8,15,7,0,1.2512667,372.37918,1.48951672,0.22,0.18101478,20.6,70,723,695
664,8,16,7,0,1.0070666,221.02083,0.88408332,0.4,0.18128003,20.6,70,560,662
665,8,17,7,0,2.8993165,81.34167,0.32536668,0.4,0.18141524,21.1,63,358,508
666,8,18,7,0,3.2460666,12.579166,0.050316664,0.4,0.18173088,20.6,70,172,145
667,8,19,7,0,1.50575,0,0,0.4,0.18017624,19.4,81,0,0
668,8,20,7,0,1.5627,0,0,0.4,0.18315384,19.4,81,0,0
669,8,21,7,0,2.0699832,0,0,0.22,0.17197762,18.9,81,0,0
670,8,22,7,0,2.7542,0,0,0.22,0.14873075,19.4,81,0,0
671,8,23,7,0,0.31026667,0,0,0.22,0.13817714,19.4,84,0,0
672,8,24,7,0,0.8023583,0,0,0.22,0.12089709,17.8,87,0,0
673,8,1,1,0,0.3106,0,0,0.22,0.1167798,18.3,87,0,0
674,8,2,1,0,0.2817,0,0,0.22,0.11440358,18.3,87,0,0
675,8,3,1,0,0.6324,0,0,0.22,0.1143159,18.3,87,0,0
676,8,4,1,0,0.45403334,0,0,0.22,0.11524548,17.8,87,0,0
677,8,5,1,0,0.2673,0,0,0.22,0.122566365,17.8,87,0,0
678,8,6,1,0,0.247,11.929167,0.047716668,0.22,0.12656467,17.8,87,2,42
679,8,7,1,0,0.7916167,151.44167,0.60576668,0.22,0.13938518,18.3,87,153,411
680,8,8,1,0,1.2687833,320.07083,1.28028332,0.22,0.14916779,19.4,81,345,478
681,8,9,1,0,1.6766334,462.5,1.85,0.22,0.16383786,21.1,73,397,210
682,8,10,1,0,2.1004333,556.69586,2.22678344,0.22,0.17135067,21.1,71,708,614
683,8,11,1,0,2.3176668,607.3125,2.42925,0.22,0.17394735,21.7,70,838,715
684,8,12,1,0,1.4186833,610.4708,2.4418832,0.22,0.17379966,21.1,71,829,599
685,8,13,1,0,1.3925,572.50415,2.2900166,0.22,0.17420681,21.7,70,836,585
686,8,14,1,0,1.2339333,488.4,1.9536,0.22,0.17692484,21.1,73,743,516
687,8,15,1,0,1.3131666,364.14584,1.45658336,0.22,0.1723805,21,73,471,172
688,8,16,1,0,1.2487125,211.13126,0.84452504,0.54,0.17244105,19.4,81,255,25
689,8,17,1,0,3.3759,80.21667,0.32086668,0.54,0.17228259,18.9,81,185,14
690,8,18,1,0,3.2154667,13.525,0.0541,0.54,0.17350604,17.8,87,104,0
691,8,19,1,0,1.8575166,0,0,0.54,0.17031686,17.2,90,0,0
692,8,20,1,0,1.7500167,0,0,0.54,0.16898972,17,88,0,0
693,8,21,1,0,2.0135834,0,0,0.22,0.15944085,17.2,90,0,0
694,8,22,1,0,1.6201167,0,0,0.22,0.13624564,17.2,90,0,0
695,8,23,1,0,0.90351665,0,0,0.22,0.13383834,17.2,90,0,0
696,8,24,1,0,0.6171917,0,0,0.22,0.11440394,18.3,84,0,0
697,8,1,2,0,0.5527,0,0,0.22,0.103217274,18.3,84,0,0
698,8,2,2,0,0.53683335,0,0,0.22,0.10115887,18.3,84,0,0
699,8,3,2,0,0.49328333,0,0,0.22,0.10134187,18.9,81,0,0
700,8,4,2,0,0.4712,0,0,0.22,0.10545037,18.9,84,0,0
701,8,5,2,0,0.2465,0,0,0.22,0.114344545,18.9,81,0,0
702,8,6,2,0,0.4855,11.0125,0.04405,0.22,0.12258973,18.9,81,1,11
703,8,7,2,0,1.2312833,149.09584,0.59638336,0.22,0.14028229,19.4,79,108,115
704,8,8,2,0,1.2101333,317.16666,1.26866664,0.22,0.15117969,20.6,73,211,84
705,8,9,2,0,1.8778334,458.01666,1.83206664,0.22,0.16518162,20,78,484,384
706,8,10,2,0,2.1962,554.50836,2.21803344,0.22,0.1711667,21.1,73,730,727
707,8,11,2,0,2.3738666,605.4583,2.4218332,0.22,0.17390637,21.7,68,856,810
708,8,12,2,0,1.3599334,615.36664,2.46146656,0.22,0.17016913,21.7,70,913,821
709,8,13,2,0,1.6305667,576.30835,2.3052334,0.22,0.17084423,21.7,70,910,820
710,8,14,2,0,1.9479,491.19583,1.96478332,0.22,0.1703418,21.7,70,840,802
711,8,15,2,0,1.5261333,363.49582,1.45398328,0.22,0.16880803,21.1,73,718,726
712,8,16,2,0,3.3780832,213.04167,0.85216668,0.54,0.17503925,20.6,75,526,549
713,8,17,2,0,3.3937,75.583336,0.302333344,0.54,0.17774278,20,78,289,286
714,8,18,2,0,2.0792167,14.9375,0.05975,0.54,0.18002838,19.4,81,139,98
715,8,19,2,0,1.7501167,0,0,0.54,0.17817567,18.9,84,0,0
716,8,20,2,0,1.1686667,0,0,0.54,0.18099675,18.9,84,0,0
717,8,21,2,0,1.6094167,0,0,0.22,0.1661879,18.9,84,0,0
718,8,22,2,0,1.6871667,0,0,0.22,0.14009285,18.9,84,0,0
719,8,23,2,0,1.3183167,0,0,0.22,0.118057325,18.3,84,0,0
720,8,24,2,0,1.4234667,0,0,0.22,0.11597195,18.9,81,0,0
721,8,1,3,0,0.57355,0,0,0.22,0.11320531,17.8,84,0,0
722,8,2,3,0,0.54020834,0,0,0.22,0.113149025,17.2,90,0,0
723,8,3,3,0,0.5226833,0,0,0.22,0.11452624,18.3,84,0,0
724,8,4,3,0,0.27291667,0,0,0.22,0.11534164,18.3,81,0,0
725,8,5,3,0,0.69331664,0,0,0.22,0.11861765,18.3,81,0,0
726,8,6,3,0,0.56175,11.745833,0.046983332,0.22,0.12737493,18.9,78,1,17
727,8,7,3,0,0.8199667,152.14583,0.60858332,0.22,0.13969183,18.9,78,124,289
728,8,8,3,0,1.3496,316.85,1.2674,0.22,0.15020037,20,73,321,427
729,8,9,3,0,1.6552833,460.125,1.8405,0.22,0.1647189,21.7,66,530,559
730,8,10,3,0,2.0759666,552.8125,2.21125,0.22,0.1718032,23.9,57,735,768
731,8,11,3,0,2.3704,602.65,2.4106,0.22,0.1735232,22.8,66,850,810
732,8,12,3,0,2.3107667,617.9125,2.47165,0.22,0.17051996,22.2,68,913,821
733,8,13,3,0,1.8324,568.12915,2.2725166,0.22,0.17624588,22.2,68,905,820
734,8,14,3,0,1.5917166,491.47916,1.96591664,0.22,0.18110342,22.2,68,841,802
735,8,15,3,0,1.12015,370.2875,1.48115,0.22,0.18067192,21.7,73,719,751
736,8,16,3,0,2.576,216.95416,0.86781664,0.54,0.18070859,21.7,73,549,695
737,8,17,3,0,3.4183834,74.433334,0.297733336,0.54,0.17723328,21.1,76,347,540
738,8,18,3,0,3.5828333,5.670833,0.022683332,0.54,0.17600298,20.6,78,149,68
739,8,19,3,0,3.5360167,0,0,0.54,0.17424631,20,81,0,0
740,8,20,3,0,1.4655,0,0,0.54,0.17408164,19.4,84,0,0
741,8,21,3,0,2.28695,0,0,0.22,0.15924305,19.4,84,0,0
742,8,22,3,0,1.7483,0,0,0.22,0.1431383,19.2,84,0,0
743,8,23,3,0,1.2025167,0,0,0.22,0.12702575,19.1,81,0,0
744,8,24,3,0,0.837325,0,0,0.22,0.111218736,18.9,87,0,0
745,9,1,4,0,0.5682,0,0,0.22,0.10891221,18.8,87,0,0
746,9,2,4,0,0.25741667,0,0,0.22,0.10462551,18.6,87,0,0
747,9,3,4,0,0.46178332,0,0,0.22,0.10465855,18.5,90,0,0
748,9,4,4,0,0.21335,0,0,0.22,0.10381983,18.3,87,0,0
749,9,5,4,0,0.20998333,0,0,0.22,0.11320456,18.3,87,0,0
750,9,6,4,0,0.22856666,10.5125,0.04205,0.22,0.11701905,18.3,90,10,0
751,9,7,4,0,0.5966833,151.54584,0.60618336,0.22,0.123191066,19.4,87,58,1
752,9,8,4,0,1.15535,321.8375,1.28735,0.22,0.12673353,20,84,130,8
753,9,9,4,0,1.63815,463.76666,1.85506664,0.22,0.1254391,20.6,81,246,4
754,9,10,4,0,1.9656667,561.36664,2.24546656,0.22,0.12801646,21.7,76,417,137
755,9,11,4,0,2.3598833,613.5833,2.4543332,0.22,0.13131739,23.3,71,807,746
756,9,12,4,0,2.2418168,624.1583,2.4966332,0.22,0.13332033,24.4,66,780,676
757,9,13,4,0,2.0512834,583.55414,2.33421656,0.22,0.13437599,23.9,66,906,810
758,9,14,4,0,1.8122667,499.45834,1.99783336,0.22,0.1346029,23.3,66,836,796
759,9,15,4,0,1.2819667,368.75,1.475,0.22,0.13851318,22.8,69,699,752
760,9,16,4,0,1.16575,214.94167,0.85976668,0.54,0.13750933,22.2,71,512,672
761,9,17,4,0,3.4443166,73.17083,0.29268332,0.54,0.14295812,21.7,71,296,531
762,9,18,4,0,2.5639334,6.5833335,0.026333334,0.54,0.140306,21.1,71,95,246
763,9,19,4,0,1.0963334,0,0,0.54,0.14221871,20,76,9,4
764,9,20,4,0,1.2602333,0,0,0.54,0.14368531,19.4,81,0,0
765,9,21,4,0,1.7115,0,0,0.22,0.13228025,19.4,84,0,0
766,9,22,4,0,0.9684833,0,0,0.22,0.12666585,19.4,84,0,0
767,9,23,4,0,1.0217834,0,0,0.22,0.12686041,18.9,87,0,0
768,9,24,4,0,0.6817833,0,0,0.22,0.10751953,18.3,90,0,0
769,9,1,5,0,0.23895,0,0,0.22,0.10182658,18.3,87,0,0
770,9,2,5,0,0.26463333,0,0,0.22,0.09719522,18.3,90,0,0
771,9,3,5,0,0.3511,0,0,0.22,0.095567055,18.3,90,0,0
772,9,4,5,0,0.310975,0,0,0.22,0.09631727,18.3,90,0,0
773,9,5,5,0,0.27231666,0,0,0.22,0.10253661,18.3,90,0,0
774,9,6,5,0,0.26573333,3.425,0.0137,0.22,0.103236355,18.3,97,11,4
775,9,7,5,0,0.4763,133.22917,0.53291668,0.22,0.10350221,19.4,93,79,68
776,9,8,5,0,0.6799,197.35417,0.78941668,0.22,0.10655903,19.4,90,338,482
777,9,9,5,0,1.8609834,474.48334,1.89793336,0.22,0.10667561,21.1,90,377,313
778,9,10,5,0,2.4031832,605.0917,2.4203668,0.22,0.10741434,22.2,79,671,670
779,9,11,5,0,1.2066,658.525,2.6341,0.22,0.11016942,22.2,79,858,849
780,9,12,5,0,0.0501,666.37085,2.6654834,0.22,0.1150388,22.8,74,911,859
781,9,13,5,0,1.33755,620.7083,2.4828332,0.22,0.114863686,22.8,74,907,860
782,9,14,5,0,1.3919333,534.06665,2.1362666,0.22,0.11261443,22.8,74,841,853
783,9,15,5,0,1.4726334,404.99167,1.61996668,0.22,0.114800595,22.2,76,707,816
784,9,16,5,0,0.9015,241.89583,0.96758332,0.54,0.11964516,22.2,73,524,751
785,9,17,5,0,2.1375334,81.3625,0.32545,0.54,0.12279482,21.1,79,295,558
786,9,18,5,0,2.3928332,5.5,0.022,0.54,0.12714611,20,81,72,104
787,9,19,5,0,1.7101834,0,0,0.54,0.12738532,20,81,6,2
788,9,20,5,0,1.6940334,0,0,0.54,0.12633087,19.4,87,0,0
789,9,21,5,0,0.6092167,0,0,0.22,0.124194436,19.4,87,0,0
790,9,22,5,0,0.5294833,0,0,0.22,0.118959196,18.9,90,0,0
791,9,23,5,0,0.68,0,0,0.22,0.11710316,18.3,90,0,0
792,9,24,5,0,0.5678833,0,0,0.22,0.10453373,18.3,97,0,0
793,9,1,6,0,0.32543334,0,0,0.22,0.10228877,18.3,90,0,0
794,9,2,6,0,0.31746668,0,0,0.22,0.09839461,18.3,90,0,0
795,9,3,6,0,0.31341666,0,0,0.22,0.09433453,18.3,93,0,0
796,9,4,6,0,0.319625,0,0,0.22,0.091333166,18.3,90,0,0
797,9,5,6,0,0.30335,0,0,0.22,0.09872761,18.3,90,0,0
798,9,6,6,0,0.32625,0,0,0.22,0.10282858,18.3,93,16,0
799,9,7,6,0,0.38015,22.966667,0.091866668,0.22,0.1004952,18.3,93,78,20
800,9,8,6,0,0.31978333,88.53333,0.35413332,0.22,0.10500902,18.3,97,165,6
801,9,9,6,0,1.03155,290.32083,1.16128332,0.22,0.11319632,20,90,358,73
802,9,10,6,0,2.1516166,595.0417,2.3801668,0.22,0.11294073,21.7,84,479,171
803,9,11,6,0,2.4734833,665.80835,2.6632334,0.22,0.11756735,21.7,81,810,665
804,9,12,6,0,1.7661166,667.67914,2.67071656,0.22,0.12144838,21.1,84,904,763
805,9,13,6,0,0.98366666,625.82916,2.50331664,0.22,0.12024533,21.7,79,896,716
806,9,14,6,0,1.8169167,528.6875,2.11475,0.22,0.12533367,20.6,81,297,4
807,9,15,6,0,1.4889,397.34167,1.58936668,0.22,0.12754467,20.6,81,261,25
808,9,16,6,0,0.96363336,233.9,0.9356,0.4,0.12814593,20,87,272,9
809,9,17,6,0,1.2337667,78.67917,0.31471668,0.4,0.13254106,19.4,84,140,8
810,9,18,6,0,1.6972667,7.5666666,0.0302666664,0.4,0.13373902,18.3,90,58,1
811,9,19,6,0,0.93615,0,0,0.4,0.13611974,18.3,90,4,0
812,9,20,6,0,0.5968133,0,0,0.4,0.13595206,18.3,93,0,0
813,9,21,6,0,1.3903167,0,0,0.22,0.13308878,18.3,93,0,0
814,9,22,6,0,0.83765,0,0,0.22,0.124064654,18.3,97,0,0
815,9,23,6,0,0.44531667,0,0,0.22,0.116240494,18.3,93,0,0
816,9,24,6,0,0.28979167,0,0,0.22,0.1064009,17.8,97,0,0
817,9,1,7,0,0.29325,0,0,0.22,0.10265111,18.3,97,0,0
818,9,2,7,0,0.28845,0,0,0.22,0.10226192,18.3,97,0,0
819,9,3,7,0,0.27958333,0,0,0.22,0.09581479,18.3,97,0,0
820,9,4,7,0,0.3313,0,0,0.22,0.09582631,18.3,93,0,0
821,9,5,7,0,0.32228333,0,0,0.22,0.10028498,17.8,97,0,0
822,9,6,7,0,0.28403333,0,0,0.22,0.10729808,17.8,97,10,0
823,9,7,7,0,0.36123332,71.04583,0.28418332,0.22,0.11279136,17.8,97,86,1
824,9,8,7,0,0.79185,206.8125,0.82725,0.22,0.1157742,18.3,97,189,87
825,9,9,7,0,1.1792333,339.7,1.3588,0.22,0.11905637,21.7,87,318,207
826,9,10,7,0,1.34795,366.72916,1.46691664,0.22,0.1217866,22.8,79,701,709
827,9,11,7,0,1.6448667,452.4875,1.80995,0.22,0.12721898,22.8,79,820,733
828,9,12,7,0,1.9228667,624.32086,2.49728344,0.22,0.13581486,22.8,79,896,837
829,9,13,7,0,0.7197,612.93335,2.4517334,0.22,0.14064342,22.8,76,907,874
830,9,14,7,0,1.0257167,520.5,2.082,0.22,0.14477766,22.8,76,817,838
831,9,15,7,0,1.4610833,384.55,1.5382,0.22,0.14794824,22.2,79,700,823
832,9,16,7,0,0.8329,224.36667,0.89746668,0.4,0.15123338,22.2,79,515,755
833,9,17,7,0,0.23816666,78.17917,0.31271668,0.4,0.15812843,22.2,79,299,626
834,9,18,7,0,0.6237167,8.908334,0.035633336,0.4,0.15894215,20.6,84,94,337
835,9,19,7,0,1.0070666,0,0,0.4,0.15792769,19.4,87,6,9
836,9,20,7,0,0.9957,0,0,0.4,0.16217186,19.4,90,0,0
837,9,21,7,0,0.92256665,0,0,0.22,0.14963366,18.9,93,0,0
838,9,22,7,0,0.4125,0,0,0.22,0.13439642,18.3,93,0,0
839,9,23,7,0,0.4556,0,0,0.22,0.1271761,17.8,97,0,0
840,9,24,7,0,0.3653,0,0,0.22,0.12494041,19.4,93,0,0
841,9,1,1,0,0.65893334,0,0,0.22,0.12000551,17.2,100,0,0
842,9,2,1,0,0.27985,0,0,0.22,0.119883195,17.2,100,0,0
843,9,3,1,0,0.24675,0,0,0.22,0.120018385,17.2,100,0,0
844,9,4,1,0,0.29796666,0,0,0.22,0.124429666,17.2,100,0,0
845,9,5,1,0,0.32898334,0,0,0.22,0.12954973,17.2,97,0,0
846,9,6,1,0,0.2952,0,0,0.22,0.14151442,17.2,100,11,0
847,9,7,1,0,0.28961667,29.6875,0.11875,0.22,0.1574396,17.2,100,50,7
848,9,8,1,0,0.33556667,107.49167,0.42996668,0.22,0.17303784,17.8,100,174,52
849,9,9,1,0,0.7047,206.55,0.8262,0.22,0.18483894,18.9,100,376,174
850,9,10,1,0,1.9872167,513.74585,2.0549834,0.22,0.18375061,20.6,97,487,402
851,9,11,1,0,2.2511168,601.0208,2.4040832,0.22,0.19441792,21.1,87,834,730
852,9,12,1,0,1.5398834,649.95,2.5998,0.22,0.19433092,21.1,84,859,781
853,9,13,1,0,0.68623334,602.67084,2.41068336,0.22,0.19815636,22.2,82,891,827
854,9,14,1,0,1.8436667,510.6125,2.04245,0.22,0.20199677,22.2,79,817,809
855,9,15,1,0,1.40555,377.09583,1.50838332,0.22,0.20580155,22.8,76,686,773
856,9,16,1,0,0.83951664,219.68333,0.87873332,0.54,0.21023484,22.8,76,500,698
857,9,17,1,0,1.14385,74.995834,0.299983336,0.54,0.21178105,22.2,79,284,556
858,9,18,1,0,1.8122,9.420834,0.037683336,0.54,0.20689659,21.1,81,84,251
859,9,19,1,0,1.51365,0,0,0.54,0.20490459,20,87,5,3
860,9,20,1,0,1.59525,0,0,0.54,0.20519446,20,87,0,0
861,9,21,1,0,0.74658334,0,0,0.22,0.1903943,20,90,0,0
862,9,22,1,0,1.0532167,0,0,0.22,0.17303313,19.4,93,0,0
863,9,23,1,0,0.6281667,0,0,0.22,0.16271944,19.4,93,0,0
864,9,24,1,0,0.40068334,0,0,0.22,0.14761207,21.1,79,0,0
865,9,1,2,0,0.38603333,0,0,0.22,0.14505298,18.3,97,0,0
866,9,2,2,0,0.3797,0,0,0.22,0.14314422,17.8,97,0,0
867,9,3,2,0,0.3797,0,0,0.22,0.1431196,17.8,100,0,0
868,9,4,2,0,0.40070334,0,0,0.22,0.14155522,17.8,100,0,0
869,9,5,2,0,0.40758333,0,0,0.22,0.14034237,17.8,100,0,0
870,9,6,2,0,0.37726668,8.283334,0.033133336,0.22,0.15081571,17.8,100,8,0
871,9,7,2,0,0.60283333,154.30833,0.61723332,0.22,0.16344447,17.2,100,70,45
872,9,8,2,0,1.1541667,318.57916,1.27431664,0.22,0.17113414,19.4,97,357,669
873,9,9,2,0,1.8210666,483.275,1.9331,0.22,0.17903692,22.2,90,556,788
874,9,10,2,0,2.2446334,589.0625,2.35625,0.22,0.19080226,22.2,82,732,849
875,9,11,2,0,0.5329667,639.74585,2.5589834,0.22,0.19369906,23.3,76,850,877
876,9,12,2,0,0.90856665,641.325,2.5653,0.22,0.20025891,24.4,71,915,897
877,9,13,2,0,0.06745,595.7625,2.38305,0.22,0.19911726,24.4,71,901,890
878,9,14,2,0,1.3285333,504.4625,2.01785,0.22,0.1991172,25,69,834,883
879,9,15,2,0,0.78550005,371.99582,1.48798328,0.22,0.19828133,24.4,69,696,846
880,9,16,2,0,0.8108,215.57916,0.86231664,0.54,0.19775237,23.9,71,511,781
881,9,17,2,0,1.13825,71.308334,0.285233336,0.54,0.19314043,22.8,76,295,655
882,9,18,2,0,1.2527167,7.8166666,0.0312666664,0.54,0.193412,21.7,79,90,361
883,9,19,2,0,1.5743667,0,0,0.54,0.19534704,20.6,84,6,12
884,9,20,2,0,1.2128834,0,0,0.54,0.19116762,20.6,81,0,0
885,9,21,2,0,0.84896666,0,0,0.22,0.17699078,20.6,76,0,0
886,9,22,2,0,1.0656333,0,0,0.22,0.1699259,21.1,73,0,0
887,9,23,2,0,1.2146667,0,0,0.22,0.15726475,21.1,76,0,0
888,9,24,2,0,0.25945833,0,0,0.22,0.1375037,19.4,87,0,0
889,9,1,3,0,0.24906667,0,0,0.22,0.12633662,20.6,84,0,0
890,9,2,3,0,0.25678334,0,0,0.22,0.12266971,20,81,0,0
891,9,3,3,0,0.25383332,0,0,0.22,0.12393756,20,87,0,0
892,9,4,3,0,0.24908334,0,0,0.22,0.13050567,20,90,0,0
893,9,5,3,0,0.27038333,0,0,0.22,0.13386562,20,87,0,0
894,9,6,3,0,0.26373333,7.8416667,0.0313666668,0.22,0.14579111,20,90,17,36
895,9,7,3,0,0.5775167,155.225,0.6209,0.22,0.15598299,21.7,90,132,427
896,9,8,3,0,1.2535666,334.25,1.337,0.22,0.15718992,22.8,84,346,668
897,9,9,3,0,1.8355666,483.35416,1.93341664,0.22,0.1661342,24.4,76,556,778
898,9,10,3,0,2.3123834,580.5292,2.3221168,0.22,0.16652744,24.4,74,731,839
899,9,11,3,0,0.9058833,632.29584,2.52918336,0.22,0.16824463,24.4,71,852,870
900,9,12,3,0,0.9665167,634.14166,2.53656664,0.22,0.16198835,25.6,64,912,885
901,9,13,3,0,1.4726833,590.74585,2.3629834,0.22,0.1610398,25,62,905,886
902,9,14,3,0,0.62308335,504.325,2.0173,0.22,0.16627508,24.4,64,829,868
903,9,15,3,0,1.3819833,374.4875,1.49795,0.22,0.1703021,24.4,69,691,828
904,9,16,3,0,0.92345,216.13333,0.86453332,0.54,0.16905716,23.9,71,504,759
905,9,17,3,0,2.6639833,69.020836,0.276083344,0.54,0.1646954,22.8,76,287,625
906,9,18,3,0,2.3059165,4.2791667,0.0171166668,0.54,0.1653603,21.7,76,83,318
907,9,19,3,0,1.6005334,0,0,0.54,0.1668908,20.6,81,5,6
908,9,20,3,0,1.16665,0,0,0.54,0.16752951,20.6,81,0,0
909,9,21,3,0,0.54496664,0,0,0.22,0.14939101,20.6,81,0,0
910,9,22,3,0,1.2388,0,0,0.22,0.1518755,20,84,0,0
911,9,23,3,0,0.5249556,0,0,0.22,0.13781427,20,87,0,0
912,9,24,3,0,0.29763332,0,0,0.22,0.11982391,18.9,90,0,0
913,9,1,4,0,0.25583333,0,0,0.22,0.11463126,19.4,90,0,0
914,9,2,4,0,0.26318333,0,0,0.22,0.11369614,19.4,93,0,0
915,9,3,4,0,0.2577,0,0,0.22,0.11561105,19.4,90,0,0
916,9,4,4,0,0.25878334,0,0,0.22,0.114202194,19.4,90,0,0
917,9,5,4,0,0.26086667,0,0,0.22,0.11984053,18.9,93,0,0
918,9,6,4,0,0.30143332,0,0,0.22,0.12592842,18.9,93,17,39
919,9,7,4,0,0.41481668,87.40417,0.34961668,0.22,0.13719033,20,93,132,443
920,9,8,4,0,0.4732,314.5875,1.25835,0.22,0.1437454,22.2,87,345,680
921,9,9,4,0,0.58356667,464.725,1.8589,0.22,0.15751731,23.9,79,556,789
922,9,10,4,0,2.2421834,564.82086,2.25928344,0.22,0.16618043,24.4,71,731,848
923,9,11,4,0,2.5982332,614.875,2.4595,0.22,0.1639986,24.4,69,854,881
924,9,12,4,0,2.7919834,620.375,2.4815,0.22,0.16158904,23.9,71,910,892
925,9,13,4,0,1.57305,577.57086,2.31028344,0.22,0.16819832,23.9,71,901,891
926,9,14,4,0,1.2354167,488.73334,1.95493336,0.22,0.16492957,23.9,64,827,876
927,9,15,4,0,1.8251667,357.475,1.4299,0.22,0.16620843,22.8,74,688,837
928,9,16,4,0,2.7228334,204.04167,0.81616668,0.54,0.16942608,22.8,76,501,769
929,9,17,4,0,3.1507666,65.604164,0.262416656,0.54,0.16855267,22.2,76,285,637
930,9,18,4,0,2.2975833,6.55,0.0262,0.54,0.17087954,20.6,79,81,326
931,9,19,4,0,0.44705003,0,0,0.54,0.16877589,19.4,81,3,6
932,9,20,4,0,0.20553336,0,0,0.54,0.16799296,18.9,90,0,0
933,9,21,4,0,0.52536666,0,0,0.22,0.15629084,18.9,93,0,0
934,9,22,4,0,1.3769833,0,0,0.22,0.14051321,18.9,93,0,0
935,9,23,4,0,0.413,0,0,0.22,0.12730816,18.9,90,0,0
936,9,24,4,0,0.28600833,0,0,0.22,0.11331328,17.8,93,0,0
937,9,1,5,0,0.33826667,0,0,0.22,0.11107829,18.9,90,0,0
938,9,2,5,0,0.3805,0,0,0.22,0.11246707,18.3,93,0,0
939,9,3,5,0,0.31663334,0,0,0.22,0.11011995,17.2,93,0,0
940,9,4,5,0,0.31496668,0,0,0.22,0.10719514,17.2,97,0,0
941,9,5,5,0,0.29293334,0,0,0.22,0.10896284,16.7,100,0,0
942,9,6,5,0,0.38051668,6.7791667,0.0271166668,0.22,0.1100352,17.2,97,8,1
943,9,7,5,0,0.4205,146.39583,0.58558332,0.22,0.11648905,17.2,100,79,33
944,9,8,5,0,0.32068333,315.8,1.2632,0.22,0.120653205,18.3,100,245,271
945,9,9,5,0,0.38858333,462.80417,1.85121668,0.22,0.122546375,21.1,93,505,617
946,9,10,5,0,2.2450833,561.87085,2.2474834,0.22,0.12868829,21.7,87,667,640
947,9,11,5,0,2.4151332,612.2125,2.44885,0.22,0.13530424,22.2,82,785,712
948,9,12,5,0,2.26685,613.31665,2.4532666,0.22,0.13592803,22.8,79,851,745
949,9,13,5,0,0.85183334,569.35,2.2774,0.22,0.1386465,22.8,79,824,697
950,9,14,5,0,1.3710166,476.95416,1.90781664,0.22,0.13205291,22.8,79,799,765
951,9,15,5,0,1.7413334,345.65417,1.38261668,0.22,0.13283935,22.8,76,657,714
952,9,16,5,0,2.7708,195.875,0.7835,0.54,0.14680704,22.8,76,465,621
953,9,17,5,0,3.1102,62.816666,0.251266664,0.54,0.1480603,21.7,76,252,462
954,9,18,5,0,2.2363334,5.1916666,0.0207666664,0.54,0.1504061,19.4,84,65,147
955,9,19,5,0,0.4532,0,0,0.54,0.14800653,18.9,87,0,0
956,9,20,5,0,0.2918,0,0,0.54,0.15133491,18.3,90,0,0
957,9,21,5,0,0.93208337,0,0,0.22,0.14497264,18.3,90,0,0
958,9,22,5,0,0.92256665,0,0,0.22,0.12687767,17.8,93,0,0
959,9,23,5,0,0.6198,0,0,0.22,0.120582394,17.8,93,0,0
960,9,24,5,0,0.8348,0,0,0.22,0.115814835,18.3,90,0,0
961,9,1,6,0,0.25096667,0,0,0.22,0.11382024,17.8,97,0,0
962,9,2,6,0,0.28928334,0,0,0.22,0.114855796,17.8,97,0,0
963,9,3,6,0,0.30371666,0,0,0.22,0.11238515,17.8,97,0,0
964,9,4,6,0,0.28641668,0,0,0.22,0.114066996,17.8,97,0,0
965,9,5,6,0,0.27853334,0,0,0.22,0.11193704,18.3,97,0,0
966,9,6,6,0,0.2726,8.233334,0.032933336,0.22,0.111929156,18.9,93,8,0
967,9,7,6,0,0.28095,157.63333,0.63053332,0.22,0.11891428,18.9,93,56,17
968,9,8,6,0,0.71568334,331.61667,1.32646668,0.22,0.121089324,19.4,93,151,36
969,9,9,6,0,2.2519,476.525,1.9061,0.22,0.12049184,20.6,90,243,6
970,9,10,6,0,2.6430833,571.17914,2.28471656,0.22,0.11793482,21.7,84,307,84
971,9,11,6,0,2.8624666,621.1458,2.4845832,0.22,0.11989563,22.8,82,591,340
972,9,12,6,0,2.0391166,621.98334,2.48793336,0.22,0.1237749,23.3,79,902,758
973,9,13,6,0,1.9095,577.2625,2.30905,0.22,0.12806687,23.3,76,830,681
974,9,14,6,0,1.8280833,490.69583,1.96278332,0.22,0.12091848,23.3,74,721,602
975,9,15,6,0,2.13005,361.25833,1.44503332,0.22,0.124329954,22.2,76,646,728
976,9,16,6,0,2.9918,203.66667,0.81466668,0.4,0.1358563,21.7,76,265,156
977,9,17,6,0,0.7366,59.5875,0.23835,0.4,0.14068808,20.6,79,206,229
978,9,18,6,0,2.2286832,0.65,0.0026,0.4,0.14636998,19.4,84,52,30
979,9,19,6,0,2.5699334,0,0,0.4,0.1463076,18.9,87,2,0
980,9,20,6,0,2.0879,0,0,0.4,0.14837934,18.3,90,0,0
981,9,21,6,0,0.9345833,0,0,0.22,0.14335136,17.8,93,0,0
982,9,22,6,0,2.606,0,0,0.22,0.12562738,18.3,90,0,0
983,9,23,6,0,1.0698667,0,0,0.22,0.11330829,18.3,90,0,0
984,9,24,6,0,0.51284164,0,0,0.22,0.11623807,18.3,90,0,0
985,9,1,7,0,0.29363334,0,0,0.22,0.11212586,17.8,93,0,0
986,9,2,7,0,0.28056666,0,0,0.22,0.11000622,18.3,93,0,0
987,9,3,7,0,0.25918335,0,0,0.22,0.109287314,18.3,93,0,0
988,9,4,7,0,0.25938332,0,0,0.22,0.11270575,18.3,93,0,0
989,9,5,7,0,0.25153333,0,0,0.22,0.121112525,18.3,90,0,0
990,9,6,7,0,0.25858334,7.85,0.0314,0.22,0.1337727,17.8,93,8,0
991,9,7,7,0,0.26578334,156.52916,0.62611664,0.22,0.14415073,18.3,90,53,1
992,9,8,7,0,0.28851667,332.72083,1.33088332,0.22,0.15045045,18.9,90,181,5
993,9,9,7,0,1.7199167,474.6875,1.89875,0.22,0.15801091,20,84,235,46
994,9,10,7,0,2.2084167,572.5625,2.29025,0.22,0.16134316,21.7,79,629,399
995,9,11,7,0,2.4377167,624.2208,2.4968832,0.22,0.16163957,22.8,74,799,620
996,9,12,7,0,1.8720167,631.8333,2.5273332,0.22,0.15969998,22.8,71,873,760
997,9,13,7,0,2.1083667,586.125,2.3445,0.22,0.1608053,22.8,69,856,751
998,9,14,7,0,1.8571666,492.025,1.9681,0.22,0.16218156,22.8,69,789,741
999,9,15,7,0,2.1556,358.87918,1.43551672,0.22,0.1638599,22.2,71,645,686
1000,9,16,7,0,2.7659833,202.24583,0.80898332,0.4,0.16741794,22.2,71,452,589
1001,9,17,7,0,0.66781664,58.3,0.2332,0.4,0.16931476,21.1,73,230,378
1002,9,18,7,0,1.9308333,0.2125,0.00085,0.4,0.1689671,19.4,78,49,84
1003,9,19,7,0,1.5914333,0,0,0.4,0.16898158,18.9,81,1,0
1004,9,20,7,0,1.8713666,0,0,0.4,0.16766,18.3,84,0,0
1005,9,21,7,0,1.2427833,0,0,0.22,0.15906478,18.3,84,0,0
1006,9,22,7,0,1.0334667,0,0,0.22,0.1430543,18.3,90,0,0
1007,9,23,7,0,0.7147167,0,0,0.22,0.14274561,18.3,90,0,0
1008,9,24,7,0,0.83918333,0,0,0.22,0.13741398,17.2,84,0,0
1009,9,1,1,0,0.61045,0,0,0.22,0.12663914,18.3,87,0,0
1010,9,2,1,0,0.5825167,0,0,0.22,0.124833964,18.3,87,0,0
1011,9,3,1,0,0.42106667,0,0,0.22,0.12523857,18.3,87,0,0
1012,9,4,1,0,0.45173332,0,0,0.22,0.12939975,17.8,87,0,0
1013,9,5,1,0,0.41283333,0,0,0.22,0.13673952,17.8,90,0,0
1014,9,6,1,0,0.39606667,0.7416667,0.0029666668,0.22,0.14552662,18.3,87,7,1
1015,9,7,1,0,0.3586,48.991665,0.19596666,0.22,0.15201409,18.9,84,74,25
1016,9,8,1,0,0.34855,98.808334,0.395233336,0.22,0.16189846,19.4,81,177,9
1017,9,9,1,0,0.39178333,266.75833,1.06703332,0.22,0.16666266,19.4,81,248,1
1018,9,10,1,0,2.3241334,588.7625,2.35505,0.22,0.17035969,21.1,76,309,10
1019,9,11,1,0,2.4267666,640.7167,2.5628668,0.22,0.17514805,22.2,71,872,797
1020,9,12,1,0,2.1845167,638.0333,2.5521332,0.22,0.1825601,22.8,64,862,835
1021,9,13,1,0,1.3982834,591.5958,2.3663832,0.22,0.19064263,22.2,64,887,911
1022,9,14,1,0,1.7444333,502.8,2.0112,0.22,0.1916778,22.8,64,757,831
1023,9,15,1,0,2.1555333,368.01666,1.47206664,0.22,0.18942699,22.2,64,627,749
1024,9,16,1,0,3.4656584,207.95833,0.83183332,0.54,0.1946227,21.1,68,491,804
1025,9,17,1,0,3.258125,65.62292,0.26249168,0.54,0.19843549,20.6,68,273,671
1026,9,18,1,0,1.83025,6.983333,0.027933332,0.54,0.19542319,19.4,70,70,343
1027,9,19,1,0,0.40421668,0,0,0.54,0.1966159,18.9,76,2,3
1028,9,20,1,0,0.49236667,0,0,0.54,0.1920097,18.9,78,0,0
1029,9,21,1,0,0.13518338,0,0,0.22,0.17951609,18.3,81,0,0
1030,9,22,1,0,9.9999994e-08,0,0,0.22,0.16163166,18.3,81,0,0
1031,9,23,1,0,0.35655004,0,0,0.22,0.14538838,17.8,81,0,0
1032,9,24,1,0,0.44648334,0,0,0.22,0.13185667,17.2,84,0,0
1033,9,1,2,0,0.39186665,0,0,0.22,0.12749092,17.2,84,0,0
1034,9,2,2,0,0.2696,0,0,0.22,0.12778658,17.8,87,0,0
1035,9,3,2,0,0.28158334,0,0,0.22,0.13026537,17.8,87,0,0
1036,9,4,2,0,0.26115,0,0,0.22,0.13260297,18.3,84,0,0
1037,9,5,2,0,0.27743334,0,0,0.22,0.13664924,18.3,84,0,0
1038,9,6,2,0,0.35276666,0,0,0.22,0.14536782,18.3,84,7,0
1039,9,7,2,0,0.37233335,8.625,0.0345,0.22,0.15655346,18.3,84,35,1
1040,9,8,2,0,0.30221668,49.183334,0.196733336,0.22,0.16927855,18.9,81,187,13
1041,9,9,2,0,0.29083332,75.92917,0.30371668,0.22,0.18242218,20,78,200,8
1042,9,10,2,0,0.43593332,86.958336,0.347833344,0.22,0.1888288,20,78,322,5
1043,9,11,2,0,0.49746665,75.02917,0.30011668,0.22,0.19448477,21.1,73,346,4
1044,9,12,2,0,0.60971665,79.025,0.3161,0.22,0.1967022,21.7,71,608,372
1045,9,13,2,0,1.0420667,203.9375,0.81575,0.22,0.20129445,22.2,68,841,689
1046,9,14,2,0,0.6530333,129.87917,0.51951668,0.22,0.2046146,22.2,68,765,628
1047,9,15,2,0,0.92371666,286.49167,1.14596668,0.22,0.20665464,22.2,66,644,739
1048,9,16,2,0,0.6932,169.1875,0.67675,0.54,0.20595175,21.1,71,321,253
1049,9,17,2,0,1.46235,56.358334,0.225433336,0.54,0.20789224,21.1,68,182,235
1050,9,18,2,0,1.5412,1.8333334,0.0073333336,0.54,0.21137106,18.9,78,60,156
1051,9,19,2,0,1.1385334,0,0,0.54,0.213342,18.9,78,0,0
1052,9,20,2,0,0.81153333,0,0,0.54,0.21155132,18.9,78,0,0
1053,9,21,2,0,0.7970167,0,0,0.22,0.20166768,18.3,81,0,0
1054,9,22,2,0,0.99396664,0,0,0.22,0.18352889,18.3,81,0,0
1055,9,23,2,0,0.8649333,0,0,0.22,0.16399199,18.3,81,0,0
1056,9,24,2,0,0.42125,0,0,0.22,0.15984227,17.8,81,0,0
1057,9,1,3,0,0.32905,0,0,0.22,0.15214652,17.2,84,0,0
1058,9,2,3,0,0.28613332,0,0,0.22,0.14455527,17.8,81,0,0
1059,9,3,3,0,0.28555,0,0,0.22,0.14208494,17.2,84,0,0
1060,9,4,3,0,0.26826668,0,0,0.22,0.14264248,17.2,87,0,0
1061,9,5,3,0,0.27611667,0,0,0.22,0.15098341,17.2,87,0,0
1062,9,6,3,0,0.30178332,7.7208333,0.0308833332,0.22,0.16997479,17.8,87,7,0
1063,9,7,3,0,0.37853333,173.77916,0.69511664,0.22,0.17320478,18.3,84,73,16
1064,9,8,3,0,0.32083333,349.14166,1.39656664,0.22,0.18044114,18.3,84,129,4
1065,9,9,3,0,0.30555,493.6,1.9744,0.22,0.18974775,18.9,78,283,3
1066,9,10,3,0,2.1909666,586.9708,2.3478832,0.22,0.19749773,19.4,78,275,1
1067,9,11,3,0,2.53955,642.35834,2.56943336,0.22,0.2022869,20,73,351,1
1068,9,12,3,0,1.4598,645.1667,2.5806668,0.22,0.20257623,20,76,441,7
1069,9,13,3,0,0.40415,599.35834,2.39743336,0.22,0.20372616,21.7,68,721,396
1070,9,14,3,0,0.45416668,505.69168,2.02276672,0.22,0.2078726,22.2,66,651,507
1071,9,15,3,0,0.38975,371.775,1.4871,0.22,0.20846099,22.2,64,660,852
1072,9,16,3,0,2.0676832,206.82916,0.82731664,0.54,0.20969905,21.1,66,476,789
1073,9,17,3,0,2.5956833,57.25,0.229,0.54,0.2106858,20.6,66,260,653
1074,9,18,3,0,1.6738334,0.64166665,0.0025666666,0.54,0.2102575,18.9,73,65,320
1075,9,19,3,0,0.3089334,0,0,0.54,0.2096044,18.3,78,0,0
1076,9,20,3,0,0.062050074,0,0,0.54,0.20918964,18.3,78,0,0
1077,9,21,3,0,0.37185004,0,0,0.22,0.20224553,18.3,81,0,0
1078,9,22,3,0,0.8581,0,0,0.22,0.18222053,17.8,81,0,0
1079,9,23,3,0,0.5497,0,0,0.22,0.17916194,17.8,84,0,0
1080,9,24,3,0,0.41255835,0,0,0.22,0.16284133,17.8,81,0,0
1081,9,1,4,0,0.38953334,0,0,0.22,0.14960778,15.6,90,0,0
1082,9,2,4,0,0.32551667,0,0,0.22,0.14359492,15.6,87,0,0
1083,9,3,4,0,0.29471666,0,0,0.22,0.14286095,15,90,0,0
1084,9,4,4,0,0.33773333,0,0,0.22,0.14437087,15,90,0,0
1085,9,5,4,0,0.45163333,0,0,0.22,0.14944944,14.4,93,0,0
1086,9,6,4,0,0.37985,6.1458335,0.024583334,0.22,0.17117563,15,93,11,3
1087,9,7,4,0,0.31811666,158.5625,0.63425,0.22,0.1728591,16.7,93,56,14
1088,9,8,4,0,0.34098333,343.69583,1.37478332,0.22,0.18240613,17.8,90,120,3
1089,9,9,4,0,0.46965834,484.75,1.939,0.22,0.19296001,18.9,84,231,2
1090,9,10,4,0,2.1142666,587.4375,2.34975,0.22,0.20247225,19.4,78,318,7
1091,9,11,4,0,2.34255,636.49585,2.5459834,0.22,0.20648226,20,76,380,7
1092,9,12,4,0,1.4038,637.1375,2.54855,0.22,0.2120678,21.7,68,375,2
1093,9,13,4,0,0.22733334,589.12915,2.3565166,0.22,0.2146757,22.2,66,478,172
1094,9,14,4,0,0.5308167,500.65,2.0026,0.22,0.21553002,22.8,66,715,651
1095,9,15,4,0,0.86465,365.0375,1.46015,0.22,0.21500924,22.2,68,637,774
1096,9,16,4,0,2.0356,202.94583,0.81178332,0.54,0.21981375,21.7,68,434,597
1097,9,17,4,0,1.8808833,56.508335,0.22603334,0.54,0.21877013,21.1,71,235,530
1098,9,18,4,0,1.2975667,1.8208333,0.0072833332,0.54,0.22052303,19.4,73,55,202
1099,9,19,4,0,0.27175003,0,0,0.54,0.22065923,18.9,76,0,0
1100,9,20,4,0,0.06330007,0,0,0.54,0.22232562,18.9,76,0,0
1101,9,21,4,0,9.9999994e-08,0,0,0.22,0.21128924,18.9,76,0,0
1102,9,22,4,0,0.21086673,0,0,0.22,0.19286072,18.9,76,0,0
1103,9,23,4,0,0.9213167,0,0,0.22,0.18361595,18.3,81,0,0
1104,9,24,4,0,0.59365,0,0,0.22,0.16491015,16.7,73,0,0
1105,9,1,5,0,0.39918333,0,0,0.22,0.15039428,17.2,84,0,0
1106,9,2,5,0,0.35685,0,0,0.22,0.14051728,17.2,84,0,0
1107,9,3,5,0,0.36698332,0,0,0.22,0.1341023,16.1,87,0,0
1108,9,4,5,0,0.42296666,0,0,0.22,0.1344862,16.7,84,0,0
1109,9,5,5,0,0.42731667,0,0,0.22,0.13855006,16.7,87,0,0
1110,9,6,5,0,0.41481668,5.4083333,0.0216333332,0.22,0.14920667,16.7,87,10,3
1111,9,7,5,0,0.412,153.34166,0.61336664,0.22,0.15390447,18.3,84,87,132
1112,9,8,5,0,0.32936665,338.625,1.3545,0.22,0.17397,18.3,78,222,218
1113,9,9,5,0,0.32481667,481.77084,1.92708336,0.22,0.1803139,19.4,73,436,394
1114,9,10,5,0,2.1184332,578.74585,2.3149834,0.22,0.18921351,20.6,68,564,461
1115,9,11,5,0,2.3103166,627.50836,2.51003344,0.22,0.19155282,21.1,64,891,761
1116,9,12,5,0,1.3323833,628.0375,2.51215,0.22,0.19374625,21.7,59,792,614
1117,9,13,5,0,0.5548,578.4125,2.31365,0.22,0.19956349,21.7,57,847,878
1118,9,14,5,0,0.57708335,485.1625,1.94065,0.22,0.20268708,21.1,61,758,840
1119,9,15,5,0,1.26475,350.92084,1.40368336,0.22,0.2040733,21.7,59,427,325
1120,9,16,5,0,2.1612,192.13333,0.76853332,0.54,0.20771499,21.7,59,451,664
1121,9,17,5,0,1.1460167,54.316666,0.217266664,0.54,0.20607288,21.1,59,226,413
1122,9,18,5,0,0.82231665,2.8541667,0.0114166668,0.54,0.20547168,19.4,61,55,245
1123,9,19,5,0,0.083033405,0,0,0.54,0.20255384,18.9,65,0,0
1124,9,20,5,0,0.102850035,0,0,0.54,0.19953398,18.9,68,0,0
1125,9,21,5,0,0.09675002,0,0,0.22,0.19316275,18.3,70,0,0
1126,9,22,5,0,0.00063342834,0,0,0.22,0.18512219,17.8,73,0,0
1127,9,23,5,0,0.25540003,0,0,0.22,0.1775119,17.8,70,0,0
1128,9,24,5,0,0.49111667,0,0,0.22,0.15656114,17.2,81,0,0
1129,9,1,6,0,0.42373332,0,0,0.22,0.14620031,16.1,78,0,0
1130,9,2,6,0,0.38366666,0,0,0.22,0.14453524,15.6,78,0,0
1131,9,3,6,0,0.38436666,0,0,0.22,0.1421295,15.6,78,0,0
1132,9,4,6,0,0.41455,0,0,0.22,0.14048658,15,81,0,0
1133,9,5,6,0,0.36518332,0,0,0.22,0.14514452,14.4,90,0,0
1134,9,6,6,0,0.31796667,6.0125,0.02405,0.22,0.14462453,14.4,84,9,10
1135,9,7,6,0,0.33063334,152.94167,0.61176668,0.22,0.14460489,16.1,87,107,327
1136,9,8,6,0,0.5758,332.3,1.3292,0.22,0.14654203,17.8,81,315,605
1137,9,9,6,0,1.61965,476.025,1.9041,0.22,0.1571645,20,71,484,603
1138,9,10,6,0,2.1282334,572.81665,2.2912666,0.22,0.16378652,21.1,61,618,627
1139,9,11,6,0,2.3775833,620.1625,2.48065,0.22,0.17359069,21.7,59,793,726
1140,9,12,6,0,0.9921833,618.88336,2.47553344,0.22,0.18443763,22.2,57,841,788
1141,9,13,6,0,1.1131834,573.37915,2.2935166,0.22,0.19204088,21.7,59,867,854
1142,9,14,6,0,1.41375,473.44168,1.89376672,0.22,0.19690877,21.7,59,763,804
1143,9,15,6,0,1.7884667,341.30417,1.36521668,0.22,0.20242445,21.7,64,641,786
1144,9,16,6,0,2.5540333,187.24167,0.74896668,0.4,0.20303375,21.7,64,448,698
1145,9,17,6,0,0.6328833,51.066666,0.204266664,0.4,0.20482998,20.6,71,229,521
1146,9,18,6,0,2.1752667,0.85833335,0.0034333334,0.4,0.20582838,19.4,73,51,156
1147,9,19,6,0,2.44345,0,0,0.4,0.20342714,19.4,73,0,0
1148,9,20,6,0,1.6604167,0,0,0.4,0.20233221,19.4,73,0,0
1149,9,21,6,0,1.8740833,0,0,0.22,0.19716802,18.9,78,0,0
1150,9,22,6,0,0.70956665,0,0,0.22,0.17589052,18.3,78,0,0
1151,9,23,6,0,0.37583333,0,0,0.22,0.16157338,17.8,81,0,0
1152,9,24,6,0,0.34284166,0,0,0.22,0.1582043,17.2,84,0,0
1153,9,1,7,0,0.31226668,0,0,0.22,0.15034334,16.7,84,0,0
1154,9,2,7,0,0.30951667,0,0,0.22,0.14760819,16.7,84,0,0
1155,9,3,7,0,0.31138334,0,0,0.22,0.1437252,16.1,84,0,0
1156,9,4,7,0,0.34308332,0,0,0.22,0.14697088,15.6,87,0,0
1157,9,5,7,0,0.27198333,0,0,0.22,0.16258366,15.6,87,0,0
1158,9,6,7,0,0.23958333,5.7875,0.02315,0.22,0.18601541,15,87,9,1
1159,9,7,7,0,0.5381167,158.38333,0.63353332,0.22,0.19638477,16.7,87,91,171
1160,9,8,7,0,0.73906666,339.46667,1.35786668,0.22,0.19599675,18.9,78,287,450
1161,9,9,7,0,2.00915,482.90417,1.93161668,0.22,0.21117492,21.1,66,498,602
1162,9,10,7,0,2.2296834,570.0958,2.2803832,0.22,0.21943446,22.8,59,677,677
1163,9,11,7,0,2.5060833,616.2292,2.4649168,0.22,0.22187202,22.8,57,763,679
1164,9,12,7,0,2.5616834,611.6042,2.4464168,0.22,0.22900937,22.8,57,809,693
1165,9,13,7,0,2.0947,563.275,2.2531,0.22,0.22958021,22.8,57,827,723
1166,9,14,7,0,2.3485,468.1,1.8724,0.22,0.22909789,22.8,62,726,660
1167,9,15,7,0,2.7330832,337.38333,1.34953332,0.22,0.23283286,22.8,64,534,544
1168,9,16,7,0,3.5747666,182.27083,0.72908332,0.4,0.23148343,22.2,66,414,550
1169,9,17,7,0,0.663,47.3,0.1892,0.4,0.23161714,21.7,71,198,346
1170,9,18,7,0,2.0914667,0,0,0.4,0.23616932,20,73,41,49
1171,9,19,7,0,3.3681,0,0,0.4,0.23661941,19.4,78,0,0
1172,9,20,7,0,2.9600666,0,0,0.4,0.23698881,18.9,81,0,0
1173,9,21,7,0,0.49758333,0,0,0.22,0.2284694,18.9,81,0,0
1174,9,22,7,0,3.0353832,0,0,0.22,0.20350373,18.3,81,0,0
1175,9,23,7,0,0.49581668,0,0,0.22,0.19206248,18.3,81,0,0
1176,9,24,7,0,0.30144167,0,0,0.22,0.18165183,17.8,81,0,0
1177,9,1,1,0,0.286,0,0,0.22,0.17061481,17.2,87,0,0
1178,9,2,1,0,0.27805,0,0,0.22,0.16517417,17.2,87,0,0
1179,9,3,1,0,0.272,0,0,0.22,0.16680595,16.7,90,0,0
1180,9,4,1,0,0.26341668,0,0,0.22,0.16970563,16.7,90,0,0
1181,9,5,1,0,0.3012,0,0,0.22,0.17662019,15.6,90,0,0
1182,9,6,1,0,0.27123332,4.804167,0.019216668,0.22,0.19178686,15.6,90,6,1
1183,9,7,1,0,0.63023335,61.366665,0.24546666,0.22,0.19975482,16.7,90,90,109
1184,9,8,1,0,0.56118333,217.05,0.8682,0.22,0.20489345,18.9,84,290,458
1185,9,9,1,0,0.8625,420.22916,1.68091664,0.22,0.2099856,21.1,76,474,578
1186,9,10,1,0,2.1476667,550.7917,2.2031668,0.22,0.22282685,22.2,66,650,672
1187,9,11,1,0,2.2919333,556.7633,2.2270532,0.22,0.22759914,22.2,66,759,752
1188,9,12,1,0,2.0662832,448.6875,1.79475,0.22,0.22706231,22.2,71,812,762
1189,9,13,1,0,1.4752,154.5,0.618,0.22,0.23072061,22.2,68,838,795
1190,9,14,1,0,1.4722917,199.34584,0.79738336,0.22,0.22852142,22.2,68,760,774
1191,9,15,1,0,1.3125167,106.15,0.4246,0.22,0.23094429,22.2,68,619,728
1192,9,16,1,0,2.0450833,68.375,0.2735,0.54,0.23250726,22.2,68,424,630
1193,9,17,1,0,2.19535,40.9,0.1636,0.54,0.23211125,21.1,71,209,442
1194,9,18,1,0,0.88713336,19.841667,0.079366668,0.54,0.22988011,20,76,43,88
1195,9,19,1,0,0.14196672,0,0,0.54,0.2319064,19.4,78,0,0
1196,9,20,1,0,0.21483335,0,0,0.54,0.22913195,18.9,81,0,0
1197,9,21,1,0,0.44245002,0,0,0.22,0.22465912,18.9,81,0,0
1198,9,22,1,0,0.58703333,0,0,0.22,0.21411967,18.9,81,0,0
1199,9,23,1,0,0.29871666,0,0,0.22,0.20388922,18.9,78,0,0
1200,9,24,1,0,0.30809167,0,0,0.22,0.18919007,17.8,87,0,0
1201,9,1,2,0,0.26060835,0,0,0.22,0.18035223,17.8,81,0,0
1202,9,2,2,0,0.2727,0,0,0.22,0.17805214,17.2,84,0,0
1203,9,3,2,0,0.26621667,0,0,0.22,0.179799,16.7,87,0,0
1204,9,4,2,0,0.31185,0,0,0.22,0.1822485,16.1,90,0,0
1205,9,5,2,0,0.42535,0,0,0.22,0.1842944,15.6,93,0,0
1206,9,6,2,0,0.30228335,0,0,0.22,0.19283274,16.7,90,8,0
1207,9,7,2,0,0.6591167,38.854168,0.155416672,0.22,0.20183705,17.2,90,63,11
1208,9,8,2,0,0.7948833,175.5375,0.70215,0.22,0.20770182,18.3,87,204,137
1209,9,9,2,0,0.6307667,221.40834,0.88563336,0.22,0.21535136,19.4,81,380,289
1210,9,10,2,0,1.5432833,396.87082,1.58748328,0.22,0.22305097,21.1,73,611,471
1211,9,11,2,0,0.78071666,170.425,0.6817,0.22,0.2283856,23.3,62,772,659
1212,9,12,2,0,1.1286334,186.02916,0.74411664,0.22,0.22919573,23.9,58,760,632
1213,9,13,2,0,0.6181833,123.6875,0.49475,0.22,0.22952588,23.3,60,796,728
1214,9,14,2,0,0.9795667,109.01667,0.43606668,0.22,0.23074554,22.8,64,744,730
1215,9,15,2,0,0.52828336,64.57083,0.25828332,0.22,0.22823842,22.2,68,599,673
1216,9,16,2,0,1.6566334,76.13333,0.30453332,0.54,0.22782643,21.7,68,410,578
1217,9,17,2,0,1.4542834,95.175,0.3807,0.54,0.22675318,21.1,71,195,375
1218,9,18,2,0,1.3338667,11.604167,0.046416668,0.54,0.22692448,19.4,76,40,57
1219,9,19,2,0,0.097383365,0,0,0.54,0.22360623,18.9,81,0,0
1220,9,20,2,0,0.6768667,0,0,0.54,0.22540458,18.9,81,0,0
1221,9,21,2,0,0.54863334,0,0,0.22,0.2162174,18.9,81,0,0
1222,9,22,2,0,0.7942167,0,0,0.22,0.20497866,18.3,87,0,0
1223,9,23,2,0,0.87945,0,0,0.22,0.19508426,18.3,87,0,0
1224,9,24,2,0,1.7583417,0,0,0.22,0.19017296,17.8,87,0,0
1225,9,1,3,0,0.93586665,0,0,0.22,0.18199542,17.2,90,0,0
1226,9,2,3,0,0.3248,0,0,0.22,0.17636617,17.2,90,0,0
1227,9,3,3,0,0.31436667,0,0,0.22,0.17420319,16.7,90,0,0
1228,9,4,3,0,0.48341668,0,0,0.22,0.17628175,16.1,93,0,0
1229,9,5,3,0,0.36141667,0,0,0.22,0.18095654,16.1,90,0,0
1230,9,6,3,0,0.34678334,0,0,0.22,0.19291759,16.1,93,7,0
1231,9,7,3,0,0.37958333,40.3375,0.16135,0.22,0.19719037,17.8,87,55,57
1232,9,8,3,0,0.5041,204.80417,0.81921668,0.22,0.20913668,20.6,79,248,283
1233,9,9,3,0,0.59706664,379.72083,1.51888332,0.22,0.21664874,22.2,68,458,425
1234,9,10,3,0,1.5458,363.075,1.4523,0.22,0.22834712,23.3,62,613,484
1235,9,11,3,0,2.5973666,615.1875,2.46075,0.22,0.23354775,24.4,54,770,584
1236,9,12,3,0,2.5000334,568.5875,2.27435,0.22,0.23420519,25,52,800,674
1237,9,13,3,0,2.6772,457.69583,1.83078332,0.22,0.23641421,24.4,56,818,713
1238,9,14,3,0,1.85595,401.79166,1.60716664,0.22,0.23091154,23.9,60,731,681
1239,9,15,3,0,1.7207,278.03333,1.11213332,0.22,0.2213295,23.3,64,585,621
1240,9,16,3,0,2.3916166,158.975,0.6359,0.54,0.2165211,22.8,69,390,507
1241,9,17,3,0,3.3335,51.741665,0.20696666,0.54,0.22185694,22.2,68,181,307
1242,9,18,3,0,2.6861668,2.8458333,0.0113833332,0.54,0.22797984,20,78,38,31
1243,9,19,3,0,0.70933336,0,0,0.54,0.22758874,18.9,84,0,0
1244,9,20,3,0,0.017183406,0,0,0.54,0.22533774,18.3,87,0,0
1245,9,21,3,0,0.16780004,0,0,0.22,0.21498863,18.3,90,0,0
1246,9,22,3,0,0.26993334,0,0,0.22,0.1951017,18.3,90,0,0
1247,9,23,3,0,0.36648333,0,0,0.22,0.17676456,18.3,90,0,0
1248,9,24,3,0,0.23128334,0,0,0.22,0.17377444,17.8,90,0,0
1249,9,1,4,0,0.24691667,0,0,0.22,0.15906209,17.2,93,0,0
1250,9,2,4,0,0.26628333,0,0,0.22,0.15796031,17.2,90,0,0
1251,9,3,4,0,0.2502,0,0,0.22,0.15422253,16.7,97,0,0
1252,9,4,4,0,0.2566,0,0,0.22,0.15443276,17.2,97,0,0
1253,9,5,4,0,0.26411667,0,0,0.22,0.16093478,17.2,97,0,0
1254,9,6,4,0,0.28678334,0,0,0.22,0.16533853,17.2,93,7,3
1255,9,7,4,0,0.23868333,18.075,0.0723,0.22,0.17391014,17.8,90,67,77
1256,9,8,4,0,0.24028334,79.07917,0.31631668,0.22,0.18358131,18.9,84,199,87
1257,9,9,4,0,0.253,269.15,1.0766,0.22,0.19784601,20,78,368,168
1258,9,10,4,0,1.81135,482.5625,1.93025,0.22,0.19688292,21.1,76,651,767
1259,9,11,4,0,2.3466833,604.62085,2.4184834,0.22,0.20205323,21.7,71,803,853
1260,9,12,4,0,2.0169,552.85834,2.21143336,0.22,0.2055286,22.2,66,852,861
1261,9,13,4,0,1.0794333,510.8,2.0432,0.22,0.2103209,22.2,66,842,864
1262,9,14,4,0,0.68125,450.54584,1.80218336,0.22,0.21363837,22.2,66,763,847
1263,9,15,4,0,1.0444334,316.60416,1.26641664,0.22,0.21762353,21.7,68,580,751
1264,9,16,4,0,1.8895667,49.058334,0.196233336,0.54,0.21701974,20.6,71,383,378
1265,9,17,4,0,0.50745,34.970833,0.139883332,0.54,0.21715324,19.4,76,142,124
1266,9,18,4,0,0.91756666,2.2083333,0.0088333332,0.54,0.21553873,18.9,81,28,12
1267,9,19,4,0,0.22485003,0,0,0.54,0.21576215,18.9,81,0,0
1268,9,20,4,0,0.24133337,0,0,0.54,0.2089233,18.3,84,0,0
1269,9,21,4,0,0.057266723,0,0,0.22,0.19628815,18.3,87,0,0
1270,9,22,4,0,9.9999994e-08,0,0,0.22,0.190248,18.3,87,0,0
1271,9,23,4,0,0.001900095,0,0,0.22,0.17650327,17.8,90,0,0
1272,9,24,4,0,0.3004,0,0,0.22,0.16903426,17.8,87,0,0
1273,9,1,5,0,0.25993332,0,0,0.22,0.16168152,17.2,90,0,0
1274,9,2,5,0,0.26853332,0,0,0.22,0.15707833,17.2,90,0,0
1275,9,3,5,0,0.26126668,0,0,0.22,0.15667412,17.2,90,0,0
1276,9,4,5,0,0.25008333,0,0,0.22,0.15191127,17.2,90,0,0
1277,9,5,5,0,0.7025167,0,0,0.22,0.15304688,17.2,90,0,0
1278,9,6,5,0,0.24555,2.7916667,0.0111666668,0.22,0.15755555,17.8,87,1,0
1279,9,7,5,0,0.26395,142.44583,0.56978332,0.22,0.15728246,17.8,87,73,24
1280,9,8,5,0,0.25378335,295.51666,1.18206664,0.22,0.15957935,18.9,84,238,237
1281,9,9,5,0,0.26315,473.9375,1.89575,0.22,0.17077169,21.1,79,339,252
1282,9,10,5,0,2.2631166,599.24164,2.39696656,0.22,0.1757893,21.7,71,463,257
1283,9,11,5,0,2.4708166,646.5625,2.58625,0.22,0.18313476,21.1,73,442,87
1284,9,12,5,0,0.5477333,655.35834,2.62143336,0.22,0.18863693,21.7,71,494,150
1285,9,13,5,0,0.25555,597.29584,2.38918336,0.22,0.1951013,20.6,73,520,131
1286,9,14,5,0,0.26265,490.50418,1.96201672,0.22,0.20123486,21.7,73,547,242
1287,9,15,5,0,0.23043333,301.5,1.206,0.22,0.20400602,21.1,71,315,78
1288,9,16,5,0,0.22005,184.325,0.7373,0.54,0.20169106,21.7,66,315,199
1289,9,17,5,0,0.46088332,41.816666,0.167266664,0.54,0.20286053,20.6,68,97,21
1290,9,18,5,0,0.44945,0,0,0.54,0.20444821,19.4,73,23,3
1291,9,19,5,0,0.0010667633,0,0,0.54,0.2040308,18.9,81,0,0
1292,9,20,5,0,0.000266765,0,0,0.54,0.20311211,18.3,84,0,0
1293,9,21,5,0,0.00035009667,0,0,0.22,0.19529255,18.3,84,0,0
1294,9,22,5,0,9.9999994e-08,0,0,0.22,0.18226795,17.8,87,0,0
1295,9,23,5,0,9.9999994e-08,0,0,0.22,0.17448239,17.8,87,0,0
1296,9,24,5,0,0.21135,0,0,0.22,0.16877103,18.3,90,0,0
1297,9,1,6,0,0.1993,0,0,0.22,0.16311367,17.2,90,0,0
1298,9,2,6,0,0.19863333,0,0,0.22,0.15255092,17.2,90,0,0
1299,9,3,6,0,0.19871667,0,0,0.22,0.15014386,16.7,90,0,0
1300,9,4,6,0,0.19423333,0,0,0.22,0.15139735,16.1,93,0,0
1301,9,5,6,0,0.2047,0,0,0.22,0.15021989,16.1,93,0,0
1302,9,6,6,0,0.20065,2.5458333,0.0101833332,0.22,0.1525509,15.6,93,5,1
1303,9,7,6,0,0.19458333,147.92084,0.59168336,0.22,0.14913066,16.1,97,80,183
1304,9,8,6,0,0.20161666,331.69583,1.32678332,0.22,0.1555996,19.4,90,276,509
1305,9,9,6,0,1.8098167,483.37918,1.93351672,0.22,0.16826837,21.7,73,493,685
1306,9,10,6,0,1.1139166,589.19165,2.3567666,0.22,0.18435892,23.9,62,674,774
1307,9,11,6,0,0.20045,642.13336,2.56853344,0.22,0.19317514,25,56,790,808
1308,9,12,6,0,0.49371666,642.5333,2.5701332,0.22,0.20336746,25.6,54,844,825
1309,9,13,6,0,0.51163334,587.925,2.3517,0.22,0.21416873,25,56,830,825
1310,9,14,6,0,0.9132,483.60834,1.93443336,0.22,0.22037992,24.4,56,743,798
1311,9,15,6,0,1.1778667,339.65833,1.35863332,0.22,0.22425562,23.9,58,597,743
1312,9,16,6,0,2.6455333,176.25,0.705,0.4,0.22746919,23.9,54,403,645
1313,9,17,6,0,0.35140002,39.366665,0.15746666,0.4,0.22770394,22.2,62,189,446
1314,9,18,6,0,0.059900075,0,0,0.4,0.22606973,20,73,38,79
1315,9,19,6,0,0.016366754,0,0,0.4,0.22969453,19.4,78,0,0
1316,9,20,6,0,0.3059334,0,0,0.4,0.22776276,18.3,87,0,0
1317,9,21,6,0,0.19138333,0,0,0.22,0.21775156,18.3,90,0,0
1318,9,22,6,0,2.1021667,0,0,0.22,0.2017138,18.3,90,0,0
1319,9,23,6,0,0.20281667,0,0,0.22,0.19104987,18.3,90,0,0
1320,9,24,6,0,0.21849167,0,0,0.22,0.18700789,20.6,81,0,0
1321,9,1,7,0,0.19778334,0,0,0.22,0.18058905,17.8,93,0,0
1322,9,2,7,0,0.2235,0,0,0.22,0.17525838,17.2,93,0,0
1323,9,3,7,0,0.21806666,0,0,0.22,0.1732844,16.7,93,0,0
1324,9,4,7,0,0.19686666,0,0,0.22,0.17676085,16.7,97,0,0
1325,9,5,7,0,0.20018333,0,0,0.22,0.18360652,16.7,97,0,0
1326,9,6,7,0,0.24,1.8291667,0.0073166668,0.22,0.19429137,17.2,97,4,0
1327,9,7,7,0,0.50448334,149.30417,0.59721668,0.22,0.19525614,18.3,90,75,132
1328,9,8,7,0,0.20513333,337.50418,1.35001672,0.22,0.2040405,20,87,249,241
1329,9,9,7,0,1.9366167,493.22083,1.97288332,0.22,0.21529923,21.7,79,458,488
1330,9,10,7,0,2.38835,605.5958,2.4223832,0.22,0.22822687,23.3,71,622,581
1331,9,11,7,0,2.15075,658.3458,2.6333832,0.22,0.24137579,25,64,747,597
1332,9,12,7,0,0.90313333,649.7292,2.5989168,0.22,0.24846737,25.6,58,635,394
1333,9,13,7,0,0.88765,596.89166,2.38756664,0.22,0.25220096,26.1,56,788,640
1334,9,14,7,0,1.27255,497.33334,1.98933336,0.22,0.26013452,26.1,58,675,575
1335,9,15,7,0,1.64385,346.99167,1.38796668,0.22,0.26146308,25,60,597,596
1336,9,16,7,0,2.49745,180.6625,0.72265,0.4,0.2641972,25.6,60,351,405
1337,9,17,7,0,0.40576667,39.408333,0.157633332,0.4,0.26449528,24.4,62,173,336
1338,9,18,7,0,0.075200066,0,0,0.4,0.26562044,22.8,66,31,5
1339,9,19,7,0,0.65105003,0,0,0.4,0.26022407,22.2,71,0,0
1340,9,20,7,0,0.8588833,0,0,0.4,0.25969732,21.7,73,0,0
1341,9,21,7,0,1.52555,0,0,0.22,0.24770948,21.1,76,0,0
1342,9,22,7,0,1.9154834,0,0,0.22,0.23242849,21.1,79,0,0
1343,9,23,7,0,0.18745,0,0,0.22,0.22158717,21.1,79,0,0
1344,9,24,7,0,0.19465,0,0,0.22,0.19796105,18.9,90,0,0
1345,9,1,1,0,0.18588333,0,0,0.22,0.1914154,20,84,0,0
1346,9,2,1,0,0.18471667,0,0,0.22,0.18892275,20,87,0,0
1347,9,3,1,0,0.19051667,0,0,0.22,0.18916453,20,87,0,0
1348,9,4,1,0,0.18858333,0,0,0.22,0.19120401,20,84,0,0
1349,9,5,1,0,0.2,0,0,0.22,0.19353923,19.4,87,0,0
1350,9,6,1,0,0.18705,1.0833334,0.0043333336,0.22,0.21200752,19.4,87,1,0
1351,9,7,1,0,0.45751667,142.88333,0.57153332,0.22,0.21570596,18.9,93,38,2
1352,9,8,1,0,0.7107667,332.6375,1.33055,0.22,0.21620396,20,90,102,6
1353,9,9,1,0,0.5413667,485.54166,1.94216664,0.22,0.22453661,20.6,90,310,63
1354,9,10,1,0,2.3069167,589.1,2.3564,0.22,0.23104236,22.8,79,481,145
1355,9,11,1,0,2.6201167,639.76666,2.55906664,0.22,0.2406856,24.4,71,437,86
1356,9,12,1,0,2.2489667,634.375,2.5375,0.22,0.24650428,23.9,69,553,225
1357,9,13,1,0,1.1091334,583.9792,2.3359168,0.22,0.24832304,22.2,73,371,37
1358,9,14,1,0,1.7442,479.86667,1.91946668,0.22,0.24856889,21.1,81,279,0
1359,9,15,1,0,2.0082834,351.22916,1.40491664,0.22,0.2500401,21.7,79,573,637
1360,9,16,1,0,2.6581333,185.92084,0.74368336,0.54,0.251539,21.7,79,281,276
1361,9,17,1,0,3.0587833,55.366665,0.22146666,0.54,0.25395232,20.6,79,104,49
1362,9,18,1,0,2.1665666,2.3,0.0092,0.54,0.25260666,19.4,84,27,11
1363,9,19,1,0,0.09925007,0,0,0.54,0.24669532,18.9,87,0,0
1364,9,20,1,0,0.060150076,0,0,0.54,0.24647589,18.9,90,0,0
1365,9,21,1,0,0.2724167,0,0,0.22,0.23952891,18.9,90,0,0
1366,9,22,1,0,1.0540167,0,0,0.22,0.23097174,18.9,90,0,0
1367,9,23,1,0,0.37611666,0,0,0.22,0.22613166,18.9,90,0,0
1368,9,24,1,0,0.21329166,0,0,0.22,0.19490297,17.2,90,0,0
1369,9,1,2,0,0.19918333,0,0,0.22,0.19036391,18.9,90,0,0
1370,9,2,2,0,0.19421667,0,0,0.22,0.19029817,18.9,90,0,0
1371,9,3,2,0,0.20336667,0,0,0.22,0.18703647,18.9,90,0,0
1372,9,4,2,0,0.1935,0,0,0.22,0.18372117,18.9,90,0,0
1373,9,5,2,0,0.195,0,0,0.22,0.18920052,18.9,90,0,0
1374,9,6,2,0,0.17721666,0,0,0.22,0.19803625,18.9,90,0,1
1375,9,7,2,0,0.47536665,123.7125,0.49485,0.22,0.19921474,18.9,90,43,12
1376,9,8,2,0,0.56278336,196.575,0.7863,0.22,0.19650844,18.9,90,161,5
1377,9,9,2,0,0.71585,237.79167,0.95116668,0.22,0.2037761,18.9,90,216,6
1378,9,10,2,0,1.6693667,432.9,1.7316,0.22,0.2194408,20.6,81,360,2
1379,9,11,2,0,2.1151834,520.175,2.0807,0.22,0.23174815,22.2,76,663,528
1380,9,12,2,0,2.6115,646.5292,2.5861168,0.22,0.2346618,23.3,71,758,656
1381,9,13,2,0,3.0982666,574.1667,2.2966668,0.22,0.23888953,23.9,66,827,910
1382,9,14,2,0,1.9225833,341.84167,1.36736668,0.22,0.24228007,23.3,66,744,891
1383,9,15,2,0,1.7808833,251.4125,1.00565,0.22,0.24164145,22.2,71,563,729
1384,9,16,2,0,2.25535,105.75833,0.42303332,0.54,0.24500245,21.1,76,407,765
1385,9,17,2,0,3.0772166,43.654167,0.174616668,0.54,0.24533743,20,78,196,600
1386,9,18,2,0,2.4281166,4.6,0.0184,0.54,0.2433204,19.4,78,41,172
1387,9,19,2,0,0.15202506,0,0,0.54,0.24013026,18.9,81,0,0
1388,9,20,2,0,0.22106667,0,0,0.54,0.23670378,18.9,81,0,0
1389,9,21,2,0,0.45421666,0,0,0.22,0.2286309,18.3,84,0,0
1390,9,22,2,0,0.6958167,0,0,0.22,0.20395154,18.3,84,0,0
1391,9,23,2,0,0.93441665,0,0,0.22,0.1855463,17.8,87,0,0
1392,9,24,2,0,0.5457917,0,0,0.22,0.17213002,18.9,90,0,0
1393,9,1,3,0,0.5495167,0,0,0.22,0.17025736,17.8,90,0,0
1394,9,2,3,0,0.5028,0,0,0.22,0.16722448,17.8,93,0,0
1395,9,3,3,0,0.5262833,0,0,0.22,0.16476098,17.8,93,0,0
1396,9,4,3,0,0.51453334,0,0,0.22,0.16537116,17.8,90,0,0
1397,9,5,3,0,0.49855,0,0,0.22,0.1692794,17.8,90,0,0
1398,9,6,3,0,0.32023335,0,0,0.22,0.18316965,17.8,90,3,0
1399,9,7,3,0,0.48785,134.70416,0.53881664,0.22,0.18993104,18.3,87,28,5
1400,9,8,3,0,0.79321665,315.55417,1.26221668,0.22,0.19422062,18.3,87,108,2
1401,9,9,3,0,0.64166665,471.80832,1.88723328,0.22,0.19035225,18.9,84,206,2
1402,9,10,3,0,2.1263833,559.95416,2.23981664,0.22,0.19217855,20,78,278,3
1403,9,11,3,0,2.4551833,606.7,2.4268,0.22,0.1932767,22.2,73,755,710
1404,9,12,3,0,2.4289668,454.175,1.8167,0.22,0.19144782,22.8,69,700,547
1405,9,13,3,0,2.01475,439.67667,1.75870668,0.22,0.19178161,22.8,69,766,671
1406,9,14,3,0,0.9683333,271.0875,1.08435,0.22,0.19203244,22.8,69,687,792
1407,9,15,3,0,1.2506833,311.3125,1.24525,0.22,0.19539037,22.2,68,549,707
1408,9,16,3,0,1.5495,133.875,0.5355,0.54,0.20050684,21.7,68,360,488
1409,9,17,3,0,2.1556833,14.429167,0.057716668,0.54,0.20284992,21.1,71,135,271
1410,9,18,3,0,2.1467834,4.2458334,0.0169833336,0.54,0.20081134,20,76,30,79
1411,9,19,3,0,0.14080837,0,0,0.54,0.1983724,19.4,81,0,0
1412,9,20,3,0,0.04161675,0,0,0.54,0.19142564,19.4,84,0,0
1413,9,21,3,0,6.6765e-05,0,0,0.22,0.18421043,19.4,87,0,0
1414,9,22,3,0,9.9999994e-08,0,0,0.22,0.17302078,19.4,87,0,0
1415,9,23,3,0,0.00506676,0,0,0.22,0.15756673,19.4,87,0,0
1416,9,24,3,0,2.1424417,0,0,0.22,0.13379551,18.9,90,0,0
1417,9,1,4,0,0.22883333,0,0,0.22,0.13132201,18.9,93,0,0
1418,9,2,4,0,0.22311667,0,0,0.22,0.13369966,18.9,93,0,0
1419,9,3,4,0,0.21191667,0,0,0.22,0.13452435,18.9,90,0,0
1420,9,4,4,0,0.21711667,0,0,0.22,0.14069052,18.9,90,0,0
1421,9,5,4,0,0.21825,0,0,0.22,0.14621311,19.4,87,0,0
1422,9,6,4,0,0.26453334,0,0,0.22,0.15690845,19.4,87,0,0
1423,9,7,4,0,0.22865,154.52916,0.61811664,0.22,0.15713769,19.4,87,46,2
1424,9,8,4,0,0.42049167,359.43332,1.43773328,0.22,0.1580943,19.4,87,109,7
1425,9,9,4,0,0.5446333,512.43335,2.0497334,0.22,0.15345798,20,84,195,7
1426,9,10,4,0,2.6421332,610.5,2.442,0.22,0.15238775,21.1,79,336,9
1427,9,11,4,0,2.4097,662.99164,2.65196656,0.22,0.1545998,21.7,76,305,3
1428,9,12,4,0,3.01515,661.9,2.6476,0.22,0.15627967,22.2,76,350,1
1429,9,13,4,0,1.6136167,613.55414,2.45421656,0.22,0.15657298,23.3,71,568,325
1430,9,14,4,0,1.4360666,405.14166,1.62056664,0.22,0.15778373,22.8,71,689,637
1431,9,15,4,0,1.3611667,346.525,1.3861,0.22,0.15676863,22.8,69,543,547
1432,9,16,4,0,1.4733,191.97084,0.76788336,0.54,0.15244807,21.7,73,307,343
1433,9,17,4,0,1.7507334,42.104168,0.168416672,0.54,0.15064596,20.6,79,81,22
1434,9,18,4,0,3.3981333,0.87916666,0.00351666664,0.54,0.14762332,19.4,81,24,5
1435,9,19,4,0,0.22400007,0,0,0.54,0.15179999,19.4,84,0,0
1436,9,20,4,0,0.09106673,0,0,0.54,0.14297506,19.4,84,0,0
1437,9,21,4,0,0.06373336,0,0,0.22,0.13377468,18.9,87,0,0
1438,9,22,4,0,0.02451674,0,0,0.22,0.13080135,18.9,87,0,0
1439,9,23,4,0,0.89525,0,0,0.22,0.12481762,18.9,87,0,0
1440,9,24,4,0,0.674075,0,0,0.22,0.10920568,17.1,87,0,0
1441,9,1,5,0,0.26685,0,0,0.22,0.1028159,18.9,90,0,0
1442,9,2,5,0,0.2714,0,0,0.22,0.10226245,18.9,90,0,0
1443,9,3,5,0,0.26376668,0,0,0.22,0.09849791,18.9,90,0,0
1444,9,4,5,0,0.22618334,0,0,0.22,0.09972523,18.3,90,0,0
1445,9,5,5,0,0.22141667,0,0,0.22,0.10239134,18.3,90,0,0
1446,9,6,5,0,0.24305,0,0,0.22,0.10813721,18.9,84,4,0
1447,9,7,5,0,0.27798334,151.0625,0.60425,0.22,0.11276986,18.9,84,71,102
1448,9,8,5,0,0.23006667,361.40417,1.44561668,0.22,0.12070297,19.4,84,232,247
1449,9,9,5,0,0.23016112,516.14166,2.06456664,0.22,0.1322837,20.6,76,348,315
1450,9,10,5,0,2.4852333,615.9625,2.46385,0.22,0.13734147,21.1,81,369,129
1451,9,11,5,0,2.72515,665.14166,2.66056664,0.22,0.13988744,21.7,79,645,274
1452,9,12,5,0,2.3380167,660.9667,2.6438668,0.22,0.13140874,22.2,73,402,67
1453,9,13,5,0,1.7418,613.1875,2.45275,0.22,0.12927128,22.8,71,743,592
1454,9,14,5,0,2.5097833,511.8875,2.04755,0.22,0.13609822,22.8,69,684,788
1455,9,15,5,0,2.8164167,365.75418,1.46301672,0.22,0.13802977,22.2,68,571,771
1456,9,16,5,0,3.2808666,190.34584,0.76138336,0.54,0.14356089,21.7,71,376,666
1457,9,17,5,0,2.47225,39.195835,0.15678334,0.54,0.1475617,21.1,68,168,462
1458,9,18,5,0,0.7069167,0,0,0.54,0.15092847,18.9,78,30,69
1459,9,19,5,0,0.13051674,0,0,0.54,0.16013497,18.9,81,0,0
1460,9,20,5,0,0.051433418,0,0,0.54,0.15563251,18.9,84,0,0
1461,9,21,5,0,0.049433414,0,0,0.22,0.14269216,18.3,87,0,0
1462,9,22,5,0,0.2985001,0,0,0.22,0.13361956,17.9,87,0,0
1463,9,23,5,0,0.26583335,0,0,0.22,0.12968476,17.5,87,0,0
1464,9,24,5,0,0.505475,0,0,0.21,0.1088112,18.3,76,0,0
1465,10,1,6,0,0.48581666,0,0,0.21,0.1000102,16.8,84,0,0
1466,10,2,6,0,0.26885,0,0,0.21,0.097000435,16.4,90,0,0
1467,10,3,6,0,0.26611668,0,0,0.21,0.09806078,16,93,0,0
1468,10,4,6,0,0.53141665,0,0,0.21,0.100789286,15.6,93,0,0
1469,10,5,6,0,0.24976666,0,0,0.21,0.10234993,16.1,93,0,0
1470,10,6,6,0,0.26776665,0,0,0.21,0.10491946,15.6,93,3,0
1471,10,7,6,0,0.28441668,159.2625,0.63705,0.21,0.10448603,16.1,93,27,4
1472,10,8,6,0,0.7726667,369.4125,1.47765,0.21,0.107035786,17.2,84,137,34
1473,10,9,6,0,2.4964833,525.175,2.1007,0.21,0.12050907,19.4,73,382,336
1474,10,10,6,0,2.6522834,625.67084,2.50268336,0.21,0.12298651,21.1,66,604,662
1475,10,11,6,0,2.7752166,677.875,2.7115,0.21,0.12479579,22.8,57,770,845
1476,10,12,6,0,0.91438335,676.62085,2.7064834,0.21,0.12639078,23.3,56,822,863
1477,10,13,6,0,0.9091833,629.88336,2.51953344,0.21,0.12706861,23.9,52,800,853
1478,10,14,6,0,0.9648333,528.175,2.1127,0.21,0.124577075,22.8,60,716,832
1479,10,15,6,0,1.95545,378.32916,1.51331664,0.21,0.12777083,21.1,66,571,784
1480,10,16,6,0,2.8237,195.19583,0.78078332,0.5,0.13842441,20.6,66,375,680
1481,10,17,6,0,0.39671668,37.808334,0.151233336,0.5,0.14963488,19.4,70,164,467
1482,10,18,6,0,0.13488339,0,0,0.5,0.15019257,18.3,78,27,69
1483,10,19,6,0,1.3469167,0,0,0.5,0.15304664,18.3,78,0,0
1484,10,20,6,0,1.1897833,0,0,0.5,0.15362631,18.3,73,0,0
1485,10,21,6,0,1.2349334,0,0,0.21,0.14793698,17.8,75,0,0
1486,10,22,6,0,2.5449333,0,0,0.21,0.12746103,17.8,75,0,0
1487,10,23,6,0,0.38225,0,0,0.21,0.11981563,18.3,73,0,0
1488,10,24,6,0,0.34153333,0,0,0.21,0.11017128,17.2,70,0,0
1489,10,1,7,0,0.30083334,0,0,0.21,0.10575856,18.3,73,0,0
1490,10,2,7,0,0.30978334,0,0,0.21,0.10671361,18.3,73,0,0
1491,10,3,7,0,0.31301665,0,0,0.21,0.11060304,18.3,73,0,0
1492,10,4,7,0,0.30351666,0,0,0.21,0.11517981,18.3,70,0,0
1493,10,5,7,0,0.3043,0,0,0.21,0.1289368,17.8,75,0,0
1494,10,6,7,0,0.30625,0,0,0.21,0.1421372,18.3,73,3,0
1495,10,7,7,0,0.3728,159.3375,0.63735,0.21,0.14635876,18.9,73,46,12
1496,10,8,7,0,0.33338332,377.34167,1.50936668,0.21,0.15426527,19.4,70,205,79
1497,10,9,7,0,1.9092833,542.7917,2.1711668,0.21,0.16038758,19.4,73,278,20
1498,10,10,7,0,2.3268833,647.0833,2.5883332,0.21,0.15740938,18.3,81,173,6
1499,10,11,7,0,2.1527834,697.0417,2.7881668,0.21,0.15290204,19.4,78,294,4
1500,10,12,7,0,1.1040833,694.35,2.7774,0.21,0.1539891,20.6,71,594,303
1501,10,13,7,0,1.5877167,640.525,2.5621,0.21,0.14955035,20,71,523,206
1502,10,14,7,0,1.1967334,537.04584,2.14818336,0.21,0.14831853,19.4,73,590,402
1503,10,15,7,0,1.4764,385.42084,1.54168336,0.21,0.15216757,19.4,73,312,175
1504,10,16,7,0,1.9716834,197.46666,0.78986664,0.5,0.15928675,19.4,70,255,220
1505,10,17,7,0,0.118700065,43,0.172,0.5,0.15999952,18.3,76,133,220
1506,10,18,7,0,0.0741834,0.425,0.0017,0.5,0.15943803,17.2,78,18,15
1507,10,19,7,0,0.031300064,0,0,0.5,0.1633045,17.2,78,0,0
1508,10,20,7,0,0.098050065,0,0,0.5,0.16403958,17.2,75,0,0
1509,10,21,7,0,0.6788,0,0,0.21,0.14926682,17.2,75,0,0
1510,10,22,7,0,0.5023,0,0,0.21,0.12910588,17.8,73,0,0
1511,10,23,7,0,0.34213334,0,0,0.21,0.11802933,17.8,70,0,0
1512,10,24,7,0,0.329775,0,0,0.21,0.10869623,16.1,75,0,0
1513,10,1,1,0,0.2834,0,0,0.21,0.10691659,17.2,70,0,0
1514,10,2,1,0,0.26735,0,0,0.21,0.10481484,16.7,70,0,0
1515,10,3,1,0,0.26896667,0,0,0.21,0.105243914,16.1,75,0,0
1516,10,4,1,0,0.41616666,0,0,0.21,0.10803252,15.6,78,0,0
1517,10,5,1,0,0.46351665,0,0,0.21,0.12086298,15.6,81,0,0
1518,10,6,1,0,0.2909,0,0,0.21,0.14085461,15,84,4,14
1519,10,7,1,0,0.25111666,129.25,0.517,0.21,0.14917383,16.1,78,58,127
1520,10,8,1,0,0.2512,273.37918,1.09351672,0.21,0.15097325,18.9,57,299,638
1521,10,9,1,0,0.26105,436.28333,1.74513332,0.21,0.15498406,20,59,399,376
1522,10,10,1,0,2.3530667,624.075,2.4963,0.21,0.15770417,21.1,47,616,594
1523,10,11,1,0,2.62245,687.07916,2.74831664,0.21,0.15575446,21.1,55,680,452
1524,10,12,1,0,0.73105,676.8375,2.70735,0.21,0.15673919,21.1,57,828,927
1525,10,13,1,0,0.25578332,621.15,2.4846,0.21,0.16185239,20.6,61,811,927
1526,10,14,1,0,0.24886666,516.1583,2.0646332,0.21,0.16246521,20,61,716,894
1527,10,15,1,0,0.26348335,361.97916,1.44791664,0.21,0.16431701,20,59,575,857
1528,10,16,1,0,0.36801666,181.84166,0.72736664,0.5,0.16799814,19.4,61,382,771
1529,10,17,1,0,0.42323333,37.920834,0.151683336,0.5,0.17059371,18.3,65,170,584
1530,10,18,1,0,0.53716666,0,0,0.5,0.17263089,17.8,68,31,124
1531,10,19,1,0,0.0034000983,0,0,0.5,0.17566171,17.8,70,0,0
1532,10,20,1,0,9.9999994e-08,0,0,0.5,0.1682738,17.8,68,0,0
1533,10,21,1,0,0.0013834267,0,0,0.21,0.14570957,17.8,68,0,0
1534,10,22,1,0,0.00073343,0,0,0.21,0.12349455,17.8,65,0,0
1535,10,23,1,0,0.25315005,0,0,0.21,0.11663485,17.2,65,0,0
1536,10,24,1,0,0.32704166,0,0,0.21,0.09961852,17.2,75,0,0
1537,10,1,2,0,0.3192,0,0,0.21,0.09701104,16.1,70,0,0
1538,10,2,2,0,0.29123333,0,0,0.21,0.097388044,15.6,75,0,0
1539,10,3,2,0,0.29206666,0,0,0.21,0.0975603,14.4,81,0,0
1540,10,4,2,0,0.29146665,0,0,0.21,0.10103455,14.4,75,0,0
1541,10,5,2,0,0.29855,0,0,0.21,0.115508996,13.9,78,0,0
1542,10,6,2,0,0.40416667,0,0,0.21,0.13716538,14.4,72,2,3
1543,10,7,2,0,0.28591666,148.97084,0.59588336,0.21,0.14337459,16.7,65,78,296
1544,10,8,2,0,0.2996,365.28333,1.46113332,0.21,0.15262876,18.9,57,278,622
1545,10,9,2,0,0.28461668,521.92914,2.08771656,0.21,0.15835953,21.1,47,487,764
1546,10,10,2,0,2.3215334,627.0958,2.5083832,0.21,0.15759775,21.7,44,658,833
1547,10,11,2,0,2.5606334,676.55,2.7062,0.21,0.15653242,21.1,51,773,868
1548,10,12,2,0,1.164,670.4083,2.6816332,0.21,0.15758952,22.2,51,820,879
1549,10,13,2,0,0.29323334,614.42914,2.45771656,0.21,0.15858698,22.2,57,797,870
1550,10,14,2,0,0.29425,500.0875,2.00035,0.21,0.15737094,22.2,50,711,849
1551,10,15,2,0,0.39038333,349.1375,1.39655,0.21,0.16039972,21.7,55,560,793
1552,10,16,2,0,1.6845167,174.73334,0.69893336,0.5,0.16385156,21.1,59,363,686
1553,10,17,2,0,0.2534,39.075,0.1563,0.5,0.16833423,20.6,63,152,462
1554,10,18,2,0,0.34663334,0,0,0.5,0.16299182,19.4,66,26,58
1555,10,19,2,0,0.11596671,0,0,0.5,0.16398488,20,66,0,0
1556,10,20,2,0,0.0038167567,0,0,0.5,0.16341175,18.9,70,0,0
1557,10,21,2,0,0.00043343168,0,0,0.21,0.14970964,18.9,65,0,0
1558,10,22,2,0,9.9999994e-08,0,0,0.21,0.12939653,18.3,70,0,0
1559,10,23,2,0,0.058100082,0,0,0.21,0.12662494,17.8,73,0,0
1560,10,24,2,0,0.35749167,0,0,0.21,0.12252556,19.4,73,0,0
1561,10,1,3,0,0.31648332,0,0,0.21,0.11849389,16.7,75,0,0
1562,10,2,3,0,0.29248333,0,0,0.21,0.11914409,16.1,78,0,0
1563,10,3,3,0,0.30685,0,0,0.21,0.120099805,16.1,75,0,0
1564,10,4,3,0,0.29845,0,0,0.21,0.121645726,16.1,72,0,0
1565,10,5,3,0,0.29685,0,0,0.21,0.1343454,13.9,81,0,0
1566,10,6,3,0,0.34391665,0,0,0.21,0.1549392,15.6,67,3,5
1567,10,7,3,0,0.28545,67.8375,0.27135,0.21,0.1578222,16.1,67,79,337
1568,10,8,3,0,0.28696668,167.0375,0.66815,0.21,0.15593842,18.3,68,280,655
1569,10,9,3,0,0.28583333,370.7,1.4828,0.21,0.16419846,20.6,73,484,782
1570,10,10,3,0,2.0008,539.6625,2.15865,0.21,0.16983263,23.3,62,652,849
1571,10,11,3,0,2.4400334,648.30414,2.59321656,0.21,0.17200464,25,54,765,881
1572,10,12,3,0,1.2775834,682.375,2.7295,0.21,0.1770448,26.1,42,818,898
1573,10,13,3,0,0.2891,618.1375,2.47255,0.21,0.18001579,26.7,35,800,898
1574,10,14,3,0,0.29485,499.92917,1.99971668,0.21,0.17986701,25.6,45,707,868
1575,10,15,3,0,1.3675166,357.875,1.4315,0.21,0.18170244,25,43,561,821
1576,10,16,3,0,1.18975,182.26666,0.72906664,0.5,0.18641946,22.8,62,362,714
1577,10,17,3,0,0.72015,44.6875,0.17875,0.5,0.18866736,21.7,68,152,496
1578,10,18,3,0,2.09235,0.45,0.0018,0.5,0.18790877,21.1,66,24,68
1579,10,19,3,0,0.0033834316,0,0,0.5,0.18732892,20,71,0,0
1580,10,20,3,0,9.9999994e-08,0,0,0.5,0.180905,18.9,84,0,0
1581,10,21,3,0,9.9999994e-08,0,0,0.21,0.17103271,18.9,81,0,0
1582,10,22,3,0,9.9999994e-08,0,0,0.21,0.14305423,18.9,78,0,0
1583,10,23,3,0,0.020933427,0,0,0.21,0.1404892,19.4,73,0,0
1584,10,24,3,0,0.35290834,0,0,0.21,0.13342054,18.3,87,0,0
1585,10,1,4,0,0.35346666,0,0,0.21,0.11940727,18.9,76,0,0
1586,10,2,4,0,0.32231668,0,0,0.21,0.114999466,18.3,78,0,0
1587,10,3,4,0,0.29898334,0,0,0.21,0.11585135,17.8,81,0,0
1588,10,4,4,0,0.29595,0,0,0.21,0.12002695,17.2,81,0,0
1589,10,5,4,0,0.29173332,0,0,0.21,0.12837736,17.2,81,0,0
1590,10,6,4,0,0.27786666,0,0,0.21,0.15130593,17.2,84,0,0
1591,10,7,4,0,0.28401667,148.6625,0.59465,0.21,0.16010518,18.3,78,37,5
1592,10,8,4,0,0.28221667,376.84167,1.50736668,0.21,0.16645883,19.4,76,88,7
1593,10,9,4,0,0.32335,548.04584,2.19218336,0.21,0.17336576,20,73,212,6
1594,10,10,4,0,2.4046333,659.9625,2.63985,0.21,0.18124655,20.6,71,312,9
1595,10,11,4,0,2.6531832,711.06665,2.8442666,0.21,0.18685819,21.7,66,558,328
1596,10,12,4,0,0.72253335,699.5333,2.7981332,0.21,0.19301945,22.2,64,654,532
1597,10,13,4,0,0.24058333,622.0208,2.4880832,0.21,0.19848445,21.7,68,632,496
1598,10,14,4,0,0.23331666,521.32916,2.08531664,0.21,0.20304148,21.7,68,652,632
1599,10,15,4,0,1.813,362.44583,1.44978332,0.21,0.2033017,21.1,71,523,680
1600,10,16,4,0,1.1784333,178.77083,0.71508332,0.5,0.20350954,20.6,73,331,560
1601,10,17,4,0,1.7200333,30.8,0.1232,0.5,0.19851093,19.4,78,127,307
1602,10,18,4,0,0.23598333,0,0,0.5,0.19497351,18.9,84,12,3
1603,10,19,4,0,0.038916755,0,0,0.5,0.19549434,18.9,87,0,0
1604,10,20,4,0,9.9999994e-08,0,0,0.5,0.19121744,18.3,90,0,0
1605,10,21,4,0,0.024816759,0,0,0.21,0.1813953,18.3,90,0,0
1606,10,22,4,0,0.009683425,0,0,0.21,0.15316752,18.3,90,0,0
1607,10,23,4,0,0.05363337,0,0,0.21,0.14376545,18.3,87,0,0
1608,10,24,4,0,0.64579165,0,0,0.21,0.1294783,17.8,93,0,0
1609,10,1,5,0,0.40033334,0,0,0.21,0.11914272,18.3,84,0,0
1610,10,2,5,0,0.27121666,0,0,0.21,0.116125114,18.3,84,0,0
1611,10,3,5,0,0.28906667,0,0,0.21,0.114340276,17.8,87,0,0
1612,10,4,5,0,0.26228333,0,0,0.21,0.11029104,17.8,87,0,0
1613,10,5,5,0,0.2748,0,0,0.21,0.1135723,17.2,90,0,0
1614,10,6,5,0,0.26073334,0,0,0.21,0.119800724,16.7,93,0,0
1615,10,7,5,0,0.31168333,134.54584,0.53818336,0.21,0.121333025,17.8,90,52,97
1616,10,8,5,0,0.26293334,379.49167,1.51796668,0.21,0.12668985,20,78,228,397
1617,10,9,5,0,0.2234,537.12085,2.1484834,0.21,0.14234932,21.1,73,418,547
1618,10,10,5,0,2.4258833,641.8458,2.5673832,0.21,0.1529798,21.1,73,607,672
1619,10,11,5,0,1.6992,667.625,2.6705,0.21,0.156161,21.7,73,719,715
1620,10,12,5,0,1.7041833,646.6625,2.58665,0.21,0.15890104,21.7,76,766,730
1621,10,13,5,0,0.45418334,575.8542,2.3034168,0.21,0.15896285,22.2,73,744,723
1622,10,14,5,0,1.2321,444.20416,1.77681664,0.21,0.16064593,21.7,76,656,693
1623,10,15,5,0,1.4238167,356.4625,1.42585,0.21,0.16325052,21.7,76,506,622
1624,10,16,5,0,1.8462167,173.43333,0.69373332,0.5,0.16892049,20,84,300,459
1625,10,17,5,0,2.20995,34.558334,0.138233336,0.5,0.16647197,19.4,90,97,98
1626,10,18,5,0,1.43265,0,0,0.5,0.16013286,17.8,97,12,0
1627,10,19,5,0,0.35478333,0,0,0.5,0.16062993,18.3,93,0,0
1628,10,20,5,0,0.47248334,0,0,0.5,0.15077676,18.3,93,0,0
1629,10,21,5,0,1.1175333,0,0,0.21,0.14344701,18.3,93,0,0
1630,10,22,5,0,1.0950834,0,0,0.21,0.12831411,18.3,90,0,0
1631,10,23,5,0,1.4035667,0,0,0.21,0.121776246,17.8,93,0,0
1632,10,24,5,0,1.3826584,0,0,0.21,0.119126715,17.2,87,0,0
1633,10,1,6,0,1.3535167,0,0,0.21,0.11363937,17.2,93,0,0
1634,10,2,6,0,0.6839667,0,0,0.21,0.110507235,16.1,97,0,0
1635,10,3,6,0,1.0822,0,0,0.21,0.106299184,16.1,97,0,0
1636,10,4,6,0,0.23978333,0,0,0.21,0.105724454,15.6,100,0,0
1637,10,5,6,0,0.26115,0,0,0.21,0.10667647,13.9,100,0,0
1638,10,6,6,0,0.24201667,0,0,0.21,0.118454024,15.6,100,1,0
1639,10,7,6,0,0.24995,88.53333,0.35413332,0.21,0.12119982,15.6,100,28,1
1640,10,8,6,0,0.24168333,366.9875,1.46795,0.21,0.124782965,16.1,100,113,6
1641,10,9,6,0,1.9256,524.44165,2.0977666,0.21,0.12977451,18.3,90,462,688
1642,10,10,6,0,2.2664332,625.20416,2.50081664,0.21,0.13911399,22.2,66,610,779
1643,10,11,6,0,2.36025,668.5375,2.67415,0.21,0.15174007,25,58,715,810
1644,10,12,6,0,1.3792,661.8625,2.64745,0.21,0.15832816,21.7,71,777,866
1645,10,13,6,0,2.3592834,605.4792,2.4219168,0.21,0.16638887,21.1,73,733,834
1646,10,14,6,0,2.7499332,499.05832,1.99623328,0.21,0.16401806,20,78,645,789
1647,10,15,6,0,3.0926332,350.54584,1.40218336,0.21,0.16802824,19.4,81,391,438
1648,10,16,6,0,3.5391667,170.78334,0.68313336,0.5,0.18032652,18.3,87,258,259
1649,10,17,6,0,0.43988335,28.425,0.1137,0.5,0.18971884,17.2,93,50,1
1650,10,18,6,0,0.31963336,0,0,0.5,0.19024879,16.7,93,9,1
1651,10,19,6,0,1.31125,0,0,0.5,0.1925749,16.7,97,0,0
1652,10,20,6,0,2.64275,0,0,0.5,0.18658547,16.1,93,0,0
1653,10,21,6,0,0.7381667,0,0,0.21,0.1745415,16.7,90,0,0
1654,10,22,6,0,0.7216167,0,0,0.21,0.17098498,16.7,90,0,0
1655,10,23,6,0,1.8778,0,0,0.21,0.16429606,16.7,90,0,0
1656,10,24,6,0,0.46559167,0,0,0.21,0.15337913,17.8,87,0,0
1657,10,1,7,0,0.2136,0,0,0.21,0.1434292,16.7,90,0,0
1658,10,2,7,0,0.21528333,0,0,0.21,0.13676712,17.2,87,0,0
1659,10,3,7,0,0.30315,0,0,0.21,0.13258915,17.2,87,0,0
1660,10,4,7,0,0.3303,0,0,0.21,0.13558426,17.2,87,0,0
1661,10,5,7,0,0.25131667,0,0,0.21,0.14374919,17.2,87,0,0
1662,10,6,7,0,0.25038335,0,0,0.21,0.1647422,17.2,87,0,0
1663,10,7,7,0,0.28775,138.0625,0.55225,0.21,0.16617179,17.2,87,51,0
1664,10,8,7,0,0.3153,355.65833,1.42263332,0.21,0.17179433,18.3,78,102,1
1665,10,9,7,0,1.80805,502.5125,2.01005,0.21,0.18175088,19.4,73,396,389
1666,10,10,7,0,2.18005,595.92084,2.38368336,0.21,0.1935242,22.2,64,560,546
1667,10,11,7,0,1.9679166,643.13336,2.57253344,0.21,0.20582493,21.1,68,682,611
1668,10,12,7,0,0.81881666,643.1042,2.5724168,0.21,0.20770107,20.6,71,725,623
1669,10,13,7,0,2.2774832,592.95,2.3718,0.21,0.20849782,20.6,71,660,536
1670,10,14,7,0,1.7806667,487.54166,1.95016664,0.21,0.21179643,20,73,603,558
1671,10,15,7,0,2.7588832,340.51666,1.36206664,0.21,0.21332473,20,76,426,395
1672,10,16,7,0,2.5520666,137.34166,0.54936664,0.5,0.21484286,18.9,81,229,137
1673,10,17,7,0,0.69226664,38.925,0.1557,0.5,0.2161678,17.8,87,88,57
1674,10,18,7,0,0.46923333,0,0,0.5,0.21653764,17.8,87,8,0
1675,10,19,7,0,1.5164666,0,0,0.5,0.21635738,18.3,84,0,0
1676,10,20,7,0,1.8657833,0,0,0.5,0.21205854,18.3,87,0,0
1677,10,21,7,0,1.76975,0,0,0.21,0.20733342,18.3,87,0,0
1678,10,22,7,0,1.58,0,0,0.21,0.18966724,17.8,87,0,0
1679,10,23,7,0,1.6798667,0,0,0.21,0.16973126,17.8,87,0,0
1680,10,24,7,0,1.1686584,0,0,0.21,0.16224234,17.2,87,0,0
1681,10,1,1,0,0.49618334,0,0,0.21,0.14590223,17.2,90,0,0
1682,10,2,1,0,0.4261,0,0,0.21,0.13954489,17.2,87,0,0
1683,10,3,1,0,0.32808334,0,0,0.21,0.13674112,17.2,87,0,0
1684,10,4,1,0,0.5057333,0,0,0.21,0.13610578,17.2,87,0,0
1685,10,5,1,0,0.25481668,0,0,0.21,0.14825109,17.2,87,0,0
1686,10,6,1,0,0.2745,0,0,0.21,0.16350088,17.2,87,1,0
1687,10,7,1,0,0.30628332,131.625,0.5265,0.21,0.16718385,17.2,84,25,13
1688,10,8,1,0,0.34135,347.72083,1.39088332,0.21,0.17571971,17.8,81,111,6
1689,10,9,1,0,0.29291666,501.42917,2.00571668,0.21,0.18558328,18.3,81,181,6
1690,10,10,1,0,2.2713168,605.60834,2.42243336,0.21,0.19945285,19.4,73,248,1
1691,10,11,1,0,2.5253668,653.2375,2.61295,0.21,0.20173366,22.8,64,421,172
1692,10,12,1,0,1.3243,644.4583,2.5778332,0.21,0.20827861,21.7,68,747,747
1693,10,13,1,0,1.6064667,579.57916,2.31831664,0.21,0.2172219,21.7,68,622,544
1694,10,14,1,0,1.8812166,480.6625,1.92265,0.21,0.21998347,20,73,636,708
1695,10,15,1,0,1.99885,335.59583,1.34238332,0.21,0.22103655,19.4,76,491,573
1696,10,16,1,0,2.0707166,143.25833,0.57303332,0.5,0.21797997,18.9,78,346,636
1697,10,17,1,0,1.93835,24.083334,0.096333336,0.5,0.2201103,17.8,84,114,159
1698,10,18,1,0,1.95145,0,0,0.5,0.22027262,17.8,84,15,21
1699,10,19,1,0,0.18495005,0,0,0.5,0.22297105,17.2,87,0,0
1700,10,20,1,0,0.06871674,0,0,0.5,0.21705525,17.2,87,0,0
1701,10,21,1,0,0.033816732,0,0,0.21,0.19682696,17.2,87,0,0
1702,10,22,1,0,0.53833336,0,0,0.21,0.17334092,17.2,90,0,0
1703,10,23,1,0,0.57463336,0,0,0.21,0.15863363,17.8,84,0,0
1704,10,24,1,0,0.32745,0,0,0.21,0.14494048,16.7,87,0,0
1705,10,1,2,0,0.50298333,0,0,0.21,0.13856545,17.2,90,0,0
1706,10,2,2,0,0.29115,0,0,0.21,0.1375556,17.2,90,0,0
1707,10,3,2,0,0.2896,0,0,0.21,0.13645807,17.2,90,0,0
1708,10,4,2,0,1.2793,0,0,0.21,0.13726924,17.2,90,0,0
1709,10,5,2,0,0.45316666,0,0,0.21,0.1427933,17.2,87,0,0
1710,10,6,2,0,0.62205,0,0,0.21,0.1527689,17.2,87,0,0
1711,10,7,2,0,0.81733334,130.87917,0.52351668,0.21,0.15639612,17.2,87,27,2
1712,10,8,2,0,0.38623333,348.0375,1.39215,0.21,0.16924609,17.8,81,108,10
1713,10,9,2,0,0.42588332,503.14166,2.01256664,0.21,0.1736451,19.4,76,406,517
1714,10,10,2,0,2.3513417,605.4646,2.4218584,0.21,0.1781396,20,76,542,556
1715,10,11,2,0,2.4892,653.225,2.6129,0.21,0.18086717,20.6,73,708,782
1716,10,12,2,0,1.1478,650.39166,2.60156664,0.21,0.18324487,20.6,71,763,816
1717,10,13,2,0,0.308,595.04584,2.38018336,0.21,0.18932651,20.6,71,704,727
1718,10,14,2,0,0.32801667,491.85416,1.96741664,0.21,0.19122414,20,76,625,717
1719,10,15,2,0,2.4633167,335.70416,1.34281664,0.21,0.19154757,20,76,447,505
1720,10,16,2,0,1.41285,157.1625,0.62865,0.5,0.19242741,18.9,81,284,403
1721,10,17,2,0,1.652,26.8625,0.10745,0.5,0.19331603,17.8,87,84,30
1722,10,18,2,0,1.2870333,0,0,0.5,0.18945311,17.8,87,2,1
1723,10,19,2,0,0.08788339,0,0,0.5,0.18992542,17.8,87,0,0
1724,10,20,2,0,0.03933339,0,0,0.5,0.18310042,17.8,84,0,0
1725,10,21,2,0,0.031400036,0,0,0.21,0.1638409,16.7,90,0,0
1726,10,22,2,0,0.22531672,0,0,0.21,0.14270616,16.7,90,0,0
1727,10,23,2,0,0.5589,0,0,0.21,0.12294433,16.7,90,0,0
1728,10,24,2,0,0.2934,0,0,0.21,0.105526276,16.1,90,0,0
1729,10,1,3,0,0.25703335,0,0,0.21,0.10020157,16.1,87,0,0
1730,10,2,3,0,0.26096666,0,0,0.21,0.10194418,16.1,90,0,0
1731,10,3,3,0,0.267,0,0,0.21,0.099927895,16.7,84,0,0
1732,10,4,3,0,0.25978333,0,0,0.21,0.09933832,16.7,84,0,0
1733,10,5,3,0,0.26896667,0,0,0.21,0.10887078,16.7,84,0,0
1734,10,6,3,0,0.33625,0,0,0.21,0.12315138,16.7,84,1,0
1735,10,7,3,0,0.79315,30.770834,0.123083336,0.21,0.13834901,17.2,81,40,1
1736,10,8,3,0,0.33076668,86.20417,0.34481668,0.21,0.1434084,17.8,78,112,6
1737,10,9,3,0,0.30606666,156.875,0.6275,0.21,0.14723143,17.8,78,203,0
1738,10,10,3,0,0.9173833,240.975,0.9639,0.21,0.1508447,20,68,522,409
1739,10,11,3,0,0.8045167,226.79584,0.90718336,0.21,0.14638744,19.4,70,639,531
1740,10,12,3,0,2.2292666,588.29584,2.35318336,0.21,0.13983925,19.4,73,704,626
1741,10,13,3,0,2.2951,595.9625,2.38385,0.21,0.14270164,19.4,70,685,615
1742,10,14,3,0,0.7326,482.54584,1.93018336,0.21,0.14344528,19.4,73,595,574
1743,10,15,3,0,0.43233332,327.83334,1.31133336,0.21,0.14365096,18.3,78,427,390
1744,10,16,3,0,1.1273333,154.28334,0.61713336,0.5,0.15098736,18.3,78,229,109
1745,10,17,3,0,1.7113,28.141666,0.112566664,0.5,0.15234648,17.8,84,73,62
1746,10,18,3,0,0.9322,0,0,0.5,0.15160528,17.2,87,16,10
1747,10,19,3,0,0.08371675,0,0,0.5,0.15190272,17.2,87,0,0
1748,10,20,3,0,0.01578342,0,0,0.5,0.15047275,17.2,87,0,0
1749,10,21,3,0,0.0045834216,0,0,0.21,0.1346681,17.2,87,0,0
1750,10,22,3,0,9.9999994e-08,0,0,0.21,0.11379581,16.7,87,0,0
1751,10,23,3,0,0.14188339,0,0,0.21,0.10536204,16.7,87,0,0
1752,10,24,3,0,0.27894166,0,0,0.21,0.095140815,17.2,84,0,0
1753,10,1,4,0,0.2668,0,0,0.21,0.09393575,16.1,90,0,0
1754,10,2,4,0,0.2674,0,0,0.21,0.09518554,16.1,90,0,0
1755,10,3,4,0,0.27098334,0,0,0.21,0.09305757,16.1,90,0,0
1756,10,4,4,0,0.46005,0,0,0.21,0.09569938,16.1,90,0,0
1757,10,5,4,0,0.3418,0,0,0.21,0.107501134,15.6,93,0,0
1758,10,6,4,0,0.44428334,0,0,0.21,0.12877677,16.1,90,0,0
1759,10,7,4,0,0.28853333,113.42917,0.45371668,0.21,0.13735917,16.7,87,19,0
1760,10,8,4,0,0.29726666,330.3125,1.32125,0.21,0.14173396,17.2,87,88,49
1761,10,9,4,0,0.27248332,490.6125,1.96245,0.21,0.14439777,17.8,84,183,9
1762,10,10,4,0,2.26425,594.55,2.3782,0.21,0.1439486,20,73,466,196
1763,10,11,4,0,2.4555,640.36664,2.56146656,0.21,0.14752112,19.4,76,471,228
1764,10,12,4,0,0.90741664,624.6042,2.4984168,0.21,0.14300737,18.9,78,402,111
1765,10,13,4,0,0.3012,556.5292,2.2261168,0.21,0.13942517,20.6,71,378,129
1766,10,14,4,0,0.26363334,448.48334,1.79393336,0.21,0.13992327,20.6,73,586,477
1767,10,15,4,0,0.22824167,258.68124,1.03472496,0.21,0.13892509,19.4,78,359,246
1768,10,16,4,0,1.16055,141.83333,0.56733332,0.5,0.13999301,18.9,78,208,175
1769,10,17,4,0,1.4835833,40.8625,0.16345,0.5,0.14267376,17.2,87,86,27
1770,10,18,4,0,1.1714833,0,0,0.5,0.14598575,16.7,87,7,0
1771,10,19,4,0,0.04498342,0,0,0.5,0.15043277,16.7,87,0,0
1772,10,20,4,0,0.10415007,0,0,0.5,0.13852264,16.7,87,0,0
1773,10,21,4,0,0.15466672,0,0,0.21,0.12851098,17.2,87,0,0
1774,10,22,4,0,0.11995007,0,0,0.21,0.108001426,17.2,87,0,0
1775,10,23,4,0,0.339,0,0,0.21,0.10174966,17.2,84,0,0
1776,10,24,4,0,0.295475,0,0,0.21,0.095486395,16.7,87,0,0
1777,10,1,5,0,0.27278334,0,0,0.21,0.100384414,17.2,81,0,0
1778,10,2,5,0,0.25076666,0,0,0.21,0.0970657,17.2,81,0,0
1779,10,3,5,0,0.25791666,0,0,0.21,0.098891966,17.2,78,0,0
1780,10,4,5,0,0.36063334,0,0,0.21,0.102010995,17.2,75,0,0
1781,10,5,5,0,0.33145,0,0,0.21,0.10709437,17.2,78,0,0
1782,10,6,5,0,0.32521668,0,0,0.21,0.11320343,17.8,75,0,0
1783,10,7,5,0,0.5319667,82.3,0.3292,0.21,0.12121626,17.8,73,41,1
1784,10,8,5,0,0.27058333,312.09583,1.24838332,0.21,0.13211711,18.3,68,130,9
1785,10,9,5,0,0.33913332,479.7125,1.91885,0.21,0.12557583,18.9,68,235,14
1786,10,10,5,0,2.03925,582.7375,2.33095,0.21,0.13655718,19.4,63,225,8
1787,10,11,5,0,2.3597333,632.2083,2.5288332,0.21,0.1404621,20.6,59,281,8
1788,10,12,5,0,1.5216,625.7167,2.5028668,0.21,0.1415185,19.4,68,329,3
1789,10,13,5,0,0.30566666,566.0208,2.2640832,0.21,0.140675,19.4,70,381,2
1790,10,14,5,0,0.23705,460.60834,1.84243336,0.21,0.14244698,18.9,73,293,3
1791,10,15,5,0,0.20423333,307.57083,1.23028332,0.21,0.1420909,20,68,477,601
1792,10,16,5,0,2.0317833,140.25,0.561,0.5,0.14912394,18.9,73,262,398
1793,10,17,5,0,1.0814,24.404167,0.097616668,0.5,0.15711822,18.3,78,79,39
1794,10,18,5,0,0.6084167,0,0,0.5,0.16173375,17.2,84,7,0
1795,10,19,5,0,0.20683339,0,0,0.5,0.16966087,17.2,84,0,0
1796,10,20,5,0,0.15310007,0,0,0.5,0.16283672,17.2,84,0,0
1797,10,21,5,0,0.55016667,0,0,0.21,0.15627445,17.2,81,0,0
1798,10,22,5,0,0.71391666,0,0,0.21,0.13697119,16.7,81,0,0
1799,10,23,5,0,0.27296665,0,0,0.21,0.12217865,16.7,84,0,0
1800,10,24,5,0,0.264425,0,0,0.21,0.119945146,15.6,84,0,0
1801,10,1,6,0,0.25495,0,0,0.21,0.11450638,17.2,81,0,0
1802,10,2,6,0,0.2662,0,0,0.21,0.11321709,17.2,81,0,0
1803,10,3,6,0,0.37581667,0,0,0.21,0.11042784,17.2,78,0,0
1804,10,4,6,0,0.32816666,0,0,0.21,0.11298166,17.2,78,0,0
1805,10,5,6,0,0.36548334,0,0,0.21,0.1157293,16.7,81,0,0
1806,10,6,6,0,0.25626665,0,0,0.21,0.1169092,16.7,81,0,0
1807,10,7,6,0,0.2506,94.2,0.3768,0.21,0.11481175,16.7,81,10,0
1808,10,8,6,0,0.31015,306.90417,1.22761668,0.21,0.119642116,17.2,78,93,7
1809,10,9,6,0,1.9648167,471.9625,1.88785,0.21,0.12742145,18.3,73,250,5
1810,10,10,6,0,2.2708833,580.49164,2.32196656,0.21,0.13073567,18.9,68,237,1
1811,10,11,6,0,2.1299334,627.12085,2.5084834,0.21,0.13272442,20,66,361,81
1812,10,12,6,0,0.72838336,623.17914,2.49271656,0.21,0.13086802,20,68,727,768
1813,10,13,6,0,0.8419333,560.9167,2.2436668,0.21,0.12940261,20,68,707,803
1814,10,14,6,0,0.91785,458.27084,1.83308336,0.21,0.13391499,20,68,658,886
1815,10,15,6,0,1.18775,306.3875,1.22555,0.21,0.14029555,19.4,70,489,766
1816,10,16,6,0,2.2239168,135.94167,0.54376668,0.5,0.1442182,18.9,73,301,624
1817,10,17,6,0,0.28360006,23.616667,0.094466668,0.5,0.15243044,17.8,78,112,417
1818,10,18,6,0,0.65726674,0,0,0.5,0.15761696,16.7,84,14,40
1819,10,19,6,0,0.4491334,0,0,0.5,0.15902755,16.7,81,0,0
1820,10,20,6,0,0.69388336,0,0,0.5,0.15626334,16.7,81,0,0
1821,10,21,6,0,0.52855,0,0,0.21,0.14635308,16.7,81,0,0
1822,10,22,6,0,0.75603336,0,0,0.21,0.13534656,16.7,81,0,0
1823,10,23,6,0,0.6260333,0,0,0.21,0.12392009,15.6,84,0,0
1824,10,24,6,0,0.41955835,0,0,0.21,0.12555745,16.7,93,0,0
1825,10,1,7,0,0.39933333,0,0,0.21,0.12139634,15.6,84,0,0
1826,10,2,7,0,0.39975,0,0,0.21,0.11438006,15,87,0,0
1827,10,3,7,0,0.385,0,0,0.21,0.1120802,14.4,87,0,0
1828,10,4,7,0,0.48023334,0,0,0.21,0.1175467,13.9,90,0,0
1829,10,5,7,0,0.38383332,0,0,0.21,0.12402037,13.3,93,0,0
1830,10,6,7,0,0.29846665,0,0,0.21,0.13039397,14.4,87,0,0
1831,10,7,7,0,0.36041668,0,0,0.21,0.14008053,15,81,59,294
1832,10,8,7,0,0.36935,3.1291666,0.0125166664,0.21,0.14331137,17.8,73,236,635
1833,10,9,7,0,0.5677,27.725,0.1109,0.21,0.1502291,18.9,70,447,808
1834,10,10,7,0,1.1857834,306.39584,1.22558336,0.21,0.15566237,20,68,610,874
1835,10,11,7,0,0.56198335,177.02083,0.70808332,0.21,0.15484144,20.6,66,724,913
1836,10,12,7,0,1.0536833,271.25,1.085,0.21,0.15432023,20.6,66,718,843
1837,10,13,7,0,0.62755,146.725,0.5869,0.21,0.15595467,20.6,68,680,813
1838,10,14,7,0,0.5046667,124.35,0.4974,0.21,0.15489745,20.6,68,653,885
1839,10,15,7,0,0.43881667,144.375,0.5775,0.21,0.15302622,20,73,499,823
1840,10,16,7,0,0.58811665,80.129166,0.320516664,0.5,0.15574673,19.4,76,314,738
1841,10,17,7,0,0.051266734,16.804167,0.067216668,0.5,0.16108358,17.8,84,111,485
1842,10,18,7,0,0.6105,0,0,0.5,0.16946945,17.2,90,12,41
1843,10,19,7,0,0.9381667,0,0,0.5,0.17541912,17.2,90,0,0
1844,10,20,7,0,0.78985,0,0,0.5,0.17213519,17.2,93,0,0
1845,10,21,7,0,0.6508,0,0,0.21,0.16392833,17.2,93,0,0
1846,10,22,7,0,0.38288334,0,0,0.21,0.14896575,16.7,93,0,0
1847,10,23,7,0,0.32821667,0,0,0.21,0.135513,16.7,93,0,0
1848,10,24,7,0,0.28769165,0,0,0.21,0.12701,16.7,93,0,0
1849,10,1,1,0,0.27208334,0,0,0.21,0.12719025,16.1,93,0,0
1850,10,2,1,0,0.27873334,0,0,0.21,0.12589596,15.6,97,0,0
1851,10,3,1,0,0.27526668,0,0,0.21,0.1276373,15.6,93,0,0
1852,10,4,1,0,0.31186667,0,0,0.21,0.13124025,15,97,0,0
1853,10,5,1,0,0.35433334,0,0,0.21,0.141517,14.4,97,0,0
1854,10,6,1,0,0.30634,0,0,0.21,0.15367907,15,97,0,0
1855,10,7,1,0,0.28283334,0,0,0.21,0.161171,15.6,93,47,173
1856,10,8,1,0,0.47761667,8.841666,0.035366664,0.21,0.15799907,17.8,84,217,513
1857,10,9,1,0,0.41975,60.979168,0.243916672,0.21,0.1571707,20,78,407,583
1858,10,10,1,0,0.43516666,103.86667,0.41546668,0.21,0.15667608,21.1,71,565,754
1859,10,11,1,0,0.53491664,48.825,0.1953,0.21,0.14753959,20,76,682,767
1860,10,12,1,0,0.7574,174.25833,0.69703332,0.21,0.13901593,19.4,81,603,581
1861,10,13,1,0,0.57475,166.3375,0.66535,0.21,0.136339,21.1,73,680,798
1862,10,14,1,0,0.43278334,109.36667,0.43746668,0.21,0.13872838,21.1,73,627,803
1863,10,15,1,0,0.37296668,59.933334,0.239733336,0.21,0.1413465,19.4,81,482,748
1864,10,16,1,0,0.58283335,4.6041665,0.018416666,0.5,0.15154383,17.2,93,135,2
1865,10,17,1,0,0.5280667,0,0,0.5,0.15517841,16.7,97,35,5
1866,10,18,1,0,1.0898666,0,0,0.5,0.16105142,16.7,97,3,0
1867,10,19,1,0,1.07435,0,0,0.5,0.1645906,16.7,100,0,0
1868,10,20,1,0,1.2396333,0,0,0.5,0.1604069,16.7,97,0,0
1869,10,21,1,0,1.0268,0,0,0.21,0.150049,16.1,97,0,0
1870,10,22,1,0,0.36713332,0,0,0.21,0.13702177,16.1,97,0,0
1871,10,23,1,0,0.30845,0,0,0.21,0.117889516,16.7,93,0,0
1872,10,24,1,0,0.27085835,0,0,0.21,0.10991035,18.3,81,0,0
1873,10,1,2,0,0.27591667,0,0,0.21,0.10667379,15.6,97,0,0
1874,10,2,2,0,0.28566667,0,0,0.21,0.106188715,16.1,97,0,0
1875,10,3,2,0,0.26661667,0,0,0.21,0.10914164,15.6,100,0,0
1876,10,4,2,0,0.3121,0,0,0.21,0.11827925,15.6,100,0,0
1877,10,5,2,0,0.33961666,0,0,0.21,0.13222922,15,100,0,0
1878,10,6,2,0,0.37731665,0,0,0.21,0.15462534,14.4,100,0,0
1879,10,7,2,0,0.37896666,127.575,0.5103,0.21,0.16598488,14.4,100,37,32
1880,10,8,2,0,0.26603332,323.225,1.2929,0.21,0.16648142,16.1,90,229,541
1881,10,9,2,0,0.26263332,520.4042,2.0816168,0.21,0.1690676,23.9,52,439,789
1882,10,10,2,0,2.4049332,639.2917,2.5571668,0.21,0.16697726,21.1,68,571,791
1883,10,11,2,0,2.5598333,670.5125,2.68205,0.21,0.16346897,20.6,71,659,750
1884,10,12,2,0,0.9748,665.12915,2.6605166,0.21,0.16077387,19.4,76,726,879
1885,10,13,2,0,0.2635,609.2375,2.43695,0.21,0.16370714,18.9,78,757,820
1886,10,14,2,0,0.26165,503.23334,2.01293336,0.21,0.16370803,19.4,76,606,827
1887,10,15,2,0,0.2647,346.19583,1.38478332,0.21,0.16778609,18.3,84,468,766
1888,10,16,2,0,0.27025,156.69167,0.62676668,0.5,0.17186652,17.2,93,123,5
1889,10,17,2,0,0.47206667,23.275,0.0931,0.5,0.17360602,17.8,90,94,379
1890,10,18,2,0,0.23321667,0,0,0.5,0.17896087,17.8,93,10,21
1891,10,19,2,0,0.20333336,0,0,0.5,0.1815025,17.8,93,0,0
1892,10,20,2,0,0.05146672,0,0,0.5,0.16977379,18.3,90,0,0
1893,10,21,2,0,0.031033404,0,0,0.21,0.15320955,17.8,90,0,0
1894,10,22,2,0,0.019600095,0,0,0.21,0.13245405,18.3,87,0,0
1895,10,23,2,0,0.4329,0,0,0.21,0.11931229,18.3,84,0,0
1896,10,24,2,0,0.31708333,0,0,0.21,0.11617145,18.9,76,0,0
1897,10,1,3,0,0.3254,0,0,0.21,0.12462945,20,53,0,0
1898,10,2,3,0,0.31793332,0,0,0.21,0.10980278,17.2,73,0,0
1899,10,3,3,0,0.31066668,0,0,0.21,0.11032019,18.9,53,0,0
1900,10,4,3,0,0.31155,0,0,0.21,0.112920925,19.4,37,0,0
1901,10,5,3,0,0.31325,0,0,0.21,0.12254488,16.1,58,0,0
1902,10,6,3,0,0.42141667,0,0,0.21,0.13487406,18.9,33,0,0
1903,10,7,3,0,0.32985,128.25,0.513,0.21,0.14020154,20,29,40,34
1904,10,8,3,0,0.51755,380.80417,1.52321668,0.21,0.14037664,22.8,23,226,387
1905,10,9,3,0,0.46623334,557.175,2.2287,0.21,0.14184076,24.4,22,414,441
1906,10,10,3,0,2.6890333,669.62915,2.6785166,0.21,0.14105874,27.8,18,498,450
1907,10,11,3,0,2.7438667,721.15,2.8846,0.21,0.13806361,30.6,12,570,426
1908,10,12,3,0,1.0283166,711.13336,2.84453344,0.21,0.13858159,26.7,47,601,421
1909,10,13,3,0,0.23915,645.35834,2.58143336,0.21,0.14185202,25,50,612,396
1910,10,14,3,0,0.4607,528.05835,2.1122334,0.21,0.14320636,24.4,52,523,425
1911,10,15,3,0,0.5154333,365.04584,1.46018336,0.21,0.14433211,24.4,54,269,141
1912,10,16,3,0,1.02295,164.65416,0.65861664,0.5,0.14790879,20,84,217,213
1913,10,17,3,0,1.2228333,18.8625,0.07545,0.5,0.15259576,17.8,93,60,34
1914,10,18,3,0,1.28685,0,0,0.5,0.15733032,17.2,93,1,1
1915,10,19,3,0,0.06200009,0,0,0.5,0.16332184,18.3,90,0,0
1916,10,20,3,0,0.095333405,0,0,0.5,0.16467409,19.4,78,0,0
1917,10,21,3,0,0.06978341,0,0,0.21,0.15112299,19.4,78,0,0
1918,10,22,3,0,0.1969334,0,0,0.21,0.13399942,18.9,81,0,0
1919,10,23,3,0,0.33465,0,0,0.21,0.125406,18.9,78,0,0
1920,10,24,3,0,0.2165,0,0,0.21,0.108738236,18.3,73,0,0
1921,10,1,4,0,0.20785,0,0,0.21,0.10624552,18.9,76,0,0
1922,10,2,4,0,0.22078334,0,0,0.21,0.10657183,18.9,76,0,0
1923,10,3,4,0,0.22023334,0,0,0.21,0.11020215,18.9,76,0,0
1924,10,4,4,0,0.29036668,0,0,0.21,0.115515254,18.9,76,0,0
1925,10,5,4,0,0.28593335,0,0,0.21,0.12649742,18.9,76,0,0
1926,10,6,4,0,0.22776666,0,0,0.21,0.13956371,18.9,76,0,0
1927,10,7,4,0,0.21685,131.875,0.5275,0.21,0.14346051,18.9,76,29,0
1928,10,8,4,0,0.29813334,385.4625,1.54185,0.21,0.14146395,18.9,76,56,4
1929,10,9,4,0,0.2507,560.32916,2.24131664,0.21,0.14126639,18.9,76,98,4
1930,10,10,4,0,2.6083333,670.2375,2.68095,0.21,0.14229688,18.3,81,173,2
1931,10,11,4,0,2.7702668,718.88336,2.87553344,0.21,0.14497103,18.3,81,187,4
1932,10,12,4,0,1.2266,708.775,2.8351,0.21,0.14550969,17.8,87,200,4
1933,10,13,4,0,0.25075,643.4167,2.5736668,0.21,0.15097892,20.6,73,368,2
1934,10,14,4,0,0.2476,525.7125,2.10285,0.21,0.15177542,22.8,55,461,315
1935,10,15,4,0,0.21315,360.32916,1.44131664,0.21,0.15318029,21.7,55,252,67
1936,10,16,4,0,1.7687334,160.25417,0.64101668,0.5,0.165082,20,63,122,34
1937,10,17,4,0,0.8464,16.504168,0.066016672,0.5,0.16092727,20,55,41,2
1938,10,18,4,0,0.49565,0,0,0.5,0.16182303,18.9,65,1,0
1939,10,19,4,0,0.24433337,0,0,0.5,0.1600907,18.3,73,0,0
1940,10,20,4,0,0.42446667,0,0,0.5,0.15157321,18.9,61,0,0
1941,10,21,4,0,0.18680003,0,0,0.21,0.13937065,18.3,63,0,0
1942,10,22,4,0,0.98053336,0,0,0.21,0.11667342,18.3,63,0,0
1943,10,23,4,0,0.49656665,0,0,0.21,0.110368736,18.3,68,0,0
1944,10,24,4,0,0.54640836,0,0,0.21,0.10732334,18.3,78,0,0
1945,10,1,5,0,0.49031666,0,0,0.21,0.106168896,18.3,78,0,0
1946,10,2,5,0,0.21488333,0,0,0.21,0.10860244,18.3,78,0,0
1947,10,3,5,0,0.22353333,0,0,0.21,0.10759296,16.1,90,0,0
1948,10,4,5,0,0.26181668,0,0,0.21,0.10671879,16.7,84,0,0
1949,10,5,5,0,0.49675,0,0,0.21,0.108061336,16.7,81,0,0
1950,10,6,5,0,0.26908332,0,0,0.21,0.110129535,16.7,90,0,0
1951,10,7,5,0,0.3521,126.17917,0.50471668,0.21,0.11235607,16.1,93,20,9
1952,10,8,5,0,0.25885,370.45,1.4818,0.21,0.123680495,16.7,87,165,198
1953,10,9,5,0,0.24976666,525.80414,2.10321656,0.21,0.13449515,18.3,78,237,175
1954,10,10,5,0,2.6036832,617.0833,2.4683332,0.21,0.14041206,19.4,70,294,8
1955,10,11,5,0,2.65325,662.13336,2.64853344,0.21,0.14214988,20,66,261,12
1956,10,12,5,0,2.1147833,654.42084,2.61768336,0.21,0.14145239,21.1,59,388,3
1957,10,13,5,0,0.22671667,599.10834,2.39643336,0.21,0.13997483,21.1,64,339,10
1958,10,14,5,0,1.0149167,494.75,1.979,0.21,0.13687074,20.6,66,250,9
1959,10,15,5,0,1.3638834,339.9625,1.35985,0.21,0.134351,21.1,61,233,7
1960,10,16,5,0,2.1536,151.15416,0.60461664,0.5,0.14630431,20.6,63,201,91
1961,10,17,5,0,2.8266332,14.520833,0.058083332,0.5,0.15321614,20,68,68,21
1962,10,18,5,0,0.85728335,0,0,0.5,0.14939195,20,68,4,0
1963,10,19,5,0,0.14783338,0,0,0.5,0.1483066,18.3,81,0,0
1964,10,20,5,0,0.3384167,0,0,0.5,0.1402587,17.8,87,0,0
1965,10,21,5,0,0.024933394,0,0,0.21,0.13142167,18.3,84,0,0
1966,10,22,5,0,0.2820667,0,0,0.21,0.12149419,18.3,81,0,0
1967,10,23,5,0,0.30565,0,0,0.21,0.118677124,18.3,78,0,0
1968,10,24,5,0,0.52154166,0,0,0.21,0.11859234,18.9,90,0,0
1969,10,1,6,0,0.27918333,0,0,0.21,0.116960295,18.3,76,0,0
1970,10,2,6,0,0.24728334,0,0,0.21,0.119001694,18.3,76,0,0
1971,10,3,6,0,0.246,0,0,0.21,0.118444115,18.3,78,0,0
1972,10,4,6,0,0.34018335,0,0,0.21,0.119065545,18.3,81,0,0
1973,10,5,6,0,0.29378334,0,0,0.21,0.11906941,17.8,87,0,0
1974,10,6,6,0,0.2477,0,0,0.21,0.11910429,17.2,93,0,0
1975,10,7,6,0,0.24498333,127.76667,0.51106668,0.21,0.1212316,17.2,90,22,0
1976,10,8,6,0,0.24598333,372.27917,1.48911668,0.21,0.11995615,17.2,97,71,8
1977,10,9,6,0,2.0761,531.50415,2.1260166,0.21,0.123822905,17.2,97,109,0
1978,10,10,6,0,2.7593167,636,2.544,0.21,0.13391078,17.8,97,143,11
1979,10,11,6,0,2.6710668,676.87915,2.7075166,0.21,0.13838662,17.8,97,166,8
1980,10,12,6,0,0.7359667,665.2,2.6608,0.21,0.14059328,18.9,93,171,3
1981,10,13,6,0,0.23451667,598.12085,2.3924834,0.21,0.14204721,21.7,81,398,136
1982,10,14,6,0,0.25125,503.1625,2.01265,0.21,0.14554067,22.8,76,466,204
1983,10,15,6,0,0.80675,348.44583,1.39378332,0.21,0.1439357,21.1,79,266,77
1984,10,16,6,0,2.0922666,152.95416,0.61181664,0.5,0.1461172,20.6,84,190,46
1985,10,17,6,0,0.18198335,15.5375,0.06215,0.5,0.14357872,19.4,87,32,11
1986,10,18,6,0,0.15461667,0,0,0.5,0.14825158,18.9,93,0,0
1987,10,19,6,0,0.29853332,0,0,0.5,0.15426537,18.9,90,0,0
1988,10,20,6,0,0.14680001,0,0,0.5,0.14681333,18.9,93,0,0
1989,10,21,6,0,1.69355,0,0,0.21,0.13724656,19.4,87,0,0
1990,10,22,6,0,0.37935,0,0,0.21,0.120138526,19.4,87,0,0
1991,10,23,6,0,0.2576,0,0,0.21,0.11371729,19.4,87,0,0
1992,10,24,6,0,0.24840833,0,0,0.21,0.11068119,16.7,93,0,0
1993,10,1,7,0,0.24751666,0,0,0.21,0.107643634,18.9,90,0,0
1994,10,2,7,0,0.25226668,0,0,0.21,0.108744994,18.3,97,0,0
1995,10,3,7,0,0.25231665,0,0,0.21,0.10932158,18.3,93,0,0
1996,10,4,7,0,0.2515,0,0,0.21,0.11472615,17.8,97,0,0
1997,10,5,7,0,0.25143334,0,0,0.21,0.12212915,17.2,100,0,0
1998,10,6,7,0,0.23695,0,0,0.21,0.1372974,17.2,97,0,0
1999,10,7,7,0,0.23471667,10.070833,0.040283332,0.21,0.1539505,17.2,97,33,0
2000,10,8,7,0,0.24923334,143.75,0.575,0.21,0.15954298,17.8,93,96,11
2001,10,9,7,0,1.2734833,318.82916,1.27531664,0.21,0.16283391,18.3,90,154,68
2002,10,10,7,0,1.2478666,320.66666,1.28266664,0.21,0.16754484,19.4,84,435,346
2003,10,11,7,0,1.4668334,375.4375,1.50175,0.21,0.17129104,18.9,87,500,336
2004,10,12,7,0,0.39548334,79.6875,0.31875,0.21,0.17270254,20,76,660,634
2005,10,13,7,0,0.42005,148.72917,0.59491668,0.21,0.17798112,20,76,656,700
2006,10,14,7,0,0.41731668,164.23334,0.65693336,0.21,0.17856231,20.6,71,554,617
2007,10,15,7,0,0.70365,72.8375,0.29135,0.21,0.17737631,19.4,78,412,556
2008,10,16,7,0,1.33415,10.820833,0.043283332,0.5,0.1769601,18.9,78,239,446
2009,10,17,7,0,0.43806666,0,0,0.5,0.17444834,17.8,84,65,139
2010,10,18,7,0,0.21498334,0,0,0.5,0.17887415,17.2,87,3,0
2011,10,19,7,0,0.31725,0,0,0.5,0.17940222,17.2,87,0,0
2012,10,20,7,0,2.3382666,0,0,0.5,0.1683248,17.2,90,0,0
2013,10,21,7,0,1.7074167,0,0,0.21,0.15231082,17.2,93,0,0
2014,10,22,7,0,1.0261,0,0,0.21,0.13870725,17.2,93,0,0
2015,10,23,7,0,0.41531667,0,0,0.21,0.13043617,17.2,90,0,0
2016,10,24,7,0,0.288475,0,0,0.21,0.12673618,16.1,93,0,0
2017,10,1,1,0,0.29238334,0,0,0.21,0.11744947,16.1,93,0,0
2018,10,2,1,0,0.26495,0,0,0.21,0.11664561,15.6,93,0,0
2019,10,3,1,0,0.2679,0,0,0.21,0.11672731,15.6,87,0,0
2020,10,4,1,0,0.26878333,0,0,0.21,0.11658019,14.4,93,0,0
2021,10,5,1,0,0.26266667,0,0,0.21,0.12885265,14.4,97,0,0
2022,10,6,1,0,0.30015,0,0,0.21,0.15329017,14.4,93,0,0
2023,10,7,1,0,0.26508334,0,0,0.21,0.15499854,15.6,87,19,4
2024,10,8,1,0,0.25171667,2.4833333,0.0099333332,0.21,0.1624444,17.2,81,113,60
2025,10,9,1,0,0.28105,108.67917,0.43471668,0.21,0.17541352,18.3,78,244,89
2026,10,10,1,0,0.8215333,214.76666,0.85906664,0.21,0.17561828,20.6,68,158,2
2027,10,11,1,0,0.41521665,65.88333,0.26353332,0.21,0.18478622,20.6,73,595,555
2028,10,12,1,0,0.6554,87.75833,0.35103332,0.21,0.19265385,21.1,73,613,491
2029,10,13,1,0,0.48318332,129.4625,0.51785,0.21,0.18834841,20.6,76,618,557
2030,10,14,1,0,0.6088167,152.7625,0.61105,0.21,0.18615119,19.4,81,371,166
2031,10,15,1,0,0.4816,22.545834,0.090183336,0.21,0.18452223,18.9,84,259,75
2032,10,16,1,0,0.27143332,22.75,0.091,0.5,0.18824226,18.9,84,152,141
2033,10,17,1,0,0.29726666,1.5791667,0.0063166668,0.5,0.1881543,17.8,90,39,2
2034,10,18,1,0,0.4655,0,0,0.5,0.19267558,17.2,93,2,0
2035,10,19,1,0,0.8412167,0,0,0.5,0.19548224,17.2,93,0,0
2036,10,20,1,0,0.9831,0,0,0.5,0.18941146,17.8,93,0,0
2037,10,21,1,0,1.0483583,0,0,0.21,0.17466658,17.8,90,0,0
2038,10,22,1,0,0.70065,0,0,0.21,0.14939539,17.8,90,0,0
2039,10,23,1,0,0.39531666,0,0,0.21,0.13915652,17.8,87,0,0
2040,10,24,1,0,0.34210834,0,0,0.21,0.13087778,16.1,40,0,0
2041,10,1,2,0,0.31713334,0,0,0.21,0.124053106,17.2,87,0,0
2042,10,2,2,0,0.3021,0,0,0.21,0.1224474,16.7,90,0,0
2043,10,3,2,0,0.26516667,0,0,0.21,0.1224903,17.2,84,0,0
2044,10,4,2,0,0.3114,0,0,0.21,0.12224566,16.7,84,0,0
2045,10,5,2,0,0.38701665,0,0,0.21,0.13013321,16.1,84,0,0
2046,10,6,2,0,0.38778332,0,0,0.21,0.14038604,15.6,78,0,0
2047,10,7,2,0,0.26981667,97.004166,0.388016664,0.21,0.15484054,16.7,65,33,55
2048,10,8,2,0,0.25858334,350.01666,1.40006664,0.21,0.15718482,17.2,63,194,385
2049,10,9,2,0,0.2554,515.64166,2.06256664,0.21,0.1689548,17.8,58,353,522
2050,10,10,2,0,2.3116,615.05414,2.46021656,0.21,0.17702486,18.9,53,526,620
2051,10,11,2,0,2.48955,654.8875,2.61955,0.21,0.18159801,18.9,57,580,600
2052,10,12,2,0,0.52711666,647.9,2.5916,0.21,0.17853698,18.9,59,689,745
2053,10,13,2,0,0.32706666,574.4625,2.29785,0.21,0.1795526,19.4,55,654,722
2054,10,14,2,0,0.26074168,461.33542,1.84534168,0.21,0.18422338,18.9,61,567,690
2055,10,15,2,0,0.25995,312.21667,1.24886668,0.21,0.18494736,18.3,61,421,615
2056,10,16,2,0,0.47621667,137.81667,0.55126668,0.5,0.18318528,17.8,68,234,455
2057,10,17,2,0,0.39051667,16.683332,0.066733328,0.5,0.18455763,17.8,65,60,137
2058,10,18,2,0,0.58875,0,0,0.5,0.1880541,17.8,63,1,0
2059,10,19,2,0,0.05160004,0,0,0.5,0.18755174,18.3,47,0,0
2060,10,20,2,0,0.09246668,0,0,0.5,0.17741464,17.8,38,0,0
2061,10,21,2,0,0.012783414,0,0,0.21,0.16115595,17.8,36,0,0
2062,10,22,2,0,9.9999994e-08,0,0,0.21,0.13954362,17.2,35,0,0
2063,10,23,2,0,0.07900007,0,0,0.21,0.136275,16.1,40,0,0
2064,10,24,2,0,0.27514166,0,0,0.21,0.12822855,13.9,75,0,0
2065,10,1,3,0,0.26605,0,0,0.21,0.12701422,15,42,0,0
2066,10,2,3,0,0.27133334,0,0,0.21,0.12607382,15,41,0,0
2067,10,3,3,0,0.25865,0,0,0.21,0.12623301,13.9,44,0,0
2068,10,4,3,0,0.31405,0,0,0.21,0.12700464,13.3,45,0,0
2069,10,5,3,0,0.28358334,0,0,0.21,0.1373085,12.2,51,0,0
2070,10,6,3,0,0.30015,0,0,0.21,0.15651508,12.2,53,0,0
2071,10,7,3,0,0.39685,85.729164,0.342916656,0.21,0.16576914,13.3,47,40,108
2072,10,8,3,0,0.3225,276.69583,1.10678332,0.21,0.16663848,16.1,43,198,493
2073,10,9,3,0,0.5813,494.32916,1.97731664,0.21,0.16917697,17.8,37,396,684
2074,10,10,3,0,2.2833834,611.19165,2.4447666,0.21,0.17238195,19.4,33,562,775
2075,10,11,3,0,2.53665,653.7917,2.6151668,0.21,0.17034133,21.1,32,670,817
2076,10,12,3,0,1.40645,614.49164,2.45796656,0.21,0.16957302,20.6,46,708,825
2077,10,13,3,0,0.30764723,540.5833,2.1623332,0.21,0.16788593,19.4,49,682,816
2078,10,14,3,0,0.28846666,367.18332,1.46873328,0.21,0.16720362,18.9,51,590,782
2079,10,15,3,0,0.33701667,277.225,1.1089,0.21,0.16521566,18.9,51,437,704
2080,10,16,3,0,1.9680166,97.3125,0.38925,0.5,0.16723874,18.3,52,246,550
2081,10,17,3,0,1.6973667,19.983334,0.079933336,0.5,0.17119217,16.7,63,64,210
2082,10,18,3,0,1.5233,0,0,0.5,0.17804067,16.1,67,1,1
2083,10,19,3,0,0.37905002,0,0,0.5,0.17564754,16.1,72,0,0
2084,10,20,3,0,0.13198338,0,0,0.5,0.1725894,16.1,70,0,0
2085,10,21,3,0,0.7757667,0,0,0.21,0.1597344,16.7,43,0,0
2086,10,22,3,0,1.8429333,0,0,0.21,0.1376456,16.1,48,0,0
2087,10,23,3,0,0.35256666,0,0,0.21,0.12527502,14.4,62,0,0
2088,10,24,3,0,0.3252,0,0,0.21,0.11975277,13.3,87,0,0
2089,10,1,4,0,0.34178334,0,0,0.21,0.11092371,13.3,78,0,0
2090,10,2,4,0,0.31045,0,0,0.21,0.10900905,12.2,80,0,0
2091,10,3,4,0,0.29173332,0,0,0.21,0.10969847,11.7,74,0,0
2092,10,4,4,0,0.36985,0,0,0.21,0.11229342,11.7,72,0,0
2093,10,5,4,0,0.32878333,0,0,0.21,0.123370826,12.2,64,0,0
2094,10,6,4,0,0.45263332,0,0,0.21,0.14995913,10.6,69,0,0
2095,10,7,4,0,0.40823334,20.7875,0.08315,0.21,0.16410257,12.2,59,35,35
2096,10,8,4,0,0.3103,164.63333,0.65853332,0.21,0.15775958,14.4,53,172,329
2097,10,9,4,0,0.30235,388.20416,1.55281664,0.21,0.16019839,16.7,52,362,532
2098,10,10,4,0,1.1756417,336.675,1.3467,0.21,0.15913536,19.4,44,526,639
2099,10,11,4,0,1.6897167,464.66666,1.85866664,0.21,0.16076891,18.9,63,631,685
2100,10,12,4,0,1.5248,413.28333,1.65313332,0.21,0.15400617,19.4,57,677,705
2101,10,13,4,0,1.02795,285.04584,1.14018336,0.21,0.15402433,19.4,63,649,692
2102,10,14,4,0,0.8207833,287.14166,1.14856664,0.21,0.15392655,19.4,59,556,651
2103,10,15,4,0,0.21851666,148.83333,0.59533332,0.21,0.15371522,19.4,55,404,561
2104,10,16,4,0,0.47125,65.245834,0.260983336,0.5,0.15498263,18.3,61,217,388
2105,10,17,4,0,0.55273336,15.4625,0.06185,0.5,0.16000827,16.7,70,53,86
2106,10,18,4,0,0.36593333,0,0,0.5,0.1705206,15.6,78,1,0
2107,10,19,4,0,0.15393336,0,0,0.5,0.16942894,15.6,87,0,0
2108,10,20,4,0,0.03241675,0,0,0.5,0.16022898,15,87,0,0
2109,10,21,4,0,0.1280834,0,0,0.21,0.14705269,14.4,87,0,0
2110,10,22,4,0,0.06611675,0,0,0.21,0.12746574,14.4,90,0,0
2111,10,23,4,0,0.94193333,0,0,0.21,0.11377729,14.4,90,0,0
2112,10,24,4,0,0.32006666,0,0,0.21,0.105097294,15,78,0,0
2113,10,1,5,0,0.3326,0,0,0.21,0.099908724,12.8,90,0,0
2114,10,2,5,0,0.29675,0,0,0.21,0.09803376,12.2,93,0,0
2115,10,3,5,0,0.26873332,0,0,0.21,0.102894664,12.2,93,0,0
2116,10,4,5,0,0.36293334,0,0,0.21,0.09758351,11.1,90,0,0
2117,10,5,5,0,0.325,0,0,0.21,0.10034553,11.1,83,0,0
2118,10,6,5,0,0.2773,0,0,0.21,0.10556579,11.1,80,0,0
2119,10,7,5,0,0.33578333,36.279167,0.145116668,0.21,0.10657347,12.2,72,44,189
2120,10,8,5,0,0.30616668,73.270836,0.293083344,0.21,0.11890982,13.9,67,205,603
2121,10,9,5,0,0.28026667,177.75833,0.71103332,0.21,0.11900215,17.2,50,402,773
2122,10,10,5,0,0.77396667,234.72084,0.93888336,0.21,0.11589282,19.4,40,567,854
2123,10,11,5,0,0.36121666,115.4875,0.46195,0.21,0.11911413,21.7,29,679,897
2124,10,12,5,0,0.6727333,198.9125,0.79565,0.21,0.11519792,22.8,27,721,909
2125,10,13,5,0,0.32221666,110.65,0.4426,0.21,0.1103793,22.2,38,690,894
2126,10,14,5,0,0.40586665,140.02083,0.56008332,0.21,0.110073544,19.4,66,590,843
2127,10,15,5,0,0.44693333,148.375,0.5935,0.21,0.11520806,18.3,68,441,777
2128,10,16,5,0,0.414,124.1625,0.49665,0.5,0.12504977,18.3,61,254,634
2129,10,17,5,0,0.36298335,21.145834,0.084583336,0.5,0.13621026,17.2,65,66,289
2130,10,18,5,0,0.77543336,0,0,0.5,0.15686814,16.7,78,2,2
2131,10,19,5,0,0.0037500968,0,0,0.5,0.15451619,16.7,67,0,0
2132,10,20,5,0,0.45068336,0,0,0.5,0.14547902,16.7,70,0,0
2133,10,21,5,0,0.9970667,0,0,0.21,0.1294551,15.6,84,0,0
2134,10,22,5,0,0.81906664,0,0,0.21,0.1180141,15,81,0,0
2135,10,23,5,0,0.33616668,0,0,0.21,0.11200189,15,78,0,0
2136,10,24,5,0,0.32426667,0,0,0.21,0.11028864,15,24,0,0
2137,10,1,6,0,0.31678334,0,0,0.21,0.11600363,13.9,81,0,0
2138,10,2,6,0,0.28373334,0,0,0.21,0.13167828,13.9,78,0,0
2139,10,3,6,0,0.28018335,0,0,0.21,0.13015035,13.3,78,0,0
2140,10,4,6,0,0.31055,0,0,0.21,0.11017527,13.3,72,0,0
2141,10,5,6,0,0.4594,0,0,0.21,0.10750802,11.7,77,0,0
2142,10,6,6,0,0.72095,0,0,0.21,0.111531205,10.6,83,0,0
2143,10,7,6,0,0.26868334,30.4875,0.12195,0.21,0.11390232,11.7,77,37,84
2144,10,8,6,0,0.32356668,150.3,0.6012,0.21,0.123720184,16.1,50,184,456
2145,10,9,6,0,1.06705,312.425,1.2497,0.21,0.13888106,18.9,28,381,663
2146,10,10,6,0,1.6661333,453.9875,1.81595,0.21,0.13198812,21.7,20,549,763
2147,10,11,6,0,1.8720334,507.54584,2.03018336,0.21,0.13595995,23.3,15,662,815
2148,10,12,6,0,2.1080832,588.1458,2.3525832,0.21,0.14680956,25,13,707,831
2149,10,13,6,0,0.5213,397.0625,1.58825,0.21,0.15357691,25,13,680,821
2150,10,14,6,0,0.72478336,309.1125,1.23645,0.21,0.15071239,25.6,10,587,786
2151,10,15,6,0,0.7301,199.40416,0.79761664,0.21,0.15169784,25.6,13,429,699
2152,10,16,6,0,1.2971667,92.84583,0.37138332,0.5,0.15018138,23.3,21,225,488
2153,10,17,6,0,0.18350005,12.5625,0.05025,0.5,0.15323587,21.7,23,49,131
2154,10,18,6,0,0.026066756,0,0,0.5,0.15633048,19.4,24,0,0
2155,10,19,6,0,0.049333412,0,0,0.5,0.14998697,20,22,0,0
2156,10,20,6,0,0.3919834,0,0,0.5,0.15516198,18.9,16,0,0
2157,10,21,6,0,1.80485,0,0,0.21,0.14823467,18.3,14,0,0
2158,10,22,6,0,0.89098334,0,0,0.21,0.12670569,16.7,24,0,0
2159,10,23,6,0,0.37693334,0,0,0.21,0.11761831,17.8,19,0,0
2160,10,24,6,0,0.35800833,0,0,0.21,0.110773,16.7,34,0,0
2161,10,1,7,0,0.31139168,0,0,0.21,0.10670754,15.6,20,0,0
2162,10,2,7,0,0.28588334,0,0,0.21,0.10647798,15,19,0,0
2163,10,3,7,0,0.27648333,0,0,0.21,0.106757835,13.9,22,0,0
2164,10,4,7,0,0.35466668,0,0,0.21,0.10797783,13.9,23,0,0
2165,10,5,7,0,0.29985,0,0,0.21,0.11337999,12.2,26,0,0
2166,10,6,7,0,0.26366666,0,0,0.21,0.12241605,12.2,26,0,0
2167,10,7,7,0,0.25963333,0,0,0.21,0.13466051,13.9,23,40,81
2168,10,8,7,0,0.2585,34.733334,0.138933336,0.21,0.1304248,17.8,18,167,326
2169,10,9,7,0,0.36451668,70.67083,0.28268332,0.21,0.12937249,21.1,13,336,521
2170,10,10,7,0,0.44985,101.4375,0.40575,0.21,0.12462482,22.8,12,513,586
2171,10,11,7,0,0.98966664,285.8,1.1432,0.21,0.12163563,24.4,11,626,695
2172,10,12,7,0,0.6859,193.19167,0.77276668,0.21,0.12174464,26.1,11,598,549
2173,10,13,7,0,0.70098335,100.725,0.4029,0.21,0.119891405,26.7,10,602,595
2174,10,14,7,0,0.82281667,55.254166,0.221016664,0.21,0.11778694,25,13,347,144
2175,10,15,7,0,0.49763334,17.183332,0.068733328,0.21,0.12233717,22.2,29,353,216
2176,10,16,7,0,0.49621665,1.3291667,0.0053166668,0.5,0.1292427,20.6,36,185,118
2177,10,17,7,0,0.72503334,0,0,0.5,0.13893035,19.4,37,43,48
2178,10,18,7,0,0.36971667,0,0,0.5,0.14441939,18.9,37,0,0
2179,10,19,7,0,0.57353336,0,0,0.5,0.14551781,18.3,47,0,0
2180,10,20,7,0,0.83928335,0,0,0.5,0.14528398,17.2,50,0,0
2181,10,21,7,0,0.73505,0,0,0.21,0.13265511,17.2,54,0,0
2182,10,22,7,0,0.41498333,0,0,0.21,0.116278134,17.8,52,0,0
2183,10,23,7,0,0.4296,0,0,0.21,0.105706595,17.2,37,0,0
2184,10,24,7,0,0.36501667,0,0,0.21,0.106157,16.6,78,0,0
2185,10,1,1,0,0.27796668,0,0,0.21,0.09934802,15.6,41,0,0
2186,10,2,1,0,0.26965,0,0,0.21,0.09697533,16.1,37,0,0
2187,10,3,1,0,0.26496667,0,0,0.21,0.096773565,15.6,30,0,0
2188,10,4,1,0,0.37641665,0,0,0.21,0.099420615,14.4,36,0,0
2189,10,5,1,0,0.3034,0,0,0.21,0.11602573,13.9,32,0,0
2190,10,6,1,0,0.2696,0,0,0.21,0.13190097,13.3,30,0,0
2191,10,7,1,0,0.29736668,11.858334,0.047433336,0.21,0.14028192,13.9,28,38,108
2192,10,8,1,0,0.24833333,65.8125,0.26325,0.21,0.14971007,18.3,21,180,438
2193,10,9,1,0,0.26733333,243.61667,0.97446668,0.21,0.15242025,21.7,17,316,424
2194,10,10,1,0,1.2432166,345.025,1.3801,0.21,0.14463803,23.9,13,464,576
2195,10,11,1,0,1.7112167,456.38333,1.82553332,0.21,0.14076903,23.3,25,673,871
2196,10,12,1,0,2.0597668,546.8125,2.18725,0.21,0.14264019,21.7,29,612,662
2197,10,13,1,0,0.66758335,253.6625,1.01465,0.21,0.14164345,21.7,29,650,829
2198,10,14,1,0,0.26178333,245.17917,0.98071668,0.21,0.13722226,21.7,30,586,883
2199,10,15,1,0,0.25675,213.64583,0.85458332,0.21,0.13631716,21.1,29,439,823
2200,10,16,1,0,0.27171665,62.208332,0.248833328,0.5,0.14538744,21.1,31,248,685
2201,10,17,1,0,0.25948334,10.4375,0.04175,0.5,0.1528361,18.3,40,64,349
2202,10,18,1,0,0.35595,0,0,0.5,0.15165794,16.7,63,0,0
2203,10,19,1,0,0.3115167,0,0,0.5,0.15363277,16.1,70,0,0
2204,10,20,1,0,0.046783384,0,0,0.5,0.15298136,16.7,65,0,0
2205,10,21,1,0,0.027066706,0,0,0.21,0.14686143,16.1,72,0,0
2206,10,22,1,0,0.018616714,0,0,0.21,0.12997518,16.3,72,0,0
2207,10,23,1,0,9.9999994e-08,0,0,0.21,0.116835505,16.4,75,0,0
2208,10,24,1,0,0.27065,0,0,0.21,0.105028346,17.2,90,0,0
2209,11,1,2,0,0.27111667,0,0,0.21,0.09926665,16.7,100,0,0
2210,11,2,2,0,0.27998334,0,0,0.21,0.097904086,16.9,97,0,0
2211,11,3,2,0,0.2653,0,0,0.21,0.09832714,17,93,0,0
2212,11,4,2,0,0.6212,0,0,0.21,0.10148187,17.2,100,0,0
2213,11,5,2,0,0.8712,0,0,0.21,0.1140596,17.2,97,0,0
2214,11,6,2,0,0.9856,0,0,0.21,0.13327453,17.2,93,0,0
2215,11,7,2,0,1.2727333,13.5125,0.05405,0.21,0.1464681,17.8,87,25,0
2216,11,8,2,0,0.3692,56.3125,0.22525,0.21,0.15481737,18.3,84,94,63
2217,11,9,2,0,0.27583334,76.975,0.3079,0.21,0.14918856,18.9,81,235,118
2218,11,10,2,0,0.71993333,225.2875,0.90115,0.21,0.15196969,19.4,78,293,82
2219,11,11,2,0,0.98945,287.98334,1.15193336,0.21,0.15484281,18.3,84,285,192
2220,11,12,2,0,1.1949,341.29584,1.36518336,0.21,0.15522458,19.4,87,397,202
2221,11,13,2,0,0.8975,262.85834,1.05143336,0.21,0.15680969,20,76,369,112
2222,11,14,2,0,0.64931667,208.26666,0.83306664,0.21,0.14804941,19.4,81,379,233
2223,11,15,2,0,0.30561668,110.066666,0.440266664,0.21,0.14995548,20.6,81,361,409
2224,11,16,2,0,0.42488334,127.3125,0.50925,0.5,0.16144028,18.9,87,154,94
2225,11,17,2,0,0.23193334,12.904166,0.051616664,0.5,0.1610166,18.9,90,27,10
2226,11,18,2,0,0.47746667,0,0,0.5,0.16167414,18.3,93,0,0
2227,11,19,2,0,0.0113000935,0,0,0.5,0.16597402,18.3,93,0,0
2228,11,20,2,0,9.9999994e-08,0,0,0.5,0.16071454,17.8,97,0,0
2229,11,21,2,0,0.019500094,0,0,0.21,0.1506775,17.8,93,0,0
2230,11,22,2,0,0.869475,0,0,0.21,0.12926596,17.2,93,0,0
2231,11,23,2,0,0.58568335,0,0,0.21,0.1168271,17.2,90,0,0
2232,11,24,2,0,0.29491666,0,0,0.21,0.10051913,15.6,75,0,0
2233,11,1,3,0,0.2831,0,0,0.21,0.10166865,17.2,90,0,0
2234,11,2,3,0,0.25698334,0,0,0.21,0.098063454,16.7,90,0,0
2235,11,3,3,0,0.24593334,0,0,0.21,0.09986822,16.7,84,0,0
2236,11,4,3,0,1.2509,0,0,0.21,0.1043732,16.7,84,0,0
2237,11,5,3,0,0.86765,0,0,0.21,0.111163214,16.7,84,0,0
2238,11,6,3,0,1.3981167,0,0,0.21,0.12193326,16.7,81,0,0
2239,11,7,3,0,1.2012,95.775,0.3831,0.21,0.1316293,16.7,81,23,2
2240,11,8,3,0,0.3,359.83334,1.43933336,0.21,0.13446309,17.2,78,112,36
2241,11,9,3,0,0.5488167,541.225,2.1649,0.21,0.13767833,17.2,81,205,122
2242,11,10,3,0,2.4669,655.725,2.6229,0.21,0.13449825,17.2,78,344,254
2243,11,11,3,0,2.6805665,705.94586,2.82378344,0.21,0.13994578,18.3,73,612,765
2244,11,12,3,0,0.78676665,693.1375,2.77255,0.21,0.14571151,17.2,75,600,671
2245,11,13,3,0,0.24033333,624.12915,2.4965166,0.21,0.14453419,17.8,70,591,638
2246,11,14,3,0,0.55883336,504.60834,2.01843336,0.21,0.14497535,18.3,65,490,605
2247,11,15,3,0,0.50595,334.9625,1.33985,0.21,0.14754972,17.8,65,365,475
2248,11,16,3,0,0.27383333,132.41667,0.52966668,0.5,0.15372159,17.8,68,152,239
2249,11,17,3,0,0.48028332,7.6541667,0.0306166668,0.5,0.14967896,17.2,65,47,80
2250,11,18,3,0,0.83211666,0,0,0.5,0.1502498,16.7,70,0,0
2251,11,19,3,0,0.11983337,0,0,0.5,0.14827603,16.7,67,0,0
2252,11,20,3,0,0.026583416,0,0,0.5,0.14039132,16.7,73,0,0
2253,11,21,3,0,0.13740002,0,0,0.21,0.1299875,16.1,72,0,0
2254,11,22,3,0,0.18765,0,0,0.21,0.11006513,15,78,0,0
2255,11,23,3,0,0.36186665,0,0,0.21,0.101493426,15.6,75,0,0
2256,11,24,3,0,0.6564583,0,0,0.21,0.09384502,16.1,87,0,0
2257,11,1,4,0,0.7629333,0,0,0.21,0.09157096,15,75,0,0
2258,11,2,4,0,0.49176666,0,0,0.21,0.090757325,14.4,72,0,0
2259,11,3,4,0,0.4817,0,0,0.21,0.092322804,13.9,78,0,0
2260,11,4,4,0,0.47655,0,0,0.21,0.098015286,14.4,78,0,0
2261,11,5,4,0,0.4966,0,0,0.21,0.11113345,13.3,80,0,0
2262,11,6,4,0,0.49796668,0,0,0.21,0.1281118,13.3,80,0,0
2263,11,7,4,0,0.6127333,80.775,0.3231,0.21,0.1423789,13.3,83,34,98
2264,11,8,4,0,0.64093333,338.1,1.3524,0.21,0.14067845,15,75,174,498
2265,11,9,4,0,0.46335,516.95,2.0678,0.21,0.14694315,17.2,61,361,687
2266,11,10,4,0,2.5619833,629.51666,2.51806664,0.21,0.14531006,18.9,57,524,785
2267,11,11,4,0,2.9392166,676.9375,2.70775,0.21,0.14310937,19.4,53,629,828
2268,11,12,4,0,1.3224167,666.8958,2.6675832,0.21,0.14269365,18.3,54,633,681
2269,11,13,4,0,0.33016667,603.4583,2.4138332,0.21,0.14382225,20.6,53,618,777
2270,11,14,4,0,0.3223,485.34583,1.94138332,0.21,0.14543074,18.9,63,554,797
2271,11,15,4,0,0.30928335,319.21667,1.27686668,0.21,0.13558291,18.3,68,391,678
2272,11,16,4,0,1.3384833,124.504166,0.498016664,0.5,0.13432173,18.3,68,218,555
2273,11,17,4,0,0.76538336,7.133333,0.028533332,0.5,0.13577907,16.7,75,51,190
2274,11,18,4,0,2.0600166,0,0,0.5,0.14337131,16.1,78,0,0
2275,11,19,4,0,0.28881666,0,0,0.5,0.14657216,16.1,78,0,0
2276,11,20,4,0,0.32411668,0,0,0.5,0.15224135,16.1,78,0,0
2277,11,21,4,0,0.36365,0,0,0.21,0.15563096,15.6,84,0,0
2278,11,22,4,0,0.008216756,0,0,0.21,0.13260965,16.1,84,0,0
2279,11,23,4,0,0.18265004,0,0,0.21,0.121353164,16.1,84,0,0
2280,11,24,4,0,0.281825,0,0,0.21,0.09971992,14.4,84,0,0
2281,11,1,5,0,0.2514,0,0,0.21,0.09815923,15.6,90,0,0
2282,11,2,5,0,0.21385,0,0,0.21,0.10011573,15,90,0,0
2283,11,3,5,0,0.22606666,0,0,0.21,0.10028706,15,93,0,0
2284,11,4,5,0,0.21341667,0,0,0.21,0.10348778,14.4,93,0,0
2285,11,5,5,0,0.20868333,0,0,0.21,0.105043374,14.4,97,0,0
2286,11,6,5,0,0.3019,0,0,0.21,0.11040598,14.4,97,0,0
2287,11,7,5,0,0.33484167,83.6125,0.33445,0.21,0.11962337,14.4,97,30,6
2288,11,8,5,0,0.24665,325.17917,1.30071668,0.21,0.12248303,15.6,87,91,14
2289,11,9,5,0,0.36493334,495.65,1.9826,0.21,0.14069323,16.1,87,175,1
2290,11,10,5,0,2.3045332,595.74585,2.3829834,0.21,0.1323558,16.7,84,185,6
2291,11,11,5,0,2.7292666,639.3958,2.5575832,0.21,0.13295376,17.8,75,438,159
2292,11,12,5,0,1.5834,630.57086,2.52228344,0.21,0.13230415,18.9,68,497,274
2293,11,13,5,0,0.65461665,575.6042,2.3024168,0.21,0.13096842,19.4,66,263,92
2294,11,14,5,0,1.7350833,463.8875,1.85555,0.21,0.130622,18.9,73,354,240
2295,11,15,5,0,0.57495,305.20416,1.22081664,0.21,0.12685491,18.3,76,209,65
2296,11,16,5,0,2.2416334,107.291664,0.429166656,0.5,0.12783752,17.8,78,114,55
2297,11,17,5,0,2.17945,8.8,0.0352,0.5,0.13335866,17.2,81,25,1
2298,11,18,5,0,0.4152,0,0,0.5,0.13871866,17.2,84,0,0
2299,11,19,5,0,0.4324667,0,0,0.5,0.14075154,16.7,84,0,0
2300,11,20,5,0,0.085550055,0,0,0.5,0.12765008,15,93,0,0
2301,11,21,5,0,0.10891672,0,0,0.21,0.119328156,14.4,93,0,0
2302,11,22,5,0,0.8272167,0,0,0.21,0.10996071,14.4,87,0,0
2303,11,23,5,0,1.7009166,0,0,0.21,0.09515195,14.4,84,0,0
2304,11,24,5,0,0.414875,0,0,0.21,0.096663706,13.3,87,0,0
2305,11,1,6,0,0.30846667,0,0,0.21,0.110307075,14.4,84,0,0
2306,11,2,6,0,0.29538333,0,0,0.21,0.09318528,14.4,81,0,0
2307,11,3,6,0,0.30076668,0,0,0.21,0.07890798,13.9,90,0,0
2308,11,4,6,0,0.29870832,0,0,0.21,0.078261845,13.9,87,0,0
2309,11,5,6,0,0.28505,0,0,0.21,0.08296663,13.9,90,0,0
2310,11,6,6,0,0.40716666,0,0,0.21,0.086419985,13.9,97,0,0
2311,11,7,6,0,0.3306,61.4125,0.24565,0.21,0.08893488,13.9,87,22,2
2312,11,8,6,0,0.30238333,319.46667,1.27786668,0.21,0.09472293,15,78,49,0
2313,11,9,6,0,2.0583334,481.54584,1.92618336,0.21,0.09848027,15.6,75,111,5
2314,11,10,6,0,2.2465832,581.7208,2.3268832,0.21,0.10325308,15.6,75,132,6
2315,11,11,6,0,2.7154,632.2833,2.5291332,0.21,0.10600384,16.1,75,407,190
2316,11,12,6,0,1.3439333,628.24585,2.5129834,0.21,0.10595551,17.8,68,324,47
2317,11,13,6,0,0.94196665,570.5,2.282,0.21,0.10582671,18.3,65,220,46
2318,11,14,6,0,0.24353333,461.10416,1.84441664,0.21,0.10748715,14.4,87,108,0
2319,11,15,6,0,0.50105,304.75,1.219,0.21,0.11407742,16.1,84,164,96
2320,11,16,6,0,1.7969,117.558334,0.470233336,0.5,0.12708664,15.6,81,85,18
2321,11,17,6,0,0.1071334,7.695833,0.030783332,0.5,0.13621522,15,84,33,7
2322,11,18,6,0,0.0045667565,0,0,0.5,0.13031834,13.9,90,0,0
2323,11,19,6,0,0.31440002,0,0,0.5,0.124609746,13.9,87,0,0
2324,11,20,6,0,0.6727167,0,0,0.5,0.118185505,13.3,90,0,0
2325,11,21,6,0,2.7732832,0,0,0.21,0.11098892,13.3,90,0,0
2326,11,22,6,0,1.23375,0,0,0.21,0.0956308,13.3,90,0,0
2327,11,23,6,0,0.91071665,0,0,0.21,0.09176156,13.3,87,0,0
2328,11,24,6,0,0.5676917,0,0,0.21,0.07478041,14.4,84,0,0
2329,11,1,7,0,0.31113333,0,0,0.21,0.07038287,13.3,83,0,0
2330,11,2,7,0,0.29491666,0,0,0.21,0.07973184,13.3,80,0,0
2331,11,3,7,0,0.27496666,0,0,0.21,0.08148672,13.3,83,0,0
2332,11,4,7,0,0.25486666,0,0,0.21,0.08217973,13.3,87,0,0
2333,11,5,7,0,0.27215,0,0,0.21,0.10310178,12.8,90,0,0
2334,11,6,7,0,0.10628338,0,0,0.21,0.12879905,12.8,87,0,0
2335,11,7,7,0,0.26666668,297.075,1.1883,0.21,0.149943,12.8,90,31,101
2336,11,8,7,0,0.52166665,486.45,1.9458,0.21,0.15304722,15,78,167,517
2337,11,9,7,0,2.1615667,589.93335,2.3597334,0.21,0.16027828,16.7,73,353,708
2338,11,10,7,0,2.3713834,636.67914,2.54671656,0.21,0.1610603,17.8,70,481,664
2339,11,11,7,0,2.0212667,627.32086,2.50928344,0.21,0.15969154,18.3,68,576,683
2340,11,12,7,0,0.5811333,568.6542,2.2746168,0.21,0.16128728,18.9,65,639,776
2341,11,13,7,0,0.41395,445.92917,1.78371668,0.21,0.16229472,18.9,65,541,621
2342,11,14,7,0,0.73268336,290.67084,1.16268336,0.21,0.16593781,18.9,65,536,682
2343,11,15,7,0,1.6866,93.7875,0.37515,0.21,0.16123408,17.8,73,357,526
2344,11,16,7,0,1.7315834,9.275,0.0371,0.5,0.17178552,17.2,73,158,252
2345,11,17,7,0,0.040816747,0,0,0.5,0.1773752,16.7,75,44,72
2346,11,18,7,0,0.19708334,0,0,0.5,0.17486437,16.1,97,0,0
2347,11,19,7,0,0.0354334,0,0,0.5,0.17063408,16.1,78,0,0
2348,11,20,7,0,0.004283405,0,0,0.5,0.15914075,16.7,78,0,0
2349,11,21,7,0,0.78471667,0,0,0.21,0.14444388,15.6,81,0,0
2350,11,22,7,0,0.87598336,0,0,0.21,0.12401194,15.6,84,0,0
2351,11,23,7,0,0.3583,0,0,0.21,0.114303,15.6,81,0,0
2352,11,24,7,0,0.281975,0,0,0.21,0.11901699,15.6,93,0,0
2353,11,1,1,0,0.26033333,0,0,0.21,0.11938268,13.9,90,0,0
2354,11,2,1,0,0.27766666,0,0,0.21,0.11359271,13.9,87,0,0
2355,11,3,1,0,0.26975,0,0,0.21,0.11021115,13.3,90,0,0
2356,11,4,1,0,0.26413333,0,0,0.21,0.11809481,13.3,90,0,0
2357,11,5,1,0,0.4717,0,0,0.21,0.1351738,12.2,93,0,0
2358,11,6,1,0,0.66398335,0,0,0.21,0.15316452,12.2,96,0,0
2359,11,7,1,0,0.26663333,300.11667,1.20046668,0.21,0.1686129,11.7,96,22,11
2360,11,8,1,0,0.2657,476.35,1.9054,0.21,0.16951725,14.4,87,131,219
2361,11,9,1,0,0.25556666,578.0333,2.3121332,0.21,0.17050546,16.1,78,313,502
2362,11,10,1,0,2.3665667,621.05835,2.4842334,0.21,0.16884191,17.8,75,461,600
2363,11,11,1,0,1.6978667,607.4,2.4296,0.21,0.17754178,18.9,68,478,348
2364,11,12,1,0,0.25978333,547.3458,2.1893832,0.21,0.17793292,18.9,73,505,485
2365,11,13,1,0,0.4917,446.62918,1.78651672,0.21,0.18482786,18.9,70,597,686
2366,11,14,1,0,0.5927333,289.67917,1.15871668,0.21,0.1787772,18.9,70,502,634
2367,11,15,1,0,1.9584334,100.9875,0.40395,0.21,0.17995822,18.9,73,355,539
2368,11,16,1,0,1.5336666,0.90833336,0.00363333344,0.5,0.18406512,18.3,78,179,353
2369,11,17,1,0,1.4144833,0,0,0.5,0.19201458,16.7,84,39,54
2370,11,18,1,0,1.04915,0,0,0.5,0.19468276,16.7,87,0,0
2371,11,19,1,0,0.48886666,0,0,0.5,0.19620754,16.1,90,0,0
2372,11,20,1,0,0.46281666,0,0,0.5,0.18480477,16.7,87,0,0
2373,11,21,1,0,0.040550083,0,0,0.21,0.17235327,16.7,90,0,0
2374,11,22,1,0,0.36566666,0,0,0.21,0.14840232,16.1,90,0,0
2375,11,23,1,0,0.25556666,0,0,0.21,0.13092081,15.6,93,0,0
2376,11,24,1,0,0.25729167,0,0,0.21,0.11945535,15.6,93,0,0
2377,11,1,2,0,0.24301666,0,0,0.21,0.1246311,14.4,97,0,0
2378,11,2,2,0,0.23398334,0,0,0.21,0.109552525,13.9,100,0,0
2379,11,3,2,0,0.2332,0,0,0.21,0.11321314,13.3,97,0,0
2380,11,4,2,0,0.2449,0,0,0.21,0.12101552,13.3,97,0,0
2381,11,5,2,0,0.22938333,0,0,0.21,0.13986208,12.8,100,0,0
2382,11,6,2,0,0.13161671,0,0,0.21,0.16135852,12.2,100,0,0
2383,11,7,2,0,0.36033332,301.44583,1.20578332,0.21,0.17686772,11.7,100,26,49
2384,11,8,2,0,0.28403333,472.60416,1.89041664,0.21,0.18407765,13.9,93,152,390
2385,11,9,2,0,0.45015,587.2292,2.3489168,0.21,0.18941262,17.2,81,337,703
2386,11,10,2,0,2.4853334,643.92084,2.57568336,0.21,0.19168435,18.3,78,505,812
2387,11,11,2,0,2.4014168,640.6125,2.56245,0.21,0.18939725,20.6,68,610,854
2388,11,12,2,0,1.0101833,571.42914,2.28571656,0.21,0.18291476,20,73,648,863
2389,11,13,2,0,0.3886,462.225,1.8489,0.21,0.17765519,19.4,76,619,848
2390,11,14,2,0,0.6041167,301.2875,1.20515,0.21,0.17551152,19.4,78,532,817
2391,11,15,2,0,2.21675,112.3,0.4492,0.21,0.175079,18.9,81,389,747
2392,11,16,2,0,1.94555,5.641667,0.022566668,0.5,0.18226293,18.3,84,207,589
2393,11,17,2,0,1.8361167,0,0,0.5,0.19411102,17.8,87,41,116
2394,11,18,2,0,1.1253166,0,0,0.5,0.19617897,17.2,87,0,0
2395,11,19,2,0,0.20941673,0,0,0.5,0.19421895,17.2,93,0,0
2396,11,20,2,0,0.06428342,0,0,0.5,0.1925978,17.2,90,0,0
2397,11,21,2,0,0.15053341,0,0,0.21,0.17942777,17.2,90,0,0
2398,11,22,2,0,0.67661667,0,0,0.21,0.16052511,16.7,93,0,0
2399,11,23,2,0,0.54223335,0,0,0.21,0.14086112,16.1,93,0,0
2400,11,24,2,0,0.25611666,0,0,0.21,0.13126092,17.8,65,0,0
2401,11,1,3,0,0.23068333,0,0,0.21,0.12691426,15,97,0,0
2402,11,2,3,0,0.23373333,0,0,0.21,0.12451739,13.9,97,0,0
2403,11,3,3,0,0.23568334,0,0,0.21,0.12832332,14.4,97,0,0
2404,11,4,3,0,0.2488,0,0,0.21,0.12971936,13.3,100,0,0
2405,11,5,3,0,0.2384,0,0,0.21,0.14812425,12.8,100,0,0
2406,11,6,3,0,0.13113338,0,0,0.21,0.16841325,12.8,97,0,0
2407,11,7,3,0,0.33171666,309.93332,1.23973328,0.21,0.1774027,13.9,87,25,39
2408,11,8,3,0,0.41838333,490.00418,1.96001672,0.21,0.18076225,15.6,78,145,384
2409,11,9,3,0,0.6677167,571.725,2.2869,0.21,0.17312929,19.4,61,292,399
2410,11,10,3,0,2.4141667,593.12915,2.3725166,0.21,0.16321446,21.7,51,428,417
2411,11,11,3,0,2.3512166,596.25415,2.3850166,0.21,0.15891401,23.9,39,455,362
2412,11,12,3,0,1.7041833,561.6375,2.24655,0.21,0.15394787,21.1,64,562,405
2413,11,13,3,0,1.41555,460.9375,1.84375,0.21,0.15480596,20.6,71,576,530
2414,11,14,3,0,1.6515833,305.50833,1.22203332,0.21,0.15470956,20.6,66,437,382
2415,11,15,3,0,2.526,118.55417,0.47421668,0.21,0.16538504,21.1,61,328,360
2416,11,16,3,0,2.2557166,8.1,0.0324,0.5,0.17605744,19.4,78,172,310
2417,11,17,3,0,1.7777833,0,0,0.5,0.18760712,18.9,76,39,56
2418,11,18,3,0,1.9878833,0,0,0.5,0.17801069,17.8,87,0,0
2419,11,19,3,0,0.4745,0,0,0.5,0.16097271,17.8,87,0,0
2420,11,20,3,0,0.13876674,0,0,0.5,0.14830631,18.3,87,0,0
2421,11,21,3,0,0.05188342,0,0,0.21,0.1382978,17.8,87,0,0
2422,11,22,3,0,0.13526674,0,0,0.21,0.12728986,17.2,87,0,0
2423,11,23,3,0,0.26041666,0,0,0.21,0.11947481,17.2,84,0,0
2424,11,24,3,0,0.21985,0,0,0.21,0.11777743,18.9,53,0,0
2425,11,1,4,0,0.23086667,0,0,0.21,0.11554748,17.2,65,0,0
2426,11,2,4,0,0.1995,0,0,0.21,0.1164787,16.1,67,0,0
2427,11,3,4,0,0.20616667,0,0,0.21,0.11244517,16.1,65,0,0
2428,11,4,4,0,0.32733333,0,0,0.21,0.11740203,14.4,70,0,0
2429,11,5,4,0,0.25236666,0,0,0.21,0.13531153,15,67,0,0
2430,11,6,4,0,0.13015005,0,0,0.21,0.16335806,17.2,56,0,0
2431,11,7,4,0,0.30298334,305.04584,1.22018336,0.21,0.1723319,16.1,60,23,35
2432,11,8,4,0,0.22735,481.38333,1.92553332,0.21,0.16771111,18.3,56,141,383
2433,11,9,4,0,0.23826666,577.3375,2.30935,0.21,0.16923928,22.2,43,322,607
2434,11,10,4,0,2.32095,623.8458,2.4953832,0.21,0.15259144,23.9,34,454,575
2435,11,11,4,0,2.30895,616.87915,2.4675166,0.21,0.14311148,26.7,29,570,531
2436,11,12,4,0,0.9738,556.9875,2.22795,0.21,0.14363687,28.3,23,492,344
2437,11,13,4,0,0.2479,446.42084,1.78568336,0.21,0.14346278,28.9,21,478,392
2438,11,14,4,0,1.2592167,289.76666,1.15906664,0.21,0.14329089,27.2,33,458,496
2439,11,15,4,0,1.97785,107.2125,0.42885,0.21,0.14363804,25.6,35,318,289
2440,11,16,4,0,1.9946,5.0666666,0.0202666664,0.5,0.15571517,23.3,38,145,166
2441,11,17,4,0,1.16475,0,0,0.5,0.16490085,21.1,53,36,48
2442,11,18,4,0,0.42898333,0,0,0.5,0.16842829,20.6,63,0,0
2443,11,19,4,0,0.09728338,0,0,0.5,0.16904843,20.6,66,0,0
2444,11,20,4,0,0.063900016,0,0,0.5,0.16273612,21.1,59,0,0
2445,11,21,4,0,0.03673341,0,0,0.21,0.150948,21.7,46,0,0
2446,11,22,4,0,9.9999994e-08,0,0,0.21,0.14573514,20.6,51,0,0
2447,11,23,4,0,9.9999994e-08,0,0,0.21,0.13836478,20,49,0,0
2448,11,24,4,0,0.25248334,0,0,0.21,0.12956847,16.7,73,0,0
2449,11,1,5,0,0.46103334,0,0,0.21,0.12427866,19.4,49,0,0
2450,11,2,5,0,0.2736,0,0,0.21,0.12322447,18.3,49,0,0
2451,11,3,5,0,0.24006666,0,0,0.21,0.12538889,17.8,50,0,0
2452,11,4,5,0,0.2706,0,0,0.21,0.13129571,16.7,54,0,0
2453,11,5,5,0,0.28996667,0,0,0.21,0.138588,16.7,52,0,0
2454,11,6,5,0,0.12130005,0,0,0.21,0.13872029,16.7,48,0,0
2455,11,7,5,0,0.3352,303.79584,1.21518336,0.21,0.1487238,16.7,52,27,85
2456,11,8,5,0,0.28843334,476.57083,1.90628332,0.21,0.14970662,18.9,47,158,556
2457,11,9,5,0,0.28491667,579.9083,2.3196332,0.21,0.15052277,21.7,40,341,744
2458,11,10,5,0,2.3371665,624.3458,2.4973832,0.21,0.1501486,25,31,500,837
2459,11,11,5,0,2.3086834,619.1583,2.4766332,0.21,0.14379036,27.2,25,610,884
2460,11,12,5,0,0.33231667,557.6125,2.23045,0.21,0.14276993,27.8,36,643,884
2461,11,13,5,0,0.23053333,445.9625,1.78385,0.21,0.14161907,26.7,34,583,803
2462,11,14,5,0,0.19676666,289.25418,1.15701672,0.21,0.14011133,24.4,39,497,772
2463,11,15,5,0,1.85995,108,0.432,0.21,0.14362495,23.9,42,383,761
2464,11,16,5,0,1.2885166,4.766667,0.019066668,0.5,0.15399157,22.2,55,204,615
2465,11,17,5,0,1.0449834,0,0,0.5,0.16727981,20,68,46,222
2466,11,18,5,0,0.31843334,0,0,0.5,0.174109,19.4,63,0,0
2467,11,19,5,0,0.07683338,0,0,0.5,0.16433491,19.4,66,0,0
2468,11,20,5,0,0.03465008,0,0,0.5,0.16127902,18.3,73,0,0
2469,11,21,5,0,0.01616674,0,0,0.21,0.1514446,19.4,73,0,0
2470,11,22,5,0,0.02461672,0,0,0.21,0.13660894,18.3,70,0,0
2471,11,23,5,0,0.0112000685,0,0,0.21,0.12256858,17.8,68,0,0
2472,11,24,5,0,0.26233333,0,0,0.21,0.11964177,16.7,100,0,0
2473,11,1,6,0,0.2667,0,0,0.21,0.11805652,16.7,65,0,0
2474,11,2,6,0,0.26141667,0,0,0.21,0.11332279,16.7,58,0,0
2475,11,3,6,0,0.25365,0,0,0.21,0.11623049,15,67,0,0
2476,11,4,6,0,0.33958334,0,0,0.21,0.119678065,15.6,62,0,0
2477,11,5,6,0,0.27923334,0,0,0.21,0.12135962,15,65,0,0
2478,11,6,6,0,0.18283334,0,0,0.21,0.122921646,15,62,0,0
2479,11,7,6,0,0.25631666,223.1125,0.89245,0.21,0.13096662,14.4,65,29,119
2480,11,8,6,0,0.25228333,343.55832,1.37423328,0.21,0.13962898,17.2,56,140,490
2481,11,9,6,0,0.83665,232.05417,0.92821668,0.21,0.14943588,20.6,42,337,665
2482,11,10,6,0,1.43395,375.9,1.5036,0.21,0.14098036,22.2,40,498,864
2483,11,11,6,0,1.3299,333.875,1.3355,0.21,0.13904797,23.9,39,584,870
2484,11,12,6,0,1.4484333,381.27917,1.52511668,0.21,0.13684079,21.7,64,636,901
2485,11,13,6,0,0.22775,391.9625,1.56785,0.21,0.13541111,21.7,59,620,906
2486,11,14,6,0,0.26381665,209.81667,0.83926668,0.21,0.13735183,21.7,59,503,821
2487,11,15,6,0,0.76515,100.075,0.4003,0.21,0.14158484,20.6,73,365,719
2488,11,16,6,0,0.96386665,7.9666667,0.0318666668,0.5,0.15982682,20,66,192,556
2489,11,17,6,0,0.08713334,0,0,0.5,0.17833935,18.3,84,48,166
2490,11,18,6,0,0.27713335,0,0,0.5,0.17580928,17.2,97,0,0
2491,11,19,6,0,0.2781,0,0,0.5,0.17246518,16.7,100,0,0
2492,11,20,6,0,0.11948337,0,0,0.5,0.16827534,17.2,97,0,0
2493,11,21,6,0,0.80758333,0,0,0.21,0.15507393,16.7,100,0,0
2494,11,22,6,0,1.1452,0,0,0.21,0.1368849,16.7,100,0,0
2495,11,23,6,0,0.6490333,0,0,0.21,0.11106942,16.7,100,0,0
2496,11,24,6,0,0.38490832,0,0,0.21,0.11590868,16.7,87,0,0
2497,11,1,7,0,0.34413335,0,0,0.21,0.10885843,16.7,97,0,0
2498,11,2,7,0,0.32795,0,0,0.21,0.10998021,16.1,97,0,0
2499,11,3,7,0,0.31401667,0,0,0.21,0.116965495,15.6,100,0,0
2500,11,4,7,0,0.4036,0,0,0.21,0.115076944,16.1,90,0,0
2501,11,5,7,0,0.3149,0,0,0.21,0.12673989,16.1,90,0,0
2502,11,6,7,0,0.17305003,0,0,0.21,0.15314075,16.1,87,0,0
2503,11,7,7,0,0.32055,299.5625,1.19825,0.21,0.17042628,16.1,87,16,0
2504,11,8,7,0,0.28165,478.85834,1.91543336,0.21,0.17697524,16.7,84,50,3
2505,11,9,7,0,2.2253666,587.82086,2.35128344,0.21,0.17301738,17.2,78,130,1
2506,11,10,7,0,2.41625,634.9625,2.53985,0.21,0.18139008,17.2,78,185,5
2507,11,11,7,0,1.0484834,622.38336,2.48953344,0.21,0.18674044,17.8,78,297,7
2508,11,12,7,0,0.5703167,560.8542,2.2434168,0.21,0.18727346,18.3,73,290,0
2509,11,13,7,0,0.32936665,456.61667,1.82646668,0.21,0.18437637,18.3,73,226,3
2510,11,14,7,0,0.31113333,294.7875,1.17915,0.21,0.18605097,18.3,76,352,150
2511,11,15,7,0,0.22791667,106.2375,0.42495,0.21,0.18367636,17.8,78,157,15
2512,11,16,7,0,1.5914167,4.2125,0.01685,0.5,0.18564837,17.2,84,125,134
2513,11,17,7,0,0.50085,0,0,0.5,0.19665505,17.2,84,24,1
2514,11,18,7,0,0.07293334,0,0,0.5,0.19821139,17.2,81,0,0
2515,11,19,7,0,0.09695001,0,0,0.5,0.19588026,17.2,87,0,0
2516,11,20,7,0,0.2405,0,0,0.5,0.19079253,17.2,90,0,0
2517,11,21,7,0,0.59103334,0,0,0.21,0.17761107,17.2,93,0,0
2518,11,22,7,0,0.7479,0,0,0.21,0.16020305,17.2,97,0,0
2519,11,23,7,0,0.45265,0,0,0.21,0.13658783,17.2,93,0,0
2520,11,24,7,0,0.224075,0,0,0.21,0.13183641,15.6,38,0,0
2521,11,1,1,0,0.21988334,0,0,0.21,0.13009399,17.2,78,0,0
2522,11,2,1,0,0.2025,0,0,0.21,0.13142052,16.7,93,0,0
2523,11,3,1,0,0.22985,0,0,0.21,0.1293861,16.1,84,0,0
2524,11,4,1,0,0.3382,0,0,0.21,0.13475706,15.6,84,0,0
2525,11,5,1,0,0.35091665,0,0,0.21,0.1442224,16.1,58,0,0
2526,11,6,1,0,0.14256671,0,0,0.21,0.16560657,15.6,52,0,0
2527,11,7,1,0,0.36581665,290.33334,1.16133336,0.21,0.17826006,15.6,50,27,123
2528,11,8,1,0,0.29478332,461.86667,1.84746668,0.21,0.18370008,17.2,45,147,566
2529,11,9,1,0,0.2827,564.29584,2.25718336,0.21,0.18622063,18.3,40,337,783
2530,11,10,1,0,2.2879667,610.19165,2.4407666,0.21,0.1832435,20.6,35,494,865
2531,11,11,1,0,2.0429332,606.625,2.4265,0.21,0.18116808,21.1,32,598,904
2532,11,12,1,0,0.24443333,548.05,2.1922,0.21,0.17727332,19.4,49,639,915
2533,11,13,1,0,0.24595,442.3125,1.76925,0.21,0.17917924,18.9,59,613,905
2534,11,14,1,0,1.0545167,287.00833,1.14803332,0.21,0.17625508,18.3,63,525,873
2535,11,15,1,0,0.9183667,104.354164,0.417416656,0.21,0.17894952,18.3,61,382,807
2536,11,16,1,0,1.9149667,3.3833334,0.0135333336,0.5,0.1850017,17.8,70,202,655
2537,11,17,1,0,1.774,0,0,0.5,0.1938592,17.2,78,46,253
2538,11,18,1,0,0.62975,0,0,0.5,0.19227715,17.2,43,0,0
2539,11,19,1,0,0.044800077,0,0,0.5,0.18870357,16.7,45,0,0
2540,11,20,1,0,0.057950083,0,0,0.5,0.18000558,16.1,41,0,0
2541,11,21,1,0,9.9999994e-08,0,0,0.21,0.1728758,17.2,34,0,0
2542,11,22,1,0,0.17700006,0,0,0.21,0.15218332,14.4,42,0,0
2543,11,23,1,0,0.36551666,0,0,0.21,0.12713917,15.6,38,0,0
2544,11,24,1,0,0.338075,0,0,0.21,0.113410674,13.9,60,0,0
2545,11,1,2,0,0.329,0,0,0.21,0.108473144,13.3,39,0,0
2546,11,2,2,0,0.32426667,0,0,0.21,0.10649315,13.3,57,0,0
2547,11,3,2,0,0.32375,0,0,0.21,0.106999494,11.7,66,0,0
2548,11,4,2,0,0.41211668,0,0,0.21,0.11258764,12.2,69,0,0
2549,11,5,2,0,0.39375,0,0,0.21,0.12943466,11.7,57,0,0
2550,11,6,2,0,0.25015002,0,0,0.21,0.1528631,10.6,69,0,0
2551,11,7,2,0,0.5421,274.09167,1.09636668,0.21,0.16389127,10.6,69,17,8
2552,11,8,2,0,0.32488334,452.92084,1.81168336,0.21,0.16408238,13.3,57,113,239
2553,11,9,2,0,0.32021666,561.57916,2.24631664,0.21,0.16584109,17.2,40,285,483
2554,11,10,2,0,1.7830334,497.275,1.9891,0.21,0.16058753,18.3,34,443,610
2555,11,11,2,0,2.0354834,556.17084,2.22468336,0.21,0.15566991,19.4,37,550,670
2556,11,12,2,0,1.8130333,519.87085,2.0794834,0.21,0.15539432,20,38,558,634
2557,11,13,2,0,0.5072167,298.69168,1.19476672,0.21,0.14922242,20.6,38,544,625
2558,11,14,2,0,0.24698333,193.37083,0.77348332,0.21,0.14886704,20,39,476,626
2559,11,15,2,0,0.24611667,68.32083,0.27328332,0.21,0.16371834,19.4,40,328,516
2560,11,16,2,0,1.4307834,5.054167,0.020216668,0.5,0.16732462,18.3,43,159,322
2561,11,17,2,0,0.623,0,0,0.5,0.17345622,17.2,56,33,35
2562,11,18,2,0,0.7058833,0,0,0.5,0.17375967,16.7,67,0,0
2563,11,19,2,0,0.077183366,0,0,0.5,0.1713317,16.7,73,0,0
2564,11,20,2,0,0.05333339,0,0,0.5,0.16353685,16.1,63,0,0
2565,11,21,2,0,0.10853338,0,0,0.21,0.14710933,16.1,56,0,0
2566,11,22,2,0,0.000100096666,0,0,0.21,0.12595958,15,67,0,0
2567,11,23,2,0,0.15611672,0,0,0.21,0.11336256,13.9,69,0,0
2568,11,24,2,0,0.37015834,0,0,0.21,0.10767929,13.3,97,0,0
2569,11,1,3,0,0.2677,0,0,0.21,0.10668506,13.3,57,0,0
2570,11,2,3,0,0.24381667,0,0,0.21,0.111931734,11.7,64,0,0
2571,11,3,3,0,0.24426667,0,0,0.21,0.105613105,11.1,66,0,0
2572,11,4,3,0,0.28166667,0,0,0.21,0.10484975,11.7,59,0,0
2573,11,5,3,0,0.23975,0,0,0.21,0.10978797,11.1,64,0,0
2574,11,6,3,0,0.25708333,0,0,0.21,0.12303751,10.6,64,0,0
2575,11,7,3,0,0.39678332,265.9,1.0636,0.21,0.13798775,11.7,57,18,13
2576,11,8,3,0,0.5017833,448.5875,1.79435,0.21,0.14332272,13.3,49,58,33
2577,11,9,3,0,0.76206666,512.0625,2.04825,0.21,0.14494805,15,46,208,57
2578,11,10,3,0,1.7470833,404.08334,1.61633336,0.21,0.14487997,17.2,50,337,273
2579,11,11,3,0,1.9613167,485.72083,1.94288332,0.21,0.14420716,18.3,54,502,470
2580,11,12,3,0,1.4422333,417.56668,1.67026672,0.21,0.1441872,19.4,44,362,119
2581,11,13,3,0,1.21505,333.89584,1.33558336,0.21,0.14398998,18.3,54,340,192
2582,11,14,3,0,0.9937,279.27084,1.11708336,0.21,0.14299297,18.9,65,450,607
2583,11,15,3,0,0.34328333,103.175,0.4127,0.21,0.14198181,18.3,68,322,465
2584,11,16,3,0,0.23636666,10.25,0.041,0.5,0.15175088,16.7,75,169,389
2585,11,17,3,0,0.58305,0,0,0.5,0.15712062,15.6,81,30,38
2586,11,18,3,0,1.2493167,0,0,0.5,0.16036467,15.6,78,0,0
2587,11,19,3,0,0.19903333,0,0,0.5,0.15044819,15.6,87,0,0
2588,11,20,3,0,0.052333366,0,0,0.5,0.14862463,15.6,84,0,0
2589,11,21,3,0,0.10006671,0,0,0.21,0.13312587,15.6,84,0,0
2590,11,22,3,0,5.0096667e-05,0,0,0.21,0.11658609,15.6,84,0,0
2591,11,23,3,0,0.30205005,0,0,0.21,0.10737844,14.4,93,0,0
2592,11,24,3,0,0.27324167,0,0,0.21,0.10438262,13.3,83,0,0
2593,11,1,4,0,0.25618333,0,0,0.21,0.10151111,13.3,97,0,0
2594,11,2,4,0,0.26021665,0,0,0.21,0.09897874,13.3,93,0,0
2595,11,3,4,0,0.25226668,0,0,0.21,0.10127431,13.3,93,0,0
2596,11,4,4,0,0.26031667,0,0,0.21,0.10155382,12.8,93,0,0
2597,11,5,4,0,0.48601666,0,0,0.21,0.11418187,12.8,90,0,0
2598,11,6,4,0,0.54800004,0,0,0.21,0.13507274,12.8,87,0,0
2599,11,7,4,0,0.3548,299.12918,1.19651672,0.21,0.15498082,12.8,87,17,1
2600,11,8,4,0,0.38603333,497.22916,1.98891664,0.21,0.1602753,14.4,78,86,15
2601,11,9,4,0,0.35908332,615.92914,2.46371656,0.21,0.15925811,15,75,137,99
2602,11,10,4,0,2.5892167,669.6375,2.67855,0.21,0.15601219,15.6,75,190,8
2603,11,11,4,0,2.6083333,662.8958,2.6515832,0.21,0.15123908,16.7,67,251,14
2604,11,12,4,0,0.55876666,597.7875,2.39115,0.21,0.14493258,16.7,63,237,7
2605,11,13,4,0,0.22575833,478.62708,1.91450832,0.21,0.14913133,17.2,68,269,3
2606,11,14,4,0,0.2363,304.5875,1.21835,0.21,0.14965776,17.2,63,131,1
2607,11,15,4,0,0.24053334,107.0875,0.42835,0.21,0.15020232,16.7,60,79,2
2608,11,16,4,0,0.56165,3.3541667,0.0134166668,0.5,0.16039133,16.7,58,45,1
2609,11,17,4,0,1.3537834,0,0,0.5,0.17104816,16.1,58,14,0
2610,11,18,4,0,0.87098336,0,0,0.5,0.16869198,14.4,70,0,0
2611,11,19,4,0,0.12693334,0,0,0.5,0.1619391,15,70,0,0
2612,11,20,4,0,0.049983367,0,0,0.5,0.1525222,15,70,0,0
2613,11,21,4,0,0.049766693,0,0,0.21,0.14166802,15,72,0,0
2614,11,22,4,0,0.0728334,0,0,0.21,0.12733401,15,78,0,0
2615,11,23,4,0,0.00058341667,0,0,0.21,0.11326044,14.4,78,0,0
2616,11,24,4,0,0.33999166,0,0,0.21,0.091678984,17.8,45,0,0
2617,11,1,5,0,0.25838333,0,0,0.21,0.08974148,13.9,81,0,0
2618,11,2,5,0,0.24123333,0,0,0.21,0.08822911,13.9,81,0,0
2619,11,3,5,0,0.23788333,0,0,0.21,0.08895472,13.3,83,0,0
2620,11,4,5,0,1.1748667,0,0,0.21,0.09103109,12.8,87,0,0
2621,11,5,5,0,1.2082,0,0,0.21,0.095405996,13.3,83,0,0
2622,11,6,5,0,1.5438,0,0,0.21,0.10662555,13.3,83,0,0
2623,11,7,5,0,1.0304,300.30417,1.20121668,0.21,0.115083344,12.8,87,15,10
2624,11,8,5,0,0.5635333,490.75833,1.96303332,0.21,0.12203279,14.4,81,110,279
2625,11,9,5,0,0.3188,609.5917,2.4383668,0.21,0.12962826,17.8,63,280,525
2626,11,10,5,0,2.4806333,660.7083,2.6428332,0.21,0.13835445,20,57,435,648
2627,11,11,5,0,2.4507334,651.9625,2.60785,0.21,0.13860503,21.7,43,545,715
2628,11,12,5,0,0.4354,587.125,2.3485,0.21,0.14456505,23.3,37,586,731
2629,11,13,5,0,0.27066666,460.69583,1.84278332,0.21,0.14158396,24.4,31,566,726
2630,11,14,5,0,0.24256666,294.375,1.1775,0.21,0.14451444,24.4,30,479,683
2631,11,15,5,0,0.23531666,105.99167,0.42396668,0.21,0.14084761,25,30,333,579
2632,11,16,5,0,0.7807,3.2625,0.01305,0.5,0.14815561,21.1,49,160,375
2633,11,17,5,0,0.9982167,0,0,0.5,0.14797014,18.9,57,27,44
2634,11,18,5,0,0.8676,0,0,0.5,0.15298863,17.8,68,0,0
2635,11,19,5,0,0.09388335,0,0,0.5,0.14195774,17.2,75,0,0
2636,11,20,5,0,0.04703337,0,0,0.5,0.124852195,17.8,75,0,0
2637,11,21,5,0,0.1759167,0,0,0.21,0.11440255,17.8,58,0,0
2638,11,22,5,0,0.049116723,0,0,0.21,0.10611384,18.3,50,0,0
2639,11,23,5,0,0.62603337,0,0,0.21,0.10198305,18.9,42,0,0
2640,11,24,5,0,0.31794167,0,0,0.21,0.09503374,18.3,29,0,0
2641,11,1,6,0,0.24451667,0,0,0.21,0.0928107,17.8,34,0,0
2642,11,2,6,0,0.25056666,0,0,0.21,0.09261513,16.1,46,0,0
2643,11,3,6,0,0.25556666,0,0,0.21,0.08907887,16.7,38,0,0
2644,11,4,6,0,1.0494833,0,0,0.21,0.08871163,15,41,0,0
2645,11,5,6,0,0.95905,0,0,0.21,0.09440771,15,42,0,0
2646,11,6,6,0,1.1411167,0,0,0.21,0.09599239,15,42,0,0
2647,11,7,6,0,0.46033335,294.55,1.1782,0.21,0.09366417,16.7,35,14,12
2648,11,8,6,0,0.35468334,469.83334,1.87933336,0.21,0.098205894,18.9,31,106,200
2649,11,9,6,0,2.0486667,549.3375,2.19735,0.21,0.098703235,20.6,25,268,471
2650,11,10,6,0,1.52395,417.71667,1.67086668,0.21,0.09927194,22.2,23,412,513
2651,11,11,6,0,1.0408833,283.90833,1.13563332,0.21,0.100393094,24.4,20,490,565
2652,11,12,6,0,0.7185,236.43333,0.94573332,0.21,0.10204663,26.1,18,546,601
2653,11,13,6,0,0.66691667,213.60417,0.85441668,0.21,0.102832764,27.8,16,537,686
2654,11,14,6,0,0.78245,288.33334,1.15333336,0.21,0.10699289,27.8,16,396,491
2655,11,15,6,0,0.64736664,75.225,0.3009,0.21,0.11030503,25.6,24,327,572
2656,11,16,6,0,0.81245,6.4708333,0.0258833332,0.5,0.12087705,23.9,30,165,318
2657,11,17,6,0,0.2882,0,0,0.5,0.13173664,23.3,25,32,60
2658,11,18,6,0,0.05076668,0,0,0.5,0.13685125,22.2,27,0,0
2659,11,19,6,0,0.03836673,0,0,0.5,0.13387585,21.7,26,0,0
2660,11,20,6,0,0.20383336,0,0,0.5,0.124424696,20.6,27,0,0
2661,11,21,6,0,0.80651665,0,0,0.21,0.11644276,20,27,0,0
2662,11,22,6,0,0.87445,0,0,0.21,0.10626596,18.9,31,0,0
2663,11,23,6,0,0.43965,0,0,0.21,0.10082068,18.3,30,0,0
2664,11,24,6,0,0.29674166,0,0,0.21,0.0980573,15,58,0,0
2665,11,1,7,0,0.28821668,0,0,0.21,0.095622905,18.3,26,0,0
2666,11,2,7,0,0.31026667,0,0,0.21,0.09495886,15.6,32,0,0
2667,11,3,7,0,0.2925,0,0,0.21,0.095331036,16.7,29,0,0
2668,11,4,7,0,0.6128,0,0,0.21,0.09940949,15.6,30,0,0
2669,11,5,7,0,0.5521,0,0,0.21,0.11356016,15,31,0,0
2670,11,6,7,0,0.7841,0,0,0.21,0.12981246,15,30,0,0
2671,11,7,7,0,0.42523333,26.754168,0.107016672,0.21,0.14193682,14.4,33,9,0
2672,11,8,7,0,0.50656664,220.47084,0.88188336,0.21,0.14926368,17.2,29,54,26
2673,11,9,7,0,2.21295,451.8375,1.80735,0.21,0.15492365,19.4,25,196,179
2674,11,10,7,0,2.8459833,536.99164,2.14796656,0.21,0.15506141,21.7,19,400,481
2675,11,11,7,0,1.8007667,424.42917,1.69771668,0.21,0.1465986,23.3,17,510,598
2676,11,12,7,0,2.12945,434.51666,1.73806664,0.21,0.14149448,24.4,16,565,643
2677,11,13,7,0,0.6274667,266.13333,1.06453332,0.21,0.14002796,21.1,42,532,615
2678,11,14,7,0,0.42105,121.129166,0.484516664,0.21,0.14351663,20,57,446,565
2679,11,15,7,0,0.4327,27.734722,0.110938888,0.21,0.14797187,20,51,306,459
2680,11,16,7,0,0.59106666,0,0,0.5,0.16114447,18.9,63,141,254
2681,11,17,7,0,0.030616751,0,0,0.5,0.17653607,17.8,73,21,15
2682,11,18,7,0,0.058466744,0,0,0.5,0.1719214,16.7,60,0,0
2683,11,19,7,0,0.008700082,0,0,0.5,0.16815151,16.7,87,0,0
2684,11,20,7,0,0.32190004,0,0,0.5,0.15500696,16.1,84,0,0
2685,11,21,7,0,0.83166665,0,0,0.21,0.14038822,16.1,87,0,0
2686,11,22,7,0,0.8484333,0,0,0.21,0.12294878,16.1,87,0,0
2687,11,23,7,0,0.9713167,0,0,0.21,0.116967216,15,26,0,0
2688,11,24,7,0,0.8110167,0,0,0.21,0.09952811,13.9,78,0,0
2689,11,1,1,0,0.32985,0,0,0.21,0.09739071,15,78,0,0
2690,11,2,1,0,0.30018333,0,0,0.21,0.09653552,15,62,0,0
2691,11,3,1,0,0.26633334,0,0,0.21,0.09816857,15,50,0,0
2692,11,4,1,0,0.3659,0,0,0.21,0.09613423,13.9,72,0,0
2693,11,5,1,0,0.57016665,0,0,0.21,0.10345569,12.2,80,0,0
2694,11,6,1,0,0.61046666,0,0,0.21,0.112649076,13.3,55,0,0
2695,11,7,1,0,0.677,40.095833,0.160383332,0.21,0.12405492,13.9,67,12,2
2696,11,8,1,0,0.4876,91.475,0.3659,0.21,0.12655987,15.6,58,93,171
2697,11,9,1,0,0.58141667,198.57083,0.79428332,0.21,0.12577665,17.8,56,252,415
2698,11,10,1,0,0.70765,194.10834,0.77643336,0.21,0.127626,18.3,40,409,557
2699,11,11,1,0,0.49748334,122.7875,0.49115,0.21,0.13061999,20.6,36,517,625
2700,11,12,1,0,0.23253334,24.7625,0.09905,0.21,0.13227431,20,39,560,646
2701,11,13,1,0,0.24456666,40.845833,0.163383332,0.21,0.1304208,18.9,51,536,633
2702,11,14,1,0,0.2367,52.020832,0.208083328,0.21,0.12741861,18.3,28,454,591
2703,11,15,1,0,0.22343333,16.154167,0.064616668,0.21,0.13343075,17.8,65,305,467
2704,11,16,1,0,0.4665,0,0,0.5,0.14052674,17.2,61,142,266
2705,11,17,1,0,0.49273333,0,0,0.5,0.1471039,15.6,67,28,18
2706,11,18,1,0,0.66613334,0,0,0.5,0.14775646,15.6,70,0,0
2707,11,19,1,0,0.57601666,0,0,0.5,0.1443499,15,72,0,0
2708,11,20,1,0,1.59685,0,0,0.5,0.13608961,15.6,38,0,0
2709,11,21,1,0,0.82028335,0,0,0.21,0.12743774,15,38,0,0
2710,11,22,1,0,0.68526334,0,0,0.21,0.10790294,14.4,36,0,0
2711,11,23,1,0,0.2625,0,0,0.21,0.101632014,13.9,37,0,0
2712,11,24,1,0,0.28083333,0,0,0.21,0.09273522,12.8,87,0,0
2713,11,1,2,0,0.42701668,0,0,0.21,0.08766832,13.3,69,0,0
2714,11,2,2,0,0.5081,0,0,0.21,0.087799095,12.8,67,0,0
2715,11,3,2,0,0.50801665,0,0,0.21,0.0892614,11.7,69,0,0
2716,11,4,2,0,1.6225834,0,0,0.21,0.09219969,11.7,69,0,0
2717,11,5,2,0,1.2812667,0,0,0.21,0.10211348,11.1,69,0,0
2718,11,6,2,0,1.8942333,0,0,0.21,0.121004194,10.6,77,0,0
2719,11,7,2,0,1.3802167,266.85,1.0674,0.21,0.12534305,10.6,74,15,39
2720,11,8,2,0,0.93551666,454.76666,1.81906664,0.21,0.13287906,13.3,64,116,438
2721,11,9,2,0,0.75946665,566.1042,2.2644168,0.21,0.13586263,15.6,58,294,683
2722,11,10,2,0,2.4949667,618.0917,2.4723668,0.21,0.1434487,16.7,65,447,784
2723,11,11,2,0,2.41775,611.2875,2.44515,0.21,0.14745618,18.3,56,555,837
2724,11,12,2,0,1.2525333,546.3625,2.18545,0.21,0.14508173,18.9,53,597,843
2725,11,13,2,0,0.8078167,433.87082,1.73548328,0.21,0.13695928,18.3,54,546,758
2726,11,14,2,0,0.75435,284.30417,1.13721668,0.21,0.13281523,18.3,54,456,686
2727,11,15,2,0,0.49381667,102.95,0.4118,0.21,0.1332472,17.2,65,345,705
2728,11,16,2,0,0.8490667,3.275,0.0131,0.5,0.14391603,16.7,73,173,537
2729,11,17,2,0,0.9273667,0,0,0.5,0.1514631,15.6,84,38,137
2730,11,18,2,0,0.88545,0,0,0.5,0.15490337,15,81,0,0
2731,11,19,2,0,0.11378334,0,0,0.5,0.14736758,14.4,87,0,0
2732,11,20,2,0,0.026883382,0,0,0.5,0.14107493,15,84,0,0
2733,11,21,2,0,0.015683398,0,0,0.21,0.13468419,14.4,84,0,0
2734,11,22,2,0,0.72735,0,0,0.21,0.11720484,14.4,84,0,0
2735,11,23,2,0,0.37745008,0,0,0.21,0.101655275,14.4,84,0,0
2736,11,24,2,0,0.75905836,0,0,0.21,0.08346206,12.8,90,0,0
2737,11,1,3,0,0.48996666,0,0,0.21,0.07967037,11.7,77,0,0
2738,11,2,3,0,0.36865,0,0,0.21,0.0815889,11.7,72,0,0
2739,11,3,3,0,0.38108334,0,0,0.21,0.08264634,11.1,74,0,0
2740,11,4,3,0,1.4391,0,0,0.21,0.084513746,11.1,72,0,0
2741,11,5,3,0,1.02075,0,0,0.21,0.08930975,10,80,0,0
2742,11,6,3,0,1.5323,0,0,0.21,0.09986773,10,80,0,0
2743,11,7,3,0,1.2534167,257.1875,1.02875,0.21,0.10068408,10.6,80,15,40
2744,11,8,3,0,0.39365,452.925,1.8117,0.21,0.107138045,12.2,67,112,427
2745,11,9,3,0,0.3112,525.075,2.1003,0.21,0.114369445,13.3,78,213,361
2746,11,10,3,0,2.1370168,572.2083,2.2888332,0.21,0.11567219,15.6,81,429,670
2747,11,11,3,0,2.2882833,603.32086,2.41328344,0.21,0.117372036,18.3,61,475,692
2748,11,12,3,0,1.1049,553.61664,2.21446656,0.21,0.1144448,18.3,63,561,790
2749,11,13,3,0,0.7388833,419.45416,1.67781664,0.21,0.106027275,18.3,54,559,826
2750,11,14,3,0,0.38476667,266.1875,1.06475,0.21,0.10339261,17.8,65,482,801
2751,11,15,3,0,0.5689333,103.9375,0.41575,0.21,0.10918098,17.2,75,344,721
2752,11,16,3,0,1.000475,8.820833,0.035283332,0.5,0.11419608,16.7,75,171,542
2753,11,17,3,0,1.5470166,0,0,0.5,0.11776546,15,75,37,144
2754,11,18,3,0,1.21305,0,0,0.5,0.11890392,14.4,72,0,0
2755,11,19,3,0,0.46868333,0,0,0.5,0.114880964,14.4,75,0,0
2756,11,20,3,0,0.34881666,0,0,0.5,0.11146924,14.4,81,0,0
2757,11,21,3,0,0.10808338,0,0,0.21,0.102143474,14.4,87,0,0
2758,11,22,3,0,0.0007167583,0,0,0.21,0.09705243,14.4,84,0,0
2759,11,23,3,0,0.0017667484,0,0,0.21,0.090003476,13.3,90,0,0
2760,11,24,3,0,0.25435,0,0,0.21,0.09071105,13.3,87,0,0
2761,11,1,4,0,0.2457,0,0,0.21,0.09454689,12.8,83,0,0
2762,11,2,4,0,0.25008333,0,0,0.21,0.09303564,11.1,86,0,0
2763,11,3,4,0,0.25158334,0,0,0.21,0.09383927,10.6,90,0,0
2764,11,4,4,0,1.3699167,0,0,0.21,0.09414391,10.6,86,0,0
2765,11,5,4,0,0.64865,0,0,0.21,0.09331301,9.4,90,0,0
2766,11,6,4,0,1.4265667,0,0,0.21,0.09342475,9.4,86,0,0
2767,11,7,4,0,0.7548,265.28333,1.06113332,0.21,0.09552008,10.6,77,15,51
2768,11,8,4,0,0.4254,474.20834,1.89683336,0.21,0.09788477,13.9,58,116,484
2769,11,9,4,0,0.43751666,603.25415,2.4130166,0.21,0.09734474,16.7,45,294,725
2770,11,10,4,0,2.5267334,662.5375,2.65015,0.21,0.09932144,18.3,43,448,823
2771,11,11,4,0,2.5034,658.9875,2.63595,0.21,0.09675894,19.4,40,556,874
2772,11,12,4,0,0.58615,594.4875,2.37795,0.21,0.09403513,20.6,38,601,891
2773,11,13,4,0,0.27628332,471.73334,1.88693336,0.21,0.09654022,21.1,39,577,879
2774,11,14,4,0,0.27666667,300.82916,1.20331664,0.21,0.097739205,19.4,57,489,837
2775,11,15,4,0,0.3089,106.7375,0.42695,0.21,0.10441026,18.9,59,349,758
2776,11,16,4,0,1.31295,4.5583334,0.0182333336,0.5,0.112617224,18.9,51,167,471
2777,11,17,4,0,1.1548166,0,0,0.5,0.11546059,16.7,78,32,66
2778,11,18,4,0,0.96475,0,0,0.5,0.11695015,16.7,78,0,0
2779,11,19,4,0,0.03666673,0,0,0.5,0.11673318,16.1,81,0,0
2780,11,20,4,0,0.0133500835,0,0,0.5,0.11221008,16.7,75,0,0
2781,11,21,4,0,0.018850088,0,0,0.21,0.10654517,16.1,78,0,0
2782,11,22,4,0,9.9999994e-08,0,0,0.21,0.10188374,15.6,72,0,0
2783,11,23,4,0,0.50586665,0,0,0.21,0.09985925,14.4,84,0,0
2784,11,24,4,0,0.33634168,0,0,0.21,0.08267998,14.4,33,0,0
2785,11,1,5,0,0.25965,0,0,0.21,0.07999631,12.2,77,0,0
2786,11,2,5,0,0.23526667,0,0,0.21,0.08501255,11.7,86,0,0
2787,11,3,5,0,0.24058333,0,0,0.21,0.08563722,11.7,74,0,0
2788,11,4,5,0,2.07085,0,0,0.21,0.08622388,11.7,80,0,0
2789,11,5,5,0,1.10555,0,0,0.21,0.09015075,11.1,77,0,0
2790,11,6,5,0,1.4435834,0,0,0.21,0.09855218,10.6,77,0,0
2791,11,7,5,0,0.74175,266.55,1.0662,0.21,0.092647366,12.2,64,7,1
2792,11,8,5,0,0.39346668,467.85416,1.87141664,0.21,0.091639474,14.4,46,77,120
2793,11,9,5,0,0.34006667,576.92084,2.30768336,0.21,0.08556864,15.6,56,230,362
2794,11,10,5,0,2.6067667,620.82086,2.48328344,0.21,0.09125449,18.3,37,395,550
2795,11,11,5,0,2.7275333,617.15,2.4686,0.21,0.092615865,18.9,31,504,622
2796,11,12,5,0,1.20285,557.0833,2.2283332,0.21,0.09337167,20.6,23,551,649
2797,11,13,5,0,0.63871664,450.875,1.8035,0.21,0.09328917,21.7,22,530,639
2798,11,14,5,0,0.30345,291.00833,1.16403332,0.21,0.09666261,22.8,12,447,595
2799,11,15,5,0,0.40253332,104.1375,0.41655,0.21,0.10184682,22.8,14,304,479
2800,11,16,5,0,0.5961,4.05,0.0162,0.5,0.107677504,21.7,12,139,268
2801,11,17,5,0,0.48388332,0,0,0.5,0.1175628,18.3,22,27,17
2802,11,18,5,0,0.6824333,0,0,0.5,0.1120885,17.8,32,0,0
2803,11,19,5,0,0.16098335,0,0,0.5,0.113481894,18.3,30,0,0
2804,11,20,5,0,0.049533397,0,0,0.5,0.10882136,16.7,20,0,0
2805,11,21,5,0,0.0871167,0,0,0.21,0.10426626,16.1,17,0,0
2806,11,22,5,0,9.9999994e-08,0,0,0.21,0.09166762,15,28,0,0
2807,11,23,5,0,0.4772167,0,0,0.21,0.082775086,15,35,0,0
2808,11,24,5,0,0.4227,0,0,0.21,0.082027234,12.2,43,0,0
2809,11,1,6,0,0.27946666,0,0,0.21,0.08025253,13.9,32,0,0
2810,11,2,6,0,0.27276668,0,0,0.21,0.07871515,11.1,38,0,0
2811,11,3,6,0,0.33053333,0,0,0.21,0.07685287,11.1,45,0,0
2812,11,4,6,0,1.7713,0,0,0.21,0.07842921,9.4,56,0,0
2813,11,5,6,0,1.2535,0,0,0.21,0.08177111,10,54,0,0
2814,11,6,6,0,1.0123667,0,0,0.21,0.092023425,8.9,63,0,0
2815,11,7,6,0,0.60618335,201.825,0.8073,0.21,0.087435044,8.9,54,10,15
2816,11,8,6,0,0.27825,446.10416,1.78441664,0.21,0.08609934,11.7,42,100,344
2817,11,9,6,0,2.2278666,575.9667,2.3038668,0.21,0.08503897,15,35,273,618
2818,11,10,6,0,2.46025,629.74585,2.5189834,0.21,0.08697473,17.2,24,432,745
2819,11,11,6,0,1.5752167,600.5208,2.4020832,0.21,0.08763938,18.9,20,543,808
2820,11,12,6,0,0.32573333,422.825,1.6913,0.21,0.08754524,20,16,590,828
2821,11,13,6,0,0.46313334,170.89583,0.68358332,0.21,0.09074047,20.6,19,567,816
2822,11,14,6,0,0.58671665,44.070835,0.17628334,0.21,0.09693583,18.9,24,480,773
2823,11,15,6,0,0.6819,0,0,0.21,0.10479162,18.9,26,336,675
2824,11,16,6,0,0.881,0.42083332,0.00168333328,0.5,0.10867085,17.8,36,161,470
2825,11,17,6,0,0.25535005,0,0,0.5,0.11683218,15.6,39,32,86
2826,11,18,6,0,0.112,0,0,0.5,0.12258392,15,44,0,0
2827,11,19,6,0,0.08315001,0,0,0.5,0.11844093,15,58,0,0
2828,11,20,6,0,2.06865,0,0,0.5,0.11607005,14.4,62,0,0
2829,11,21,6,0,3.2382834,0,0,0.21,0.1095171,13.9,64,0,0
2830,11,22,6,0,0.88413334,0,0,0.21,0.09696799,12.8,55,0,0
2831,11,23,6,0,0.75278336,0,0,0.21,0.084653884,12.2,45,0,0
2832,11,24,6,0,0.65005,0,0,0.21,0.083609864,12.2,51,0,0
2833,11,1,7,0,0.7220333,0,0,0.21,0.08119765,12.8,36,0,0
2834,11,2,7,0,0.8602333,0,0,0.21,0.079961956,12.2,34,0,0
2835,11,3,7,0,0.88615,0,0,0.21,0.080169454,11.7,35,0,0
2836,11,4,7,0,1.9579667,0,0,0.21,0.08366162,11.1,35,0,0
2837,11,5,7,0,1.73775,0,0,0.21,0.09894887,11.7,30,0,0
2838,11,6,7,0,2.1586,0,0,0.21,0.11601239,9.4,38,0,0
2839,11,7,7,0,1.472,39.722916,0.158891664,0.21,0.13558793,11.7,37,7,1
2840,11,8,7,0,0.33075,40.525,0.1621,0.21,0.13623565,12.2,34,82,164
2841,11,9,7,0,0.54011667,34.2625,0.13705,0.21,0.13741288,16.1,26,240,432
2842,11,10,7,0,0.49515,9.8,0.0392,0.21,0.13769422,18.3,21,397,578
2843,11,11,7,0,1.39955,19.241667,0.076966668,0.21,0.14071058,20,20,505,646
2844,11,12,7,0,2.99115,47.229168,0.188916672,0.21,0.13700806,21.1,16,554,677
2845,11,13,7,0,3.8666334,61.504166,0.246016664,0.21,0.13487335,21.7,16,533,665
2846,11,14,7,0,2.74845,14.595834,0.058383336,0.21,0.13538022,21.1,27,441,603
2847,11,15,7,0,1.7205334,24.616667,0.098466668,0.21,0.14604068,18.3,43,300,489
2848,11,16,7,0,1.1154,0,0,0.5,0.15702052,17.2,50,136,276
2849,11,17,7,0,0.75581664,0,0,0.5,0.1699436,15.6,65,26,18
2850,11,18,7,0,2.6690166,0,0,0.5,0.16714329,15.6,60,0,0
2851,11,19,7,0,1.8362,0,0,0.5,0.16628268,15,65,0,0
2852,11,20,7,0,2.33825,0,0,0.5,0.17040369,15,62,0,0
2853,11,21,7,0,1.5971667,0,0,0.21,0.1739315,15,58,0,0
2854,11,22,7,0,1.28395,0,0,0.21,0.15628187,12.8,67,0,0
2855,11,23,7,0,1.2195333,0,0,0.21,0.13641205,12.2,67,0,0
2856,11,24,7,0,1.2554417,0,0,0.21,0.10884403,11.7,86,0,0
2857,11,1,1,0,1.11215,0,0,0.21,0.09966824,11.7,45,0,0
2858,11,2,1,0,1.04615,0,0,0.21,0.09859581,10.6,50,0,0
2859,11,3,1,0,1.1148167,0,0,0.21,0.098786116,10,50,0,0
2860,11,4,1,0,2.4296167,0,0,0.21,0.100067355,9.4,54,0,0
2861,11,5,1,0,2.0202,0,0,0.21,0.10836747,9.4,52,0,0
2862,11,6,1,0,2.3755167,0,0,0.21,0.13074376,8.9,52,0,0
2863,11,7,1,0,1.9046667,204.42917,0.81771668,0.21,0.13723317,8.3,54,10,35
2864,11,8,1,0,0.3969,308.7125,1.23485,0.21,0.13145961,10.6,48,101,391
2865,11,9,1,0,0.52036667,294.7375,1.17895,0.21,0.13119778,13.3,42,235,478
2866,11,10,1,0,1.8406167,473.30832,1.89323328,0.21,0.12867598,15.6,46,403,640
2867,11,11,1,0,2.3698833,595.275,2.3811,0.21,0.12900357,16.7,58,539,878
2868,11,12,1,0,1.6552167,416.17084,1.66468336,0.21,0.1261481,18.3,49,590,905
2869,11,13,1,0,0.4737,288.82083,1.15528332,0.21,0.12219171,18.3,54,563,886
2870,11,14,1,0,0.37466666,101.475,0.4059,0.21,0.12254481,17.8,52,486,862
2871,11,15,1,0,0.31126666,88.979164,0.355916656,0.21,0.12651494,17.2,58,345,781
2872,11,16,1,0,1.21675,10.504167,0.042016668,0.5,0.13747126,15.6,65,175,621
2873,11,17,1,0,1.0429333,0,0,0.5,0.14936732,14.4,62,39,197
2874,11,18,1,0,1.7617667,0,0,0.5,0.14633974,13.9,67,0,0
2875,11,19,1,0,1.6000167,0,0,0.5,0.1462693,13.9,64,0,0
2876,11,20,1,0,1.1136833,0,0,0.5,0.14306879,13.3,67,0,0
2877,11,21,1,0,1.01485,0,0,0.21,0.12995145,12.2,67,0,0
2878,11,22,1,0,2.0580168,0,0,0.21,0.11096498,11.7,77,0,0
2879,11,23,1,0,2.1779,0,0,0.21,0.104507685,10.6,80,0,0
2880,11,24,1,0,1.821025,0,0,0.21,0.09560749,11.1,93,0,0
2881,11,1,2,0,1.90515,0,0,0.21,0.10460628,11.7,83,0,0
2882,11,2,2,0,1.3701667,0,0,0.21,0.100371204,11.1,86,0,0
2883,11,3,2,0,1.4934833,0,0,0.21,0.09349127,11.1,83,0,0
2884,11,4,2,0,1.7808,0,0,0.21,0.09696573,10.6,86,0,0
2885,11,5,2,0,1.3481,0,0,0.21,0.10071521,9.4,86,0,0
2886,11,6,2,0,1.3670833,0,0,0.21,0.11372308,10,83,0,0
2887,11,7,2,0,1.4244,251.00417,1.00401668,0.21,0.11854806,9.4,83,7,9
2888,11,8,2,0,0.96501666,462.32916,1.84931664,0.21,0.116778195,11.7,74,90,304
2889,11,9,2,0,0.9274,587.2083,2.3488332,0.21,0.116455756,13.3,60,258,587
2890,11,10,2,0,2.5558333,645.1375,2.58055,0.21,0.11344018,15,58,412,713
2891,11,11,2,0,2.6501667,645.55,2.5822,0.21,0.109357394,17.2,52,520,774
2892,11,12,2,0,2.19115,585.95416,2.34381664,0.21,0.10796179,17.8,45,568,798
2893,11,13,2,0,0.91213334,467.82916,1.87131664,0.21,0.110629715,16.7,50,547,786
2894,11,14,2,0,0.6795,302.27084,1.20908336,0.21,0.11496191,16.7,52,463,744
2895,11,15,2,0,0.41613334,105.2875,0.42115,0.21,0.12626128,16.1,56,324,648
2896,11,16,2,0,0.47016665,2.225,0.0089,0.5,0.13919388,15.6,62,155,445
2897,11,17,2,0,1.12335,0,0,0.5,0.14890565,14.4,67,31,77
2898,11,18,2,0,1.5547,0,0,0.5,0.15119196,13.3,72,0,0
2899,11,19,2,0,0.26168334,0,0,0.5,0.1486565,12.8,83,0,0
2900,11,20,2,0,0.3077167,0,0,0.5,0.14900862,13.3,80,0,0
2901,11,21,2,0,0.114616744,0,0,0.21,0.14291659,13.3,72,0,0
2902,11,22,2,0,1.2634916,0,0,0.21,0.13146229,12.8,87,0,0
2903,11,23,2,0,1.5831667,0,0,0.21,0.11140417,12.2,86,0,0
2904,11,24,2,0,2.0921917,0,0,0.21,0.10033542,13.4,80,0,0
2905,11,1,3,0,2.05425,0,0,0.21,0.0978789,11.1,90,0,0
2906,11,2,3,0,1.2338,0,0,0.21,0.09537765,10,83,0,0
2907,11,3,3,0,1.7153333,0,0,0.21,0.09601626,10,86,0,0
2908,11,4,3,0,1.6289667,0,0,0.21,0.09505946,10,83,0,0
2909,11,5,3,0,1.5570667,0,0,0.21,0.106086336,8.9,86,0,0
2910,11,6,3,0,1.41125,0,0,0.21,0.12382324,8.9,83,0,0
2911,11,7,3,0,1.4736333,260.85,1.0434,0.21,0.13601905,8.9,86,11,24
2912,11,8,3,0,1.4373667,451.5,1.806,0.21,0.13386981,11.1,74,71,121
2913,11,9,3,0,1.1050667,567.4375,2.26975,0.21,0.132772,12.8,64,221,345
2914,11,10,3,0,2.4875,614.7292,2.4589168,0.21,0.13303906,13.3,62,326,405
2915,11,11,3,0,2.3517334,544.2917,2.1771668,0.21,0.12926322,16.1,54,280,116
2916,11,12,3,0,1.91795,553.9125,2.21565,0.21,0.124266766,16.1,54,421,373
2917,11,13,3,0,0.5321,442.02917,1.76811668,0.21,0.122088864,15.6,58,417,264
2918,11,14,3,0,0.41758335,284.43332,1.13773328,0.21,0.121911034,15.6,65,206,36
2919,11,15,3,0,0.4109,100.01667,0.40006668,0.21,0.13025537,15,70,252,123
2920,11,16,3,0,0.3475,2.525,0.0101,0.5,0.13521494,14.4,78,109,40
2921,11,17,3,0,0.27846667,0,0,0.5,0.14398631,13.3,80,37,56
2922,11,18,3,0,0.57533336,0,0,0.5,0.14442918,12.8,80,0,0
2923,11,19,3,0,0.28898337,0,0,0.5,0.14281288,13.3,83,0,0
2924,11,20,3,0,0.14631668,0,0,0.5,0.13685282,12.8,83,0,0
2925,11,21,3,0,0.22173339,0,0,0.21,0.13122629,13.9,84,0,0
2926,11,22,3,0,1.6907834,0,0,0.21,0.11630568,13.7,80,0,0
2927,11,23,3,0,2.1762667,0,0,0.21,0.11052894,13.6,83,0,0
2928,11,24,3,0,1.7249334,0,0,0.21,0.10485155,16.1,24,0,0
2929,12,1,4,0,1.6589667,0,0,0.21,0.10576739,13.3,25,0,0
2930,12,2,4,0,1.5521834,0,0,0.21,0.09914119,13.1,23,0,0
2931,12,3,4,0,1.3997,0,0,0.21,0.09674087,13,22,0,0
2932,12,4,4,0,1.7022333,0,0,0.21,0.09875379,12.8,22,0,0
2933,12,5,4,0,1.3628666,0,0,0.21,0.10527474,11.7,26,0,0
2934,12,6,4,0,1.8441334,0,0,0.21,0.12762228,13.3,24,0,0
2935,12,7,4,0,1.4009334,70.6125,0.28245,0.21,0.13392757,13.9,23,4,0
2936,12,8,4,0,1.0480833,202.60417,0.81041668,0.21,0.13868698,15.6,24,65,53
2937,12,9,4,0,1.1721,374.67084,1.49868336,0.21,0.1392157,17.8,23,187,214
2938,12,10,4,0,1.3269167,324.27917,1.29711668,0.21,0.13601884,20.6,23,347,421
2939,12,11,4,0,1.3516834,260.19168,1.04076672,0.21,0.13273166,23.3,22,473,459
2940,12,12,4,0,1.9388666,499.18332,1.99673328,0.21,0.12900628,25.6,23,514,576
2941,12,13,4,0,1.59335,403.275,1.6131,0.21,0.13030565,23.9,25,458,469
2942,12,14,4,0,1.367,272.27917,1.08911668,0.21,0.13593978,22.8,34,398,407
2943,12,15,4,0,0.42668888,104.229164,0.416916656,0.21,0.13295403,20.6,39,232,217
2944,12,16,4,0,0.6771333,7.0666666,0.0282666664,0.5,0.14382881,18.3,54,116,107
2945,12,17,4,0,1.19205,0,0,0.5,0.15238166,17.2,70,20,3
2946,12,18,4,0,1.33385,0,0,0.5,0.15756291,16.1,75,0,0
2947,12,19,4,0,0.60101664,0,0,0.5,0.14834465,16.1,78,0,0
2948,12,20,4,0,0.95173335,0,0,0.5,0.14095886,16.7,75,0,0
2949,12,21,4,0,1.5434333,0,0,0.21,0.13367817,18.9,34,0,0
2950,12,22,4,0,1.4484,0,0,0.21,0.122270145,17.8,32,0,0
2951,12,23,4,0,1.36205,0,0,0.21,0.113844,17.8,24,0,0
2952,12,24,4,0,1.6398,0,0,0.21,0.10063755,14.4,51,0,0
2953,12,1,5,0,1.8942833,0,0,0.21,0.09887924,15.6,23,0,0
2954,12,2,5,0,2.1000834,0,0,0.21,0.10355774,16.1,24,0,0
2955,12,3,5,0,2.0363166,0,0,0.21,0.10707366,15.6,23,0,0
2956,12,4,5,0,2.0273666,0,0,0.21,0.106669836,13.3,26,0,0
2957,12,5,5,0,1.8910834,0,0,0.21,0.11295297,12.8,30,0,0
2958,12,6,5,0,1.3395,0,0,0.21,0.12205822,15,23,0,0
2959,12,7,5,0,1.8404334,248.2125,0.99285,0.21,0.12733342,14.4,23,6,9
2960,12,8,5,0,1.7636666,464.23334,1.85693336,0.21,0.13611473,13.9,27,64,110
2961,12,9,5,0,1.32785,592.19165,2.3687666,0.21,0.1338707,17.8,24,203,302
2962,12,10,5,0,2.8985,647.7208,2.5908832,0.21,0.1331802,18.9,23,377,502
2963,12,11,5,0,2.7740166,634.9667,2.5398668,0.21,0.13290001,23.3,22,412,448
2964,12,12,5,0,2.5062332,571.01666,2.28406664,0.21,0.13353834,25,23,585,796
2965,12,13,5,0,1.7170833,463.44168,1.85376672,0.21,0.13088267,26.1,22,509,703
2966,12,14,5,0,1.1055334,298.96667,1.19586668,0.21,0.13310651,21.1,47,438,738
2967,12,15,5,0,0.9327667,105.82083,0.42328332,0.21,0.13942021,20.6,47,333,741
2968,12,16,5,0,1.06475,2.9291666,0.0117166664,0.5,0.14496975,18.9,57,165,571
2969,12,17,5,0,1.71475,0,0,0.5,0.1504868,16.7,67,36,165
2970,12,18,5,0,1.5284166,0,0,0.5,0.1497092,17.2,56,0,0
2971,12,19,5,0,0.39901668,0,0,0.5,0.14400776,16.7,60,0,0
2972,12,20,5,0,0.39116666,0,0,0.5,0.1433081,16.1,70,0,0
2973,12,21,5,0,0.59968334,0,0,0.21,0.13660087,16.1,70,0,0
2974,12,22,5,0,2.0525334,0,0,0.21,0.12218272,15,67,0,0
2975,12,23,5,0,1.6678833,0,0,0.21,0.11098461,15,65,0,0
2976,12,24,5,0,2.48435,0,0,0.21,0.10831919,13.9,97,0,0
2977,12,1,6,0,1.8740166,0,0,0.21,0.112994134,13.3,60,0,0
2978,12,2,6,0,2.4404166,0,0,0.21,0.096880995,12.2,62,0,0
2979,12,3,6,0,1.6512667,0,0,0.21,0.09108494,11.7,53,0,0
2980,12,4,6,0,1.1364666,0,0,0.21,0.0885939,12.2,45,0,0
2981,12,5,6,0,1.7472334,0,0,0.21,0.09324977,10.6,55,0,0
2982,12,6,6,0,1.1230834,0,0,0.21,0.105954625,10.6,57,0,0
2983,12,7,6,0,1.1294167,250.3875,1.00155,0.21,0.10816472,11.1,45,4,1
2984,12,8,6,0,1.1377667,453.80832,1.81523328,0.21,0.11080826,13.3,37,73,192
2985,12,9,6,0,2.20155,579.31665,2.3172666,0.21,0.11493823,16.7,29,233,486
2986,12,10,6,0,2.5491,634.975,2.5399,0.21,0.12288545,18.9,27,387,630
2987,12,11,6,0,2.2556834,635.93335,2.5437334,0.21,0.12085732,21.7,24,496,700
2988,12,12,6,0,0.71183336,573.2875,2.29315,0.21,0.1178413,23.3,24,544,726
2989,12,13,6,0,0.94655,462.73334,1.85093336,0.21,0.12002065,21.7,46,520,705
2990,12,14,6,0,0.69296664,297.86667,1.19146668,0.21,0.12544896,21.1,51,437,655
2991,12,15,6,0,0.61801666,104.129166,0.416516664,0.21,0.13229941,20,57,302,550
2992,12,16,6,0,0.8111167,2.3708334,0.0094833336,0.5,0.1412986,17.8,84,139,336
2993,12,17,6,0,0.090850055,0,0,0.5,0.15065491,15.6,87,22,27
2994,12,18,6,0,0.00013343,0,0,0.5,0.15426004,15,90,0,0
2995,12,19,6,0,0.025000084,0,0,0.5,0.15017734,15.6,87,0,0
2996,12,20,6,0,0.79946667,0,0,0.5,0.14825167,15,93,0,0
2997,12,21,6,0,0.94175,0,0,0.21,0.13736703,16.1,90,0,0
2998,12,22,6,0,1.2751334,0,0,0.21,0.13004611,15,90,0,0
2999,12,23,6,0,0.5047167,0,0,0.21,0.114872575,14.4,97,0,0
3000,12,24,6,0,1.006825,0,0,0.21,0.10266412,15,90,0,0
3001,12,1,7,0,0.91471666,0,0,0.21,0.10204633,13.3,93,0,0
3002,12,2,7,0,0.94955,0,0,0.21,0.10532818,13.3,90,0,0
3003,12,3,7,0,0.79148334,0,0,0.21,0.10600514,12.8,87,0,0
3004,12,4,7,0,0.77765,0,0,0.21,0.105232164,12.8,97,0,0
3005,12,5,7,0,0.87505,0,0,0.21,0.11723826,12.8,87,0,0
3006,12,6,7,0,1.0288833,0,0,0.21,0.14217801,12.8,80,0,0
3007,12,7,7,0,0.5402667,239.025,0.9561,0.21,0.15759209,13.9,97,3,0
3008,12,8,7,0,0.29766667,436.10834,1.74443336,0.21,0.15696104,13.9,100,55,5
3009,12,9,7,0,1.90465,552.04584,2.20818336,0.21,0.15423888,15,90,84,1
3010,12,10,7,0,2.2544334,600.68335,2.4027334,0.21,0.14977387,16.1,81,192,4
3011,12,11,7,0,2.1001167,597.68335,2.3907334,0.21,0.14316036,17.2,75,199,7
3012,12,12,7,0,0.5495667,542.2,2.1688,0.21,0.13845265,17.8,68,228,1
3013,12,13,7,0,1.0970666,436.42084,1.74568336,0.21,0.13591439,17.8,78,249,2
3014,12,14,7,0,0.9075,259.32916,1.03731664,0.21,0.13458847,17.2,84,201,2
3015,12,15,7,0,1.2015333,92.2625,0.36905,0.21,0.14089897,17.8,75,150,2
3016,12,16,7,0,0.5212167,5.883333,0.023533332,0.5,0.15081097,17.8,75,80,1
3017,12,17,7,0,0.11743336,0,0,0.5,0.15632048,17.8,75,24,0
3018,12,18,7,0,0.042650025,0,0,0.5,0.15779373,17.8,73,0,0
3019,12,19,7,0,0.025066715,0,0,0.5,0.15577854,17.2,75,0,0
3020,12,20,7,0,0.03681674,0,0,0.5,0.14804439,16.7,87,0,0
3021,12,21,7,0,0.71328336,0,0,0.21,0.13375401,16.1,84,0,0
3022,12,22,7,0,0.48886666,0,0,0.21,0.11441843,16.1,81,0,0
3023,12,23,7,0,0.6509,0,0,0.21,0.107019305,15.6,90,0,0
3024,12,24,7,0,0.6290917,0,0,0.21,0.09459277,14.4,75,0,0
3025,12,1,1,0,0.75028336,0,0,0.21,0.09362649,14.4,90,0,0
3026,12,2,1,0,1.6123166,0,0,0.21,0.092332214,13.9,87,0,0
3027,12,3,1,0,1.60535,0,0,0.21,0.09504598,13.9,84,0,0
3028,12,4,1,0,1.9908,0,0,0.21,0.09383317,13.9,84,0,0
3029,12,5,1,0,1.1848333,0,0,0.21,0.10984007,14.4,81,0,0
3030,12,6,1,0,1.2370666,0,0,0.21,0.11915348,13.9,72,0,0
3031,12,7,1,0,1.2954,156.02083,0.62408332,0.21,0.119798884,13.3,69,3,2
3032,12,8,1,0,0.5877333,283.21667,1.13286668,0.21,0.122351,14.4,58,21,1
3033,12,9,1,0,0.54833335,400.07083,1.60028332,0.21,0.12256724,17.8,50,209,215
3034,12,10,1,0,1.4595,368.08334,1.47233336,0.21,0.12389977,17.8,58,263,282
3035,12,11,1,0,1.5645833,300.44583,1.20178332,0.21,0.12600432,18.9,61,280,10
3036,12,12,1,0,1.4320166,332.91666,1.33166664,0.21,0.12140323,18.3,59,317,8
3037,12,13,1,0,1.9399166,369.225,1.4769,0.21,0.12517174,18.3,68,229,6
3038,12,14,1,0,1.00225,258.64584,1.03458336,0.21,0.12302062,17.8,70,238,0
3039,12,15,1,0,0.37408334,88.2125,0.35285,0.21,0.12626986,17.2,78,172,4
3040,12,16,1,0,0.55365,7.8125,0.03125,0.5,0.1375641,16.7,78,70,5
3041,12,17,1,0,0.57388335,0,0,0.5,0.1533576,16.1,78,17,1
3042,12,18,1,0,0.9069833,0,0,0.5,0.14520685,16.1,87,0,0
3043,12,19,1,0,0.09540006,0,0,0.5,0.13520898,16.1,90,0,0
3044,12,20,1,0,0.14571673,0,0,0.5,0.13383278,16.1,70,0,0
3045,12,21,1,0,0.41778338,0,0,0.21,0.12042501,16.1,63,0,0
3046,12,22,1,0,1.4821666,0,0,0.21,0.10405709,15.6,67,0,0
3047,12,23,1,0,1.5606333,0,0,0.21,0.097939216,15,67,0,0
3048,12,24,1,0,1.0330833,0,0,0.21,0.09034331,13.3,83,0,0
3049,12,1,2,0,1.3419,0,0,0.21,0.090931535,15,72,0,0
3050,12,2,2,0,1.1381667,0,0,0.21,0.09338674,14.4,65,0,0
3051,12,3,2,0,1.1117166,0,0,0.21,0.09555031,13.3,87,0,0
3052,12,4,2,0,1.4102334,0,0,0.21,0.09872934,12.8,93,0,0
3053,12,5,2,0,0.67331666,0,0,0.21,0.10380134,12.2,96,0,0
3054,12,6,2,0,1.2078834,0,0,0.21,0.11417913,12.2,96,0,0
3055,12,7,2,0,1.44405,45.9125,0.18365,0.21,0.12048788,12.2,96,1,0
3056,12,8,2,0,0.99835,76.09583,0.30438332,0.21,0.1261436,12.2,96,24,1
3057,12,9,2,0,1.2781167,187.40416,0.74961664,0.21,0.12521304,12.2,96,71,1
3058,12,10,2,0,1.2870333,266.54584,1.06618336,0.21,0.12541321,12.8,93,112,1
3059,12,11,2,0,1.4491667,222.5125,0.89005,0.21,0.121152446,13.3,93,236,1
3060,12,12,2,0,1.2428666,236.9,0.9476,0.21,0.12656482,14.4,87,263,1
3061,12,13,2,0,0.9584,67.9,0.2716,0.21,0.1227833,15,84,394,369
3062,12,14,2,0,0.71461666,55.4375,0.22175,0.21,0.12638447,16.1,78,262,220
3063,12,15,2,0,0.8913,15.0375,0.06015,0.21,0.13210139,16.1,75,271,398
3064,12,16,2,0,1.0333967,2.5458333,0.0101833332,0.5,0.13939986,15.6,75,122,220
3065,12,17,2,0,1.0695833,0,0,0.5,0.15091012,14.4,81,23,10
3066,12,18,2,0,1.1631334,0,0,0.5,0.15776685,14.4,75,0,0
3067,12,19,2,0,1.0234333,0,0,0.5,0.15486142,15,81,0,0
3068,12,20,2,0,1.0156,0,0,0.5,0.14716741,14.4,84,0,0
3069,12,21,2,0,1.3586667,0,0,0.21,0.13736935,14.4,78,0,0
3070,12,22,2,0,1.4238334,0,0,0.21,0.120168105,13.9,81,0,0
3071,12,23,2,0,1.3781667,0,0,0.21,0.107910514,13.9,78,0,0
3072,12,24,2,0,1.2360916,0,0,0.21,0.09896371,12.8,60,0,0
3073,12,1,3,0,0.83705,0,0,0.21,0.09407792,11.7,96,0,0
3074,12,2,3,0,1.045,0,0,0.21,0.09493289,11.1,96,0,0
3075,12,3,3,0,0.74633336,0,0,0.21,0.09659222,11.1,96,0,0
3076,12,4,3,0,1.4521667,0,0,0.21,0.09781664,10.6,96,0,0
3077,12,5,3,0,1.1333833,0,0,0.21,0.106771454,10.6,93,0,0
3078,12,6,3,0,1.1733834,0,0,0.21,0.12856337,9.4,96,0,0
3079,12,7,3,0,1.7206167,36.820835,0.14728334,0.21,0.14640708,10.6,90,5,10
3080,12,8,3,0,0.75865,96.316666,0.385266664,0.21,0.15746988,12.2,83,81,286
3081,12,9,3,0,1.10095,247.575,0.9903,0.21,0.155606,13.9,67,128,87
3082,12,10,3,0,1.9700834,497.95,1.9918,0.21,0.14372726,16.7,54,274,238
3083,12,11,3,0,2.0129833,497.02084,1.98808336,0.21,0.13490328,17.2,46,480,587
3084,12,12,3,0,2.3061166,553.9625,2.21585,0.21,0.13199288,18.3,42,378,410
3085,12,13,3,0,1.0594833,434.3625,1.73745,0.21,0.1312991,18.3,47,505,696
3086,12,14,3,0,0.5711,285.16666,1.14066664,0.21,0.13677342,19.4,36,485,816
3087,12,15,3,0,0.71501666,105.0375,0.42015,0.21,0.14823359,18.9,36,213,323
3088,12,16,3,0,0.41668335,5.8,0.0232,0.5,0.1624787,18.3,43,160,503
3089,12,17,3,0,0.73495,0,0,0.5,0.1688081,17.2,43,37,187
3090,12,18,3,0,1.2593,0,0,0.5,0.1639782,15.6,46,0,0
3091,12,19,3,0,0.37055004,0,0,0.5,0.15563858,15,50,0,0
3092,12,20,3,0,0.107266754,0,0,0.5,0.15135096,15,50,0,0
3093,12,21,3,0,0.32823342,0,0,0.21,0.14713755,14.4,51,0,0
3094,12,22,3,0,1.3281667,0,0,0.21,0.12411561,13.3,60,0,0
3095,12,23,3,0,1.0449166,0,0,0.21,0.1058355,12.2,64,0,0
3096,12,24,3,0,1.068875,0,0,0.21,0.09139311,11.1,90,0,0
3097,12,1,4,0,1.5329167,0,0,0.21,0.08730474,10.6,72,0,0
3098,12,2,4,0,1.1375166,0,0,0.21,0.087491065,9.4,83,0,0
3099,12,3,4,0,1.78725,0,0,0.21,0.08737388,10,77,0,0
3100,12,4,4,0,1.2008834,0,0,0.21,0.09140282,10.6,74,0,0
3101,12,5,4,0,1.5091166,0,0,0.21,0.1089006,9.4,77,0,0
3102,12,6,4,0,1.0296834,0,0,0.21,0.13655107,9.4,77,0,0
3103,12,7,4,0,1.7615334,132.07083,0.52828332,0.21,0.15243842,10.6,69,4,13
3104,12,8,4,0,0.9823833,378.4,1.5136,0.21,0.15042935,11.7,66,78,370
3105,12,9,4,0,1.1928667,513.70416,2.05481664,0.21,0.14944805,13.9,60,243,660
3106,12,10,4,0,2.3639667,576.14166,2.30456664,0.21,0.15103091,15.6,54,400,789
3107,12,11,4,0,2.3618166,569.8,2.2792,0.21,0.15570723,17.2,58,508,842
3108,12,12,4,0,2.2034166,516.1458,2.0645832,0.21,0.15085667,18.9,53,553,856
3109,12,13,4,0,1.0203167,412.62918,1.65051672,0.21,0.15407537,19.4,55,538,850
3110,12,14,4,0,0.3924,247.36667,0.98946668,0.21,0.15850165,17.8,68,459,815
3111,12,15,4,0,0.3671,92.48333,0.36993332,0.21,0.15883467,17.2,70,328,735
3112,12,16,4,0,0.35411668,5.5333333,0.0221333332,0.5,0.16502757,16.1,67,162,557
3113,12,17,4,0,0.5133167,0,0,0.5,0.16926715,14.4,75,34,141
3114,12,18,4,0,0.5298833,0,0,0.5,0.1647823,13.9,81,0,0
3115,12,19,4,0,0.1940667,0,0,0.5,0.1597289,14.4,75,0,0
3116,12,20,4,0,0.0317667,0,0,0.5,0.15450722,15,72,0,0
3117,12,21,4,0,0.07400009,0,0,0.21,0.14549832,13.9,78,0,0
3118,12,22,4,0,0.35550007,0,0,0.21,0.13933057,12.8,80,0,0
3119,12,23,4,0,1.2238667,0,0,0.21,0.12586242,12.2,83,0,0
3120,12,24,4,0,1.148175,0,0,0.21,0.12547117,11.7,93,0,0
3121,12,1,5,0,1.0941,0,0,0.21,0.12235343,11.1,90,0,0
3122,12,2,5,0,1.2967,0,0,0.21,0.124222845,11.1,83,0,0
3123,12,3,5,0,0.99256665,0,0,0.21,0.12516697,10,86,0,0
3124,12,4,5,0,1.8563,0,0,0.21,0.12555839,8.9,86,0,0
3125,12,5,5,0,1.2671833,0,0,0.21,0.1287137,9.4,83,0,0
3126,12,6,5,0,1.0708,0,0,0.21,0.14247309,9.4,80,0,0
3127,12,7,5,0,1.5481666,60.741665,0.24296666,0.21,0.15021163,8.9,80,2,1
3128,12,8,5,0,0.93451667,263.17917,1.05271668,0.21,0.15858573,10.6,74,63,165
3129,12,9,5,0,0.8763833,351.2,1.4048,0.21,0.17141765,13.3,64,215,465
3130,12,10,5,0,1.1081834,277.67084,1.11068336,0.21,0.17394811,15,62,367,615
3131,12,11,5,0,1.15395,302.33334,1.20933336,0.21,0.17004818,17.2,63,476,687
3132,12,12,5,0,1.5581167,408.15417,1.63261668,0.21,0.17176524,17.8,63,524,712
3133,12,13,5,0,1.08655,315.94168,1.26376672,0.21,0.17676455,17.2,63,510,706
3134,12,14,5,0,0.84665,210.62083,0.84248332,0.21,0.1860623,17.2,65,430,659
3135,12,15,5,0,1.2687833,92.4,0.3696,0.21,0.18825601,17.2,65,298,556
3136,12,16,5,0,0.58016664,5.9625,0.02385,0.5,0.1930876,16.1,72,139,345
3137,12,17,5,0,0.26543334,0.76666665,0.0030666666,0.5,0.20091036,14.4,81,26,38
3138,12,18,5,0,0.51748335,0,0,0.5,0.19512716,13.9,84,0,0
3139,12,19,5,0,0.2008167,0,0,0.5,0.19340506,14.4,84,0,0
3140,12,20,5,0,0.021933421,0,0,0.5,0.18170084,13.9,87,0,0
3141,12,21,5,0,0.7592667,0,0,0.21,0.17848411,15,78,0,0
3142,12,22,5,0,1.47305,0,0,0.21,0.16821755,14.4,81,0,0
3143,12,23,5,0,1.2810167,0,0,0.21,0.15795803,12.8,90,0,0
3144,12,24,5,0,1.4174666,0,0,0.21,0.13574138,11.1,53,0,0
3145,12,1,6,0,1.1352167,0,0,0.21,0.12936792,11.1,96,0,0
3146,12,2,6,0,0.93418336,0,0,0.21,0.12674882,10.6,90,0,0
3147,12,3,6,0,1.0563,0,0,0.21,0.12802087,10,90,0,0
3148,12,4,6,0,1.2721334,0,0,0.21,0.1276608,9.4,90,0,0
3149,12,5,6,0,1.5740666,0,0,0.21,0.13349304,8.3,93,0,0
3150,12,6,6,0,0.95968336,0,0,0.21,0.14067473,8.9,86,0,0
3151,12,7,6,0,0.93726665,124.09583,0.49638332,0.21,0.14300168,8.3,77,2,2
3152,12,8,6,0,0.86431664,338.25418,1.35301672,0.21,0.1475114,10.6,61,65,222
3153,12,9,6,0,1.6863834,465.47916,1.86191664,0.21,0.15100923,12.8,57,223,535
3154,12,10,6,0,2.1246,530.2792,2.1211168,0.21,0.15614362,15,48,378,683
3155,12,11,6,0,1.9606667,533.225,2.1329,0.21,0.15573497,17.2,35,492,757
3156,12,12,6,0,0.65066665,474.33334,1.89733336,0.21,0.15185304,18.9,33,542,780
3157,12,13,6,0,0.26011667,375.65417,1.50261668,0.21,0.15129192,18.3,33,527,775
3158,12,14,6,0,0.28238332,223.65416,0.89461664,0.21,0.14865965,18.3,34,447,730
3159,12,15,6,0,0.6518,94.504166,0.378016664,0.21,0.155721,17.8,37,313,632
3160,12,16,6,0,0.66976666,4.9625,0.01985,0.5,0.16533548,17.2,38,149,425
3161,12,17,6,0,0.06031675,0.85833335,0.0034333334,0.5,0.17608857,16.1,50,29,65
3162,12,18,6,0,0.08121673,0,0,0.5,0.1751962,15,58,0,0
3163,12,19,6,0,0.25871667,0,0,0.5,0.17313984,14.4,67,0,0
3164,12,20,6,0,0.13936667,0,0,0.5,0.171949,13.9,75,0,0
3165,12,21,6,0,1.2615666,0,0,0.21,0.16431487,13.3,69,0,0
3166,12,22,6,0,1.31795,0,0,0.21,0.1582422,12.8,69,0,0
3167,12,23,6,0,1.2858167,0,0,0.21,0.15021744,12.2,55,0,0
3168,12,24,6,0,1.2097334,0,0,0.21,0.15334785,11.7,90,0,0
3169,12,1,7,0,0.6214167,0,0,0.21,0.14426449,10,52,0,0
3170,12,2,7,0,0.32646668,0,0,0.21,0.1434102,10,54,0,0
3171,12,3,7,0,0.58848333,0,0,0.21,0.14534669,8.9,61,0,0
3172,12,4,7,0,0.85205,0,0,0.21,0.15130381,7.8,68,0,0
3173,12,5,7,0,0.5671167,0,0,0.21,0.16147196,8.3,61,0,0
3174,12,6,7,0,0.98975,0,0,0.21,0.17875883,8.9,52,0,0
3175,12,7,7,0,0.65751666,0,0,0.21,0.18190268,7.8,56,3,10
3176,12,8,7,0,0.78466666,21.2125,0.08485,0.21,0.18843584,10,50,73,355
3177,12,9,7,0,0.70105,63.175,0.2527,0.21,0.18882717,11.7,47,239,650
3178,12,10,7,0,1.0620167,124.9125,0.49965,0.21,0.18501508,14.4,39,396,790
3179,12,11,7,0,1.0077,111.6,0.4464,0.21,0.18463789,16.7,56,502,837
3180,12,12,7,0,1.34235,99.92083,0.39968332,0.21,0.18646733,17.8,50,553,860
3181,12,13,7,0,0.9205667,103.629166,0.414516664,0.21,0.18273062,18.3,47,539,856
3182,12,14,7,0,0.569575,31.314583,0.125258332,0.21,0.18311322,17.8,65,458,811
3183,12,15,7,0,0.46796668,9.091666,0.036366664,0.21,0.18898502,17.8,63,326,728
3184,12,16,7,0,0.63775,0,0,0.5,0.19751576,16.1,72,161,547
3185,12,17,7,0,0.68483335,0,0,0.5,0.20578937,15,78,34,140
3186,12,18,7,0,0.6210834,0,0,0.5,0.20569524,14.4,81,0,0
3187,12,19,7,0,1.3378167,0,0,0.5,0.20647402,13.9,84,0,0
3188,12,20,7,0,1.1845,0,0,0.5,0.1996888,14.4,84,0,0
3189,12,21,7,0,1.389,0,0,0.21,0.1789624,13.9,84,0,0
3190,12,22,7,0,1.2521666,0,0,0.21,0.16276665,12.8,90,0,0
3191,12,23,7,0,0.8513333,0,0,0.21,0.14958033,11.7,93,0,0
3192,12,24,7,0,0.67076665,0,0,0.21,0.14405522,11.1,61,0,0
3193,12,1,1,0,0.62153333,0,0,0.21,0.13867106,11.7,72,0,0
3194,12,2,1,0,0.57388335,0,0,0.21,0.13635194,11.1,69,0,0
3195,12,3,1,0,0.91468334,0,0,0.21,0.13119736,10,74,0,0
3196,12,4,1,0,0.6766833,0,0,0.21,0.13111475,9.4,74,0,0
3197,12,5,1,0,0.8119,0,0,0.21,0.14252634,8.3,80,0,0
3198,12,6,1,0,0.71398336,0,0,0.21,0.15058424,7.8,77,0,0
3199,12,7,1,0,2.0985167,22.1875,0.08875,0.21,0.16885515,8.9,63,6,21
3200,12,8,1,0,0.27371666,177.4375,0.70975,0.21,0.1730753,10,54,76,447
3201,12,9,1,0,0.50621665,237.8125,0.95125,0.21,0.17047733,12.2,47,248,735
3202,12,10,1,0,1.4085833,131.51666,0.52606664,0.21,0.17400676,14.4,42,405,850
3203,12,11,1,0,0.44786668,134.48334,0.53793336,0.21,0.17270021,16.1,40,515,899
3204,12,12,1,0,0.6602167,137.02916,0.54811664,0.21,0.17053972,17.8,36,565,917
3205,12,13,1,0,0.86658335,144.175,0.5767,0.21,0.16846418,18.9,42,549,909
3206,12,14,1,0,0.5101167,119.97083,0.47988332,0.21,0.16551326,17.2,61,467,867
3207,12,15,1,0,0.33493334,40.9,0.1636,0.21,0.16595013,16.7,56,338,800
3208,12,16,1,0,0.53176665,0,0,0.5,0.18044098,16.1,56,172,638
3209,12,17,1,0,0.31455,0,0,0.5,0.19123851,14.4,62,39,211
3210,12,18,1,0,0.65276664,0,0,0.5,0.1889748,14.4,67,0,0
3211,12,19,1,0,0.9704667,0,0,0.5,0.1820849,14.4,78,0,0
3212,12,20,1,0,0.69263333,0,0,0.5,0.17725314,15,75,0,0
3213,12,21,1,0,1.0573334,0,0,0.21,0.17097749,14.4,78,0,0
3214,12,22,1,0,1.2846167,0,0,0.21,0.15550597,13.9,78,0,0
3215,12,23,1,0,1.0973,0,0,0.21,0.14148884,11.7,77,0,0
3216,12,24,1,0,1.1464334,0,0,0.21,0.14513896,12.2,72,0,0
3217,12,1,2,0,0.8797333,0,0,0.21,0.1445943,11.1,59,0,0
3218,12,2,2,0,1.1809833,0,0,0.21,0.1408891,10.6,55,0,0
3219,12,3,2,0,0.94196665,0,0,0.21,0.14296801,10.6,55,0,0
3220,12,4,2,0,0.69808334,0,0,0.21,0.1495893,9.4,59,0,0
3221,12,5,2,0,1.0028334,0,0,0.21,0.15677916,9.4,56,0,0
3222,12,6,2,0,0.9888833,0,0,0.21,0.16813326,9.4,56,0,0
3223,12,7,2,0,0.86885,30.545834,0.122183336,0.21,0.18043374,8.9,59,1,0
3224,12,8,2,0,0.92403334,95.67917,0.38271668,0.21,0.18361554,10.6,52,51,63
3225,12,9,2,0,0.73415,354.0625,1.41625,0.21,0.18674733,13.3,42,207,321
3226,12,10,2,0,1.5002167,468.1875,1.87275,0.21,0.18400748,15,41,249,208
3227,12,11,2,0,1.5979167,386.3375,1.54535,0.21,0.1840582,17.2,38,403,428
3228,12,12,2,0,1.8845,495.98334,1.98393336,0.21,0.18043216,18.3,40,387,316
3229,12,13,2,0,1.2182667,371.85416,1.48741664,0.21,0.18008013,19.4,42,469,482
3230,12,14,2,0,0.33278334,270.25833,1.08103332,0.21,0.17753443,17.8,48,406,510
3231,12,15,2,0,0.6314667,100.895836,0.403583344,0.21,0.18374357,17.2,46,271,446
3232,12,16,2,0,0.5625,2.8666666,0.0114666664,0.5,0.19620854,16.7,67,128,239
3233,12,17,2,0,0.41935,0,0,0.5,0.2084067,14.4,75,22,21
3234,12,18,2,0,0.32048333,0,0,0.5,0.21348481,15,72,0,0
3235,12,19,2,0,0.13055006,0,0,0.5,0.2137424,13.3,75,0,0
3236,12,20,2,0,0.09405003,0,0,0.5,0.20742415,13.9,78,0,0
3237,12,21,2,0,1.0847833,0,0,0.21,0.20013316,14.4,78,0,0
3238,12,22,2,0,0.3840667,0,0,0.21,0.19042802,12.8,83,0,0
3239,12,23,2,0,0.9255,0,0,0.21,0.17947876,13.3,78,0,0
3240,12,24,2,0,0.6011083,0,0,0.21,0.15550269,12.2,93,0,0
3241,12,1,3,0,1.2402166,0,0,0.21,0.15823723,11.1,74,0,0
3242,12,2,3,0,0.77885,0,0,0.21,0.15256345,10.6,77,0,0
3243,12,3,3,0,1.0804,0,0,0.21,0.14902785,10,69,0,0
3244,12,4,3,0,0.9597,0,0,0.21,0.15074894,10.6,66,0,0
3245,12,5,3,0,0.7280333,0,0,0.21,0.16501874,8.9,77,0,0
3246,12,6,3,0,1.1926666,0,0,0.21,0.18008436,10,66,0,0
3247,12,7,3,0,0.7380667,118.82083,0.47528332,0.21,0.19821301,10.6,59,1,0
3248,12,8,3,0,0.79268336,362.61667,1.45046668,0.21,0.20717068,10.6,64,29,29
3249,12,9,3,0,0.40925,436.28333,1.74513332,0.21,0.20381872,12.8,53,107,45
3250,12,10,3,0,1.8205167,521.1875,2.08475,0.21,0.19766515,15.6,44,289,352
3251,12,11,3,0,2.35635,553.99585,2.2159834,0.21,0.19367771,16.7,50,458,575
3252,12,12,3,0,1.98275,519.1542,2.0766168,0.21,0.19276728,17.2,56,444,437
3253,12,13,3,0,0.7137,366.6,1.4664,0.21,0.18574606,18.3,54,493,658
3254,12,14,3,0,0.83343333,208.775,0.8351,0.21,0.1801122,17.8,56,377,363
3255,12,15,3,0,0.43665,96.254166,0.385016664,0.21,0.17833705,17.2,70,209,207
3256,12,16,3,0,0.5390667,6.2625,0.02505,0.5,0.19420512,16.1,75,96,54
3257,12,17,3,0,0.6515833,0,0,0.5,0.20322153,15,81,34,51
3258,12,18,3,0,1.1202333,0,0,0.5,0.2067132,14.4,84,0,0
3259,12,19,3,0,0.18656673,0,0,0.5,0.20156024,13.9,90,0,0
3260,12,20,3,0,0.015700052,0,0,0.5,0.1989494,13.9,87,0,0
3261,12,21,3,0,0.039800018,0,0,0.21,0.19193238,13.9,90,0,0
3262,12,22,3,0,0.029983412,0,0,0.21,0.17842333,13.3,93,0,0
3263,12,23,3,0,1.1523666,0,0,0.21,0.16284694,12.8,93,0,0
3264,12,24,3,0,1.1556166,0,0,0.21,0.15775111,13.3,93,0,0
3265,12,1,4,0,0.98263335,0,0,0.21,0.15960637,12.2,86,0,0
3266,12,2,4,0,1.0700834,0,0,0.21,0.15367916,11.1,83,0,0
3267,12,3,4,0,0.59353334,0,0,0.21,0.1519182,10,86,0,0
3268,12,4,4,0,0.90375,0,0,0.21,0.1544115,10,74,0,0
3269,12,5,4,0,0.87923336,0,0,0.21,0.1621991,10,71,0,0
3270,12,6,4,0,0.68595,0,0,0.21,0.1660368,10.6,72,0,0
3271,12,7,4,0,0.8526667,0,0,0.21,0.1817709,11.1,69,0,0
3272,12,8,4,0,0.6469833,200.31667,0.80126668,0.21,0.18506595,11.7,69,34,30
3273,12,9,4,0,0.6038,311.71667,1.24686668,0.21,0.18613215,14.4,58,132,145
3274,12,10,4,0,1.6903666,452.8375,1.81135,0.21,0.1832094,16.1,54,205,23
3275,12,11,4,0,0.63859165,185.29167,0.74116668,0.21,0.18435584,17.2,68,371,382
3276,12,12,4,0,0.5503333,162.37083,0.64948332,0.21,0.18715876,17.8,63,389,240
3277,12,13,4,0,0.5617833,167.59584,0.67038336,0.21,0.18851842,17.8,65,443,428
3278,12,14,4,0,0.30653334,100.416664,0.401666656,0.21,0.1880548,18.3,65,349,321
3279,12,15,4,0,0.47418332,35.695835,0.14278334,0.21,0.19470462,18.3,63,198,71
3280,12,16,4,0,0.6085333,0,0,0.5,0.1994308,17.2,73,116,126
3281,12,17,4,0,1.1175166,0,0,0.5,0.20633279,16.1,78,20,18
3282,12,18,4,0,1.14495,0,0,0.5,0.20810497,15,87,0,0
3283,12,19,4,0,0.096100025,0,0,0.5,0.20105152,15,90,0,0
3284,12,20,4,0,0.14728336,0,0,0.5,0.19403383,15,87,0,0
3285,12,21,4,0,0.20835002,0,0,0.21,0.18043499,14.4,90,0,0
3286,12,22,4,0,0.73433334,0,0,0.21,0.16946758,14.4,93,0,0
3287,12,23,4,0,1.0210333,0,0,0.21,0.15646271,14.4,90,0,0
3288,12,24,4,0,0.7642583,0,0,0.21,0.15066603,13.9,81,0,0
3289,12,1,5,0,1.0484166,0,0,0.21,0.145993,13.3,90,0,0
3290,12,2,5,0,1.0924833,0,0,0.21,0.1440254,12.8,83,0,0
3291,12,3,5,0,0.96313334,0,0,0.21,0.1352528,12.8,77,0,0
3292,12,4,5,0,1.185,0,0,0.21,0.1423996,11.7,77,0,0
3293,12,5,5,0,1.4752333,0,0,0.21,0.14605197,12.2,67,0,0
3294,12,6,5,0,1.3039083,0,0,0.21,0.14993873,11.7,72,0,0
3295,12,7,5,0,0.885875,0,0,0.21,0.14956234,11.7,66,1,0
3296,12,8,5,0,1.1773334,16.741667,0.066966668,0.21,0.15403557,12.8,57,28,32
3297,12,9,5,0,0.60581666,60.133335,0.24053334,0.21,0.16116183,14.4,51,108,30
3298,12,10,5,0,1.08675,69.80417,0.27921668,0.21,0.17121293,15.6,50,223,58
3299,12,11,5,0,0.59971666,74.69583,0.29878332,0.21,0.174921,16.1,52,478,676
3300,12,12,5,0,0.97503334,165.9625,0.66385,0.21,0.16930106,16.1,52,501,613
3301,12,13,5,0,1.8439167,324.51666,1.29806664,0.21,0.16220438,19.4,53,445,548
3302,12,14,5,0,1.1242167,309.87918,1.23951672,0.21,0.15801467,18.3,63,372,391
3303,12,15,5,0,0.5654167,121.270836,0.485083344,0.21,0.16567186,17.8,68,176,133
3304,12,16,5,0,1.9154667,3.4708333,0.0138833332,0.5,0.1725446,16.7,73,117,113
3305,12,17,5,0,1.6582167,0,0,0.5,0.1790388,15.6,81,22,7
3306,12,18,5,0,1.2010167,0,0,0.5,0.1768345,15.6,84,0,0
3307,12,19,5,0,0.20635003,0,0,0.5,0.17688563,15.6,84,0,0
3308,12,20,5,0,0.88588333,0,0,0.5,0.17462912,15,84,0,0
3309,12,21,5,0,1.3639333,0,0,0.21,0.17350452,15.6,84,0,0
3310,12,22,5,0,2.1756666,0,0,0.21,0.16918027,15,81,0,0
3311,12,23,5,0,1.8063166,0,0,0.21,0.15745845,15,87,0,0
3312,12,24,5,0,2.4359083,0,0,0.21,0.155933,13.3,93,0,0
3313,12,1,6,0,1.5855334,0,0,0.21,0.14813903,13.3,87,0,0
3314,12,2,6,0,2.0783668,0,0,0.21,0.14704442,12.2,90,0,0
3315,12,3,6,0,1.7370833,0,0,0.21,0.14659193,12.8,64,0,0
3316,12,4,6,0,2.0038667,0,0,0.21,0.14471985,10.6,74,0,0
3317,12,5,6,0,2.2251167,0,0,0.21,0.14698917,10,83,0,0
3318,12,6,6,0,1.7460166,0,0,0.21,0.15179028,10,83,0,0
3319,12,7,6,0,1.9283,203.0375,0.81215,0.21,0.15175287,10.6,72,3,6
3320,12,8,6,0,1.4229667,431.92084,1.72768336,0.21,0.15604407,11.7,64,65,369
3321,12,9,6,0,2.4695833,567.3875,2.26955,0.21,0.16398238,15,50,231,685
3322,12,10,6,0,2.6132333,631.2625,2.52505,0.21,0.17406133,17.8,42,385,804
3323,12,11,6,0,2.6766667,632.55414,2.53021656,0.21,0.17580985,20,35,502,872
3324,12,12,6,0,1.94535,580.5,2.322,0.21,0.17168541,21.1,35,551,888
3325,12,13,6,0,1.40525,474.65,1.8986,0.21,0.17712268,21.1,36,542,887
3326,12,14,6,0,0.67875,313.18332,1.25273328,0.21,0.17195849,18.9,47,464,848
3327,12,15,6,0,0.77926666,117.854164,0.471416656,0.21,0.16818714,18.3,61,333,768
3328,12,16,6,0,0.65818334,4.179167,0.016716668,0.5,0.1759615,17.2,70,169,598
3329,12,17,6,0,0.17010006,0,0,0.5,0.19119619,16.1,84,37,181
3330,12,18,6,0,0.1369834,0,0,0.5,0.19041187,15.6,84,0,0
3331,12,19,6,0,0.9019833,0,0,0.5,0.18652527,13.9,90,0,0
3332,12,20,6,0,2.07915,0,0,0.5,0.18167332,15.6,87,0,0
3333,12,21,6,0,3.4282167,0,0,0.21,0.17477061,15.6,81,0,0
3334,12,22,6,0,2.3307,0,0,0.21,0.15833975,14.4,90,0,0
3335,12,23,6,0,1.75565,0,0,0.21,0.14944841,13.9,90,0,0
3336,12,24,6,0,1.9201334,0,0,0.21,0.14401227,13.9,81,0,0
3337,12,1,7,0,1.5736,0,0,0.21,0.14105067,12.2,90,0,0
3338,12,2,7,0,2.2820666,0,0,0.21,0.14372627,11.7,90,0,0
3339,12,3,7,0,1.9633334,0,0,0.21,0.14224379,11.7,86,0,0
3340,12,4,7,0,2.0694833,0,0,0.21,0.14306244,11.1,83,0,0
3341,12,5,7,0,1.9085667,0,0,0.21,0.1560757,10.6,86,0,0
3342,12,6,7,0,1.6547583,0,0,0.21,0.17798747,10.6,83,0,0
3343,12,7,7,0,2.0784,202.875,0.8115,0.21,0.18823555,11.1,74,1,0
3344,12,8,7,0,1.4073,433.71667,1.73486668,0.21,0.18603432,12.2,72,51,146
3345,12,9,7,0,2.5629,574.1875,2.29675,0.21,0.18600632,13.9,64,200,470
3346,12,10,7,0,2.6624,647.32086,2.58928344,0.21,0.18886022,16.1,60,353,628
3347,12,11,7,0,2.8862667,654.0625,2.61625,0.21,0.1875508,17.2,68,463,699
3348,12,12,7,0,2.3873832,599.3417,2.3973668,0.21,0.18467799,18.3,65,516,726
3349,12,13,7,0,0.94668335,486.85,1.9474,0.21,0.18350819,18.3,68,505,721
3350,12,14,7,0,1.1844,320.91666,1.28366664,0.21,0.18349096,18.3,70,431,678
3351,12,15,7,0,1.3566166,122.270836,0.489083344,0.21,0.18655415,17.2,75,303,581
3352,12,16,7,0,1.4774166,4.670833,0.018683332,0.5,0.19294447,16.7,81,126,193
3353,12,17,7,0,0.32913336,0,0,0.5,0.19722097,15,87,28,23
3354,12,18,7,0,0.43151668,0,0,0.5,0.19534811,13.9,87,0,0
3355,12,19,7,0,1.043,0,0,0.5,0.19506152,14.4,84,0,0
3356,12,20,7,0,2.2726667,0,0,0.5,0.18956187,15,81,0,0
3357,12,21,7,0,2.0762334,0,0,0.21,0.18285203,15,84,0,0
3358,12,22,7,0,2.1882334,0,0,0.21,0.16953214,13.9,87,0,0
3359,12,23,7,0,1.8899333,0,0,0.21,0.15434346,13.9,87,0,0
3360,12,24,7,0,1.9357333,0,0,0.21,0.13920605,13.3,78,0,0
3361,12,1,1,0,1.5717334,0,0,0.21,0.13676257,13.3,80,0,0
3362,12,2,1,0,2.1319666,0,0,0.21,0.13241875,11.1,93,0,0
3363,12,3,1,0,2.05625,0,0,0.21,0.13062192,10.6,96,0,0
3364,12,4,1,0,1.7736167,0,0,0.21,0.13104843,10.6,96,0,0
3365,12,5,1,0,1.4919,0,0,0.21,0.13469538,10,96,0,0
3366,12,6,1,0,1.922575,0,0,0.21,0.1409097,9.4,96,0,0
3367,12,7,1,0,1.2800333,201.025,0.8041,0.21,0.146543,10.6,90,1,1
3368,12,8,1,0,1.6428833,442.85834,1.77143336,0.21,0.14264768,11.1,90,56,256
3369,12,9,1,0,1.2848166,585.35834,2.34143336,0.21,0.14821163,13.3,80,218,623
3370,12,10,1,0,2.82155,654.9667,2.6198668,0.21,0.1467849,15,75,351,716
3371,12,11,1,0,2.6873333,660.86664,2.64346656,0.21,0.1471641,16.7,67,461,716
3372,12,12,1,0,2.1701667,604.6375,2.41855,0.21,0.14363056,16.1,72,493,613
3373,12,13,1,0,0.59706664,490.85,1.9634,0.21,0.1401826,17.2,70,381,236
3374,12,14,1,0,0.6534333,326.69168,1.30676672,0.21,0.14278425,16.1,78,212,9
3375,12,15,1,0,1.1931,125.20417,0.50081668,0.21,0.1468655,16.1,75,253,163
3376,12,16,1,0,1.3524333,4.8083334,0.0192333336,0.5,0.15036659,15,84,70,5
3377,12,17,1,0,1.7914833,0,0,0.5,0.15958719,15,75,20,1
3378,12,18,1,0,2.0203667,0,0,0.5,0.16006736,15,78,0,0
3379,12,19,1,0,1.0138062,0,0,0.5,0.15510479,15,81,0,0
3380,12,20,1,0,0.34513333,0,0,0.5,0.1519666,14.4,78,0,0
3381,12,21,1,0,0.37821668,0,0,0.21,0.15416539,14.4,75,0,0
3382,12,22,1,0,1.5466666,0,0,0.21,0.14461389,13.3,78,0,0
3383,12,23,1,0,2.2418666,0,0,0.21,0.1330387,13.9,75,0,0
3384,12,24,1,0,1.4071333,0,0,0.21,0.12004606,11.7,86,0,0
3385,12,1,2,0,1.4941167,0,0,0.21,0.116696976,12.8,80,0,0
3386,12,2,2,0,1.6172833,0,0,0.21,0.11731516,12.8,80,0,0
3387,12,3,2,0,1.5212834,0,0,0.21,0.116268,12.8,87,0,0
3388,12,4,2,0,1.15735,0,0,0.21,0.11898295,12.2,90,0,0
3389,12,5,2,0,1.4684,0,0,0.21,0.12763162,11.1,93,0,0
3390,12,6,2,0,1.1975666,0,0,0.21,0.14366108,11.7,90,0,0
3391,12,7,2,0,1.5758417,198.41875,0.793675,0.21,0.15626304,11.1,93,2,1
3392,12,8,2,0,1.1512333,427.39166,1.70956664,0.21,0.15617584,11.7,90,60,288
3393,12,9,2,0,1.1104167,563.4083,2.2536332,0.21,0.1524897,12.8,87,173,218
3394,12,10,2,0,2.49625,636.9625,2.54785,0.21,0.1526181,14.4,78,261,326
3395,12,11,2,0,2.2784,595.6042,2.3824168,0.21,0.15193814,16.7,67,382,308
3396,12,12,2,0,1.9928666,507.2125,2.02885,0.21,0.14859079,17.2,54,530,758
3397,12,13,2,0,0.34683332,470.1625,1.88065,0.21,0.15082754,17.2,56,453,595
3398,12,14,2,0,0.4909,277.4125,1.10965,0.21,0.15373032,18.3,49,372,586
3399,12,15,2,0,0.5733167,68.05,0.2722,0.21,0.15801351,17.2,63,319,700
3400,12,16,2,0,0.9407333,4.3375,0.01735,0.5,0.17628615,16.1,60,174,624
3401,12,17,2,0,1.9742334,0,0,0.5,0.18995191,15.6,65,40,211
3402,12,18,2,0,1.4845834,0,0,0.5,0.19073102,15,65,0,0
3403,12,19,2,0,0.3188167,0,0,0.5,0.18675065,15,65,0,0
3404,12,20,2,0,0.024583388,0,0,0.5,0.18125254,14.4,72,0,0
3405,12,21,2,0,0.092450045,0,0,0.21,0.17779295,12.8,75,0,0
3406,12,22,2,0,0.3406,0,0,0.21,0.15943359,12.8,83,0,0
3407,12,23,2,0,2.19235,0,0,0.21,0.1385234,12.8,83,0,0
3408,12,24,2,0,1.1204083,0,0,0.21,0.13666911,12.8,60,0,0
3409,12,1,3,0,0.9514167,0,0,0.21,0.13508031,11.1,90,0,0
3410,12,2,3,0,0.95933336,0,0,0.21,0.13547799,10.6,90,0,0
3411,12,3,3,0,1.00785,0,0,0.21,0.13412926,8.9,93,0,0
3412,12,4,3,0,0.6781,0,0,0.21,0.13626419,10.6,86,0,0
3413,12,5,3,0,1.0106,0,0,0.21,0.14823036,8.9,93,0,0
3414,12,6,3,0,1.0875,0,0,0.21,0.16502276,8.3,93,0,0
3415,12,7,3,0,1.185,4.9375,0.01975,0.21,0.17686988,8.3,93,2,2
3416,12,8,3,0,1.3834833,48.020832,0.192083328,0.21,0.17831439,10.6,77,55,216
3417,12,9,3,0,1.28065,42.233334,0.168933336,0.21,0.17696051,14.4,58,198,499
3418,12,10,3,0,1.4311666,53.925,0.2157,0.21,0.17588834,17.8,47,318,483
3419,12,11,3,0,1.2795666,96.48333,0.38593332,0.21,0.1727357,18.9,40,447,635
3420,12,12,3,0,1.0844166,100.47083,0.40188332,0.21,0.1663221,21.1,34,526,691
3421,12,13,3,0,1.27815,112.99167,0.45196668,0.21,0.1653875,21.7,35,482,619
3422,12,14,3,0,1.2760667,73.979164,0.295916656,0.21,0.16505301,18.9,57,443,751
3423,12,15,3,0,1.2090666,35.966667,0.143866668,0.21,0.17225052,20,44,338,780
3424,12,16,3,0,1.6901833,6.733333,0.026933332,0.5,0.1828484,18.3,54,174,616
3425,12,17,3,0,2.20055,0,0,0.5,0.19309099,17.2,73,39,202
3426,12,18,3,0,1.7907166,0,0,0.5,0.19419481,16.1,81,0,0
3427,12,19,3,0,1.8640333,0,0,0.5,0.19334759,15.6,81,0,0
3428,12,20,3,0,1.93895,0,0,0.5,0.19225626,14.4,87,0,0
3429,12,21,3,0,2.2251832,0,0,0.21,0.18696108,14.4,84,0,0
3430,12,22,3,0,1.5425833,0,0,0.21,0.17514469,13.9,75,0,0
3431,12,23,3,0,1.5772667,0,0,0.21,0.15353155,14.4,56,0,0
3432,12,24,3,0,1.4380167,0,0,0.21,0.1426516,13.9,84,0,0
3433,12,1,4,0,1.3180833,0,0,0.21,0.13133715,13.3,47,0,0
3434,12,2,4,0,1.7477833,0,0,0.21,0.13100483,11.7,55,0,0
3435,12,3,4,0,2.1533167,0,0,0.21,0.1302205,11.7,49,0,0
3436,12,4,4,0,1.29555,0,0,0.21,0.13283741,10.6,50,0,0
3437,12,5,4,0,1.616,0,0,0.21,0.14648458,12.2,37,0,0
3438,12,6,4,0,2.0082667,0,0,0.21,0.17306826,11.1,40,0,0
3439,12,7,4,0,1.2520666,0,0,0.21,0.18131533,12.2,37,0,0
3440,12,8,4,0,1.6857166,32.0875,0.12835,0.21,0.19167353,11.7,43,40,66
3441,12,9,4,0,1.3446333,61.4125,0.24565,0.21,0.19393611,13.3,40,167,252
3442,12,10,4,0,1.699,95.729164,0.382916656,0.21,0.19684106,17.2,29,350,434
3443,12,11,4,0,1.8747833,94.5375,0.37815,0.21,0.20080985,18.9,34,453,616
3444,12,12,4,0,1.8028834,97.82917,0.39131668,0.21,0.19449273,20.6,29,488,597
3445,12,13,4,0,1.4175667,181.52916,0.72611664,0.21,0.19155411,21.7,40,391,384
3446,12,14,4,0,1.4494333,76.86667,0.30746668,0.21,0.18769096,18.3,65,420,676
3447,12,15,4,0,1.0121833,27.666666,0.110666664,0.21,0.19132717,16.1,84,277,290
3448,12,16,4,0,1.2126666,3.2083333,0.0128333332,0.5,0.1936438,16.1,72,130,259
3449,12,17,4,0,1.2470833,0,0,0.5,0.19624756,15,78,35,53
3450,12,18,4,0,1.1262833,0,0,0.5,0.19842571,15.6,75,0,0
3451,12,19,4,0,1.1977,0,0,0.5,0.19930357,14.4,87,0,0
3452,12,20,4,0,1.29015,0,0,0.5,0.19683039,15,87,0,0
3453,12,21,4,0,1.42055,0,0,0.21,0.18641268,15,84,0,0
3454,12,22,4,0,1.3676167,0,0,0.21,0.17564689,14.4,81,0,0
3455,12,23,4,0,1.2160333,0,0,0.21,0.16281657,13.3,83,0,0
3456,12,24,4,0,0.8384917,0,0,0.21,0.16216652,13.3,87,0,0
3457,12,1,5,0,1.1374834,0,0,0.21,0.16040656,13.3,87,0,0
3458,12,2,5,0,1.1446,0,0,0.21,0.15664694,12.2,90,0,0
3459,12,3,5,0,1.08005,0,0,0.21,0.14558734,11.7,90,0,0
3460,12,4,5,0,1.6957834,0,0,0.21,0.1457365,11.7,86,0,0
3461,12,5,5,0,0.82451665,0,0,0.21,0.15337093,12.2,83,0,0
3462,12,6,5,0,1.30436,0,0,0.21,0.16544452,12.2,83,0,0
3463,12,7,5,0,1.51285,0,0,0.21,0.15492156,13.3,75,0,0
3464,12,8,5,0,1.4661666,27.645834,0.110583336,0.21,0.1485805,13.3,75,21,13
3465,12,9,5,0,1.2216166,11.5875,0.04635,0.21,0.16048081,13.9,78,89,26
3466,12,10,5,0,0.8384,45.802082,0.183208328,0.21,0.1696046,15,72,144,26
3467,12,11,5,0,1.66185,132.75833,0.53103332,0.21,0.17510317,16.1,78,237,10
3468,12,12,5,0,1.13345,229.15834,0.91663336,0.21,0.1790268,16.7,78,242,4
3469,12,13,5,0,1.1741333,172.64166,0.69056664,0.21,0.17471682,16.7,78,212,9
3470,12,14,5,0,0.73861665,120.541664,0.482166656,0.21,0.16685055,16.7,78,310,223
3471,12,15,5,0,0.76308334,30.008333,0.120033332,0.21,0.170792,16.7,78,273,388
3472,12,16,5,0,1.0903667,4.8708334,0.0194833336,0.5,0.17698571,16.1,84,178,642
3473,12,17,5,0,0.87335,0,0,0.5,0.17500155,15.6,87,42,178
3474,12,18,5,0,1.2970667,0,0,0.5,0.17283642,15,90,0,0
3475,12,19,5,0,1.3789834,0,0,0.5,0.17103566,15,90,0,0
3476,12,20,5,0,1.1401167,0,0,0.5,0.16264,14.4,93,0,0
3477,12,21,5,0,1.2500167,0,0,0.21,0.14824349,14.4,93,0,0
3478,12,22,5,0,1.7180333,0,0,0.21,0.14192112,14.4,90,0,0
3479,12,23,5,0,1.7178333,0,0,0.21,0.14053367,14.4,72,0,0
3480,12,24,5,0,1.84665,0,0,0.21,0.1350316,12.2,86,0,0
3481,12,1,6,0,1.90515,0,0,0.21,0.1263929,11.7,96,0,0
3482,12,2,6,0,2.6318333,0,0,0.21,0.12692076,11.1,100,0,0
3483,12,3,6,0,1.2854667,0,0,0.21,0.122067355,11.1,100,0,0
3484,12,4,6,0,1.6095,0,0,0.21,0.12279208,10.6,100,0,0
3485,12,5,6,0,1.2222167,0,0,0.21,0.12769549,8.9,100,0,0
3486,12,6,6,0,2.0957668,0,0,0.21,0.12856092,8.3,100,0,0
3487,12,7,6,0,1.2614334,0,0,0.21,0.12735005,8.3,100,0,0
3488,12,8,6,0,1.5569,62.116665,0.24846666,0.21,0.13228635,9.4,100,48,226
3489,12,9,6,0,1.44135,201.72084,0.80688336,0.21,0.13014223,12.8,77,200,463
3490,12,10,6,0,2.51645,567.075,2.2683,0.21,0.13415322,15.6,58,339,563
3491,12,11,6,0,2.3949833,609.0604,2.4362416,0.21,0.13538913,18.3,42,428,555
3492,12,12,6,0,2.8037333,599.9042,2.3996168,0.21,0.13743718,20,38,528,831
3493,12,13,6,0,1.5260167,482.73334,1.93093336,0.21,0.13557775,20,36,537,859
3494,12,14,6,0,1.3199,244.50833,0.97803332,0.21,0.13577919,18.3,50,443,652
3495,12,15,6,0,1.0358833,138.32916,0.55331664,0.21,0.138896,17.8,61,334,676
3496,12,16,6,0,1.4040834,9.708333,0.038833332,0.5,0.14974378,17.2,70,163,508
3497,12,17,6,0,0.14630006,0,0,0.5,0.15521972,15.6,75,38,80
3498,12,18,6,0,0.18250005,0,0,0.5,0.15133195,13.9,84,0,0
3499,12,19,6,0,1.6439167,0,0,0.5,0.14714693,15,87,0,0
3500,12,20,6,0,2.1697667,0,0,0.5,0.14196755,13.9,90,0,0
3501,12,21,6,0,2.0539334,0,0,0.21,0.13876936,13.9,87,0,0
3502,12,22,6,0,2.24695,0,0,0.21,0.13074806,12.8,93,0,0
3503,12,23,6,0,2.29465,0,0,0.21,0.12086869,12.8,90,0,0
3504,12,24,6,0,2.2026916,0,0,0.21,0.11586849,13.9,49,0,0
3505,12,1,7,0,2.2399833,0,0,0.21,0.11789396,11.1,86,0,0
3506,12,2,7,0,2.3547,0,0,0.21,0.11212243,11.7,83,0,0
3507,12,3,7,0,3.0547333,0,0,0.21,0.10837629,11.1,86,0,0
3508,12,4,7,0,2.3652334,0,0,0.21,0.11074049,10,90,0,0
3509,12,5,7,0,2.5199,0,0,0.21,0.11297704,8.9,93,0,0
3510,12,6,7,0,2.6558166,0,0,0.21,0.11296833,10,86,0,0
3511,12,7,7,0,1.58535,0,0,0.21,0.110763706,9.4,83,0,0
3512,12,8,7,0,1.7058,412.7125,1.65085,0.21,0.11630337,9.4,80,45,98
3513,12,9,7,0,2.4006,543.05835,2.1722334,0.21,0.1193647,12.8,62,183,384
3514,12,10,7,0,2.38715,595.2,2.3808,0.21,0.12079944,15,54,317,373
3515,12,11,7,0,2.3423333,572.57086,2.29028344,0.21,0.11833523,17.8,47,431,616
3516,12,12,7,0,2.0489166,563.9875,2.25595,0.21,0.12736347,19.4,36,472,522
3517,12,13,7,0,0.92251664,463.225,1.8529,0.21,0.12568954,19.4,44,521,661
3518,12,14,7,0,0.64493334,303.15833,1.21263332,0.21,0.12541157,18.3,42,382,372
3519,12,15,7,0,1.0216334,118.32917,0.47331668,0.21,0.12588334,18.3,49,281,299
3520,12,16,7,0,1.4563,8.183333,0.032733332,0.5,0.13384673,17.2,58,147,314
3521,12,17,7,0,0.31561673,0,0,0.5,0.13121533,15,87,29,36
3522,12,18,7,0,0.31845003,0,0,0.5,0.12745099,15,84,0,0
3523,12,19,7,0,0.65895003,0,0,0.5,0.12702969,14.4,87,0,0
3524,12,20,7,0,1.4478834,0,0,0.5,0.12994607,13.9,84,0,0
3525,12,21,7,0,1.5168667,0,0,0.21,0.12804091,13.3,83,0,0
3526,12,22,7,0,2.5701,0,0,0.21,0.12109389,12.2,77,0,0
3527,12,23,7,0,1.7392334,0,0,0.21,0.11808343,12.2,64,0,0
3528,12,24,7,0,1.4919333,0,0,0.21,0.11710724,11.7,72,0,0
3529,12,1,1,0,0.96893334,0,0,0.21,0.11743832,13.3,45,0,0
3530,12,2,1,0,0.41035,0,0,0.21,0.120217495,11.7,47,0,0
3531,12,3,1,0,0.84136665,0,0,0.21,0.12086361,12.2,42,0,0
3532,12,4,1,0,2.3748667,0,0,0.21,0.122109324,10,46,0,0
3533,12,5,1,0,2.7057667,0,0,0.21,0.130284,10,43,0,0
3534,12,6,1,0,2.5921667,0,0,0.21,0.13844365,10,46,0,0
3535,12,7,1,0,2.1851583,0,0,0.21,0.14281933,10.6,43,0,0
3536,12,8,1,0,1.8885666,124.17083,0.49668332,0.21,0.14853998,10,45,52,201
3537,12,9,1,0,2.0155833,252.35834,1.00943336,0.21,0.15092812,15,31,187,391
3538,12,10,1,0,2.2608666,442.7125,1.77085,0.21,0.14761671,17.8,26,349,614
3539,12,11,1,0,2.4202833,473.61667,1.89446668,0.21,0.15853843,19.4,21,473,731
3540,12,12,1,0,2.1074667,462.41666,1.84966664,0.21,0.15303068,19.4,22,509,705
3541,12,13,1,0,2.0222166,381.4875,1.52595,0.21,0.15096438,19.4,42,322,122
3542,12,14,1,0,1.7419667,248.95833,0.99583332,0.21,0.15171449,18.9,40,350,339
3543,12,15,1,0,1.6534667,89.745834,0.358983336,0.21,0.15306845,17.8,56,304,633
3544,12,16,1,0,2.0586166,8.3875,0.03355,0.5,0.15302463,16.7,65,178,603
3545,12,17,1,0,2.4770334,0,0,0.5,0.16485661,14.4,81,41,212
3546,12,18,1,0,2.0486,0,0,0.5,0.16596606,13.9,75,0,0
3547,12,19,1,0,0.6291,0,0,0.5,0.16352212,13.9,84,0,0
3548,12,20,1,0,0.88563335,0,0,0.5,0.16249292,13.3,78,0,0
3549,12,21,1,0,2.54105,0,0,0.21,0.16112983,13.9,75,0,0
3550,12,22,1,0,1.8049834,0,0,0.21,0.15209182,12.8,83,0,0
3551,12,23,1,0,1.61665,0,0,0.21,0.14233063,11.7,86,0,0
3552,12,24,1,0,1.5726084,0,0,0.21,0.15096313,12.2,93,0,0
3553,12,1,2,0,1.67415,0,0,0.21,0.15714313,10,74,0,0
3554,12,2,2,0,1.6034334,0,0,0.21,0.15816833,9.4,66,0,0
3555,12,3,2,0,1.6539167,0,0,0.21,0.15754402,8.9,66,0,0
3556,12,4,2,0,2.5799668,0,0,0.21,0.15570112,8.9,61,0,0
3557,12,5,2,0,2.0291667,0,0,0.21,0.1562552,8.3,63,0,0
3558,12,6,2,0,1.95965,0,0,0.21,0.15961024,7.8,66,0,0
3559,12,7,2,0,1.6377001,0,0,0.21,0.15610376,8.3,61,0,0
3560,12,8,2,0,1.80125,393.85,1.5754,0.21,0.16742556,10.6,55,38,79
3561,12,9,2,0,1.24835,541.9792,2.1679168,0.21,0.172376,11.7,53,187,336
3562,12,10,2,0,2.5634,609.5125,2.43805,0.21,0.17177522,15,41,346,486
3563,12,11,2,0,2.6033332,628.175,2.5127,0.21,0.17770231,15.6,60,422,424
3564,12,12,2,0,2.4414334,585.31665,2.3412666,0.21,0.17543139,16.7,56,323,132
3565,12,13,2,0,0.875,478.3125,1.91325,0.21,0.17912474,17.8,47,441,412
3566,12,14,2,0,1.25905,320.32916,1.28131664,0.21,0.18121642,16.1,72,310,80
3567,12,15,2,0,0.57698333,129.24167,0.51696668,0.21,0.18348442,15.6,81,190,105
3568,12,16,2,0,1.03955,7.5583334,0.0302333336,0.5,0.18211006,15,84,109,29
3569,12,17,2,0,1.1913167,0,0,0.5,0.19022708,13.9,84,25,15
3570,12,18,2,0,1.5059834,0,0,0.5,0.19139011,13.9,84,0,0
3571,12,19,2,0,0.13868341,0,0,0.5,0.1860557,12.8,90,0,0
3572,12,20,2,0,0.18495004,0,0,0.5,0.18302014,13.3,87,0,0
3573,12,21,2,0,0.24245001,0,0,0.21,0.18404171,13.3,87,0,0
3574,12,22,2,0,1.58445,0,0,0.21,0.18497019,13.3,90,0,0
3575,12,23,2,0,0.98825,0,0,0.21,0.1910762,12.2,93,0,0
3576,12,24,2,0,1.2273166,0,0,0.21,0.18004452,11.7,72,0,0
3577,12,1,3,0,1.2970834,0,0,0.21,0.17400649,11.7,83,0,0
3578,12,2,3,0,1.1131,0,0,0.21,0.17611381,10.6,90,0,0
3579,12,3,3,0,0.7320667,0,0,0.21,0.17418681,10.6,80,0,0
3580,12,4,3,0,2.3082833,0,0,0.21,0.18410394,9.4,80,0,0
3581,12,5,3,0,0.8522,0,0,0.21,0.18567948,8.3,83,0,0
3582,12,6,3,0,1.5025166,0,0,0.21,0.18448676,8.3,83,0,0
3583,12,7,3,0,0.9098667,0,0,0.21,0.18522646,8.3,80,0,0
3584,12,8,3,0,0.87008333,406.94168,1.62776672,0.21,0.18850532,10,64,47,182
3585,12,9,3,0,0.65786666,547.1,2.1884,0.21,0.19310431,11.7,62,199,536
3586,12,10,3,0,2.54755,621.94165,2.4877666,0.21,0.19178641,15,52,356,693
3587,12,11,3,0,2.5542834,638.0833,2.5523332,0.21,0.19101584,18.3,33,474,768
3588,12,12,3,0,1.3321834,591.51666,2.36606664,0.21,0.19180974,19.4,30,539,809
3589,12,13,3,0,0.35268334,484.3,1.9372,0.21,0.1969525,20,41,524,790
3590,12,14,3,0,0.36168334,326.55,1.3062,0.21,0.19441567,18.3,40,457,759
3591,12,15,3,0,0.34651667,134.2625,0.53705,0.21,0.1977695,18.3,47,330,671
3592,12,16,3,0,0.90595,7.954167,0.031816668,0.5,0.2047294,17.2,61,169,486
3593,12,17,3,0,1.39825,0,0,0.5,0.21070717,15.6,75,37,117
3594,12,18,3,0,1.45025,0,0,0.5,0.21234502,16.7,67,0,0
3595,12,19,3,0,0.14921671,0,0,0.5,0.21180461,15,62,0,0
3596,12,20,3,0,0.21086666,0,0,0.5,0.21098769,15,62,0,0
3597,12,21,3,0,0.2784167,0,0,0.21,0.2080696,15,58,0,0
3598,12,22,3,0,0.30121672,0,0,0.21,0.20289546,14.4,53,0,0
3599,12,23,3,0,1.0890334,0,0,0.21,0.20274319,15,38,0,0
3600,12,24,3,0,1.1270111,0,0,0.21,0.21039705,12.8,34,0,0
3601,12,1,4,0,1.1427166,0,0,0.21,0.20924152,12.2,55,0,0
3602,12,2,4,0,1.2521167,0,0,0.21,0.20518224,11.7,51,0,0
3603,12,3,4,0,0.7424667,0,0,0.21,0.20729041,11.1,49,0,0
3604,12,4,4,0,1.34285,0,0,0.21,0.21446507,8.9,61,0,0
3605,12,5,4,0,0.72575,0,0,0.21,0.2188154,8.3,63,0,0
3606,12,6,4,0,1.0509334,0,0,0.21,0.23040833,7.8,63,0,0
3607,12,7,4,0,0.5875334,0,0,0.21,0.21967575,10.6,45,0,0
3608,12,8,4,0,0.648,398.60834,1.59443336,0.21,0.2084073,12.2,42,46,121
3609,12,9,4,0,0.6558333,538.89166,2.15556664,0.21,0.2130587,15.6,35,185,329
3610,12,10,4,0,2.4929,611.5625,2.44625,0.21,0.20695832,18.9,24,320,453
3611,12,11,4,0,2.4734166,622.6042,2.4904168,0.21,0.20594805,21.7,20,448,640
3612,12,12,4,0,2.0625167,577.8333,2.3113332,0.21,0.21201964,22.2,18,475,547
3613,12,13,4,0,0.4099,478.62082,1.91448328,0.21,0.21169887,21.1,20,433,508
3614,12,14,4,0,0.38238335,241.84166,0.96736664,0.21,0.21229284,20,26,478,683
3615,12,15,4,0,0.33293334,99.4,0.3976,0.21,0.21137649,20,25,290,416
3616,12,16,4,0,0.27955,9.083333,0.036333332,0.5,0.21607569,17.8,32,171,344
3617,12,17,4,0,0.88550836,0,0,0.5,0.21718754,15,65,37,142
3618,12,18,4,0,0.51378334,0,0,0.5,0.21686944,16.1,56,0,0
3619,12,19,4,0,0.07600005,0,0,0.5,0.21597725,16.1,54,0,0
3620,12,20,4,0,0.16340004,0,0,0.5,0.21646068,15,62,0,0
3621,12,21,4,0,0.010966748,0,0,0.21,0.21228969,14.4,51,0,0
3622,12,22,4,0,0.086183414,0,0,0.21,0.20133182,15,39,0,0
3623,12,23,4,0,0.5928167,0,0,0.21,0.20117301,12.8,42,0,0
3624,12,24,4,0,1.030475,0,0,0.21,0.20185244,13.3,72,0,0
3625,12,1,5,0,0.68161666,0,0,0.21,0.20242198,12.8,34,0,0
3626,12,2,5,0,0.7708833,0,0,0.21,0.20054226,13.3,29,0,0
3627,12,3,5,0,0.9763167,0,0,0.21,0.20005569,11.7,32,0,0
3628,12,4,5,0,0.64778334,0,0,0.21,0.19994532,10.6,35,0,0
3629,12,5,5,0,0.96755,0,0,0.21,0.20209754,10.6,35,0,0
3630,12,6,5,0,0.81261665,0,0,0.21,0.20142165,11.7,31,0,0
3631,12,7,5,0,0.892,0,0,0.21,0.19564575,12.2,29,0,0
3632,12,8,5,0,1.32105,36.304165,0.14521666,0.21,0.19396245,13.3,28,40,111
3633,12,9,5,0,0.67481667,28.179167,0.112716668,0.21,0.19725816,17.2,23,208,599
3634,12,10,5,0,1.95,367.49582,1.46998328,0.21,0.20645785,19.4,18,368,751
3635,12,11,5,0,0.92233336,160.56667,0.64226668,0.21,0.21149762,20.6,17,465,769
3636,12,12,5,0,0.49523333,121.85833,0.48743332,0.21,0.2083837,22.8,16,545,841
3637,12,13,5,0,0.70018333,141.24583,0.56498332,0.21,0.20817558,20,35,510,676
3638,12,14,5,0,1.0460833,157.55417,0.63021668,0.21,0.20733182,18.9,39,399,377
3639,12,15,5,0,1.1457334,32.833332,0.131333328,0.21,0.2055568,18.3,45,334,581
3640,12,16,5,0,0.79511666,0,0,0.5,0.21024644,16.7,56,150,230
3641,12,17,5,0,0.77938336,0,0,0.5,0.21311153,15.6,56,38,78
3642,12,18,5,0,0.7572,0,0,0.5,0.21179566,14.4,72,0,0
3643,12,19,5,0,0.32035008,0,0,0.5,0.20798984,13.9,87,0,0
3644,12,20,5,0,0.8614,0,0,0.5,0.21105492,14.4,87,0,0
3645,12,21,5,0,0.8655667,0,0,0.21,0.20563696,14.4,87,0,0
3646,12,22,5,0,1.0380334,0,0,0.21,0.194562,13.9,84,0,0
3647,12,23,5,0,1.12225,0,0,0.21,0.19359937,13.9,84,0,0
3648,12,24,5,0,1.715525,0,0,0.21,0.19039483,11.7,90,0,0
3649,12,1,6,0,1.4795166,0,0,0.21,0.1803423,12.8,69,0,0
3650,12,2,6,0,1.45825,0,0,0.21,0.18644683,11.1,69,0,0
3651,12,3,6,0,0.92095,0,0,0.21,0.18908174,10.6,69,0,0
3652,12,4,6,0,1.3512666,0,0,0.21,0.1871925,10,71,0,0
3653,12,5,6,0,1.03195,0,0,0.21,0.19257496,9.4,69,0,0
3654,12,6,6,0,1.04985,0,0,0.21,0.19492242,9.4,54,0,0
3655,12,7,6,0,1.4080167,0,0,0.21,0.1948607,9.4,52,0,0
3656,12,8,6,0,1.0199916,10.514584,0.042058336,0.21,0.19496875,11.1,49,43,12
3657,12,9,6,0,1.0959,51.483334,0.205933336,0.21,0.19286975,11.7,49,157,131
3658,12,10,6,0,1.0191833,50.066666,0.200266664,0.21,0.18989854,13.3,42,203,111
3659,12,11,6,0,1.3195833,38.1875,0.15275,0.21,0.19300848,16.7,38,396,355
3660,12,12,6,0,1.0549667,32.670834,0.130683336,0.21,0.19349973,17.8,36,205,68
3661,12,13,6,0,1.3296666,22.820833,0.091283332,0.21,0.19344091,18.3,54,366,260
3662,12,14,6,0,1.0057666,23.754168,0.095016672,0.21,0.19960095,16.7,73,261,91
3663,12,15,6,0,1.3267916,3.0708334,0.0122833336,0.21,0.20568796,16.1,75,221,103
3664,12,16,6,0,0.96531665,0,0,0.5,0.20874895,16.1,75,166,331
3665,12,17,6,0,1.06875,0,0,0.5,0.21250026,13.9,81,42,173
3666,12,18,6,0,1.6905167,0,0,0.5,0.21150549,13.9,84,0,0
3667,12,19,6,0,1.9098166,0,0,0.5,0.21085694,13.3,83,0,0
3668,12,20,6,0,1.6883334,0,0,0.5,0.20817724,13.3,83,0,0
3669,12,21,6,0,1.6976,0,0,0.21,0.2026938,13.3,83,0,0
3670,12,22,6,0,1.6946167,0,0,0.21,0.19040687,12.8,87,0,0
3671,12,23,6,0,2.1768832,0,0,0.21,0.19688685,11.7,86,0,0
3672,12,24,6,0,1.9062834,0,0,0.21,0.13159701,12.2,86,0,0
3673,1,1,7,0,1.6470333,0,0,0.21,0.12674141,12.2,93,0,0
3674,1,2,7,0,2.4333832,0,0,0.21,0.1275139,12.2,86,0,0
3675,1,3,7,0,1.8310833,0,0,0.21,0.13141397,11.7,86,0,0
3676,1,4,7,0,2.121,0,0,0.21,0.12703758,11.1,90,0,0
3677,1,5,7,0,1.5304,0,0,0.21,0.12666915,11.1,86,0,0
3678,1,6,7,0,1.84595,0,0,0.21,0.12964654,10.6,93,0,0
3679,1,7,7,0,1.2304167,0,0,0.21,0.1218009,10,96,0,0
3680,1,8,7,0,2.0704,402.5,1.61,0.21,0.11932748,10.6,93,36,56
3681,1,9,7,0,2.18265,488.57083,1.95428332,0.21,0.13216005,12.8,83,132,84
3682,1,10,7,0,2.56725,649.5375,2.59815,0.21,0.13230826,13.3,83,231,254
3683,1,11,7,0,2.3565667,558.44586,2.23378344,0.21,0.12997288,13.9,78,392,405
3684,1,12,7,0,1.01965,578.05,2.3122,0.21,0.13078028,14.4,78,374,338
3685,1,13,7,0,0.5461,127.1875,0.50875,0.21,0.12933995,15.6,72,320,197
3686,1,14,7,0,0.08748336,18.066668,0.072266672,0.21,0.13444903,15.6,78,356,341
3687,1,15,7,0,0.32235834,1.6895833,0.0067583332,0.21,0.13901238,16.7,75,302,508
3688,1,16,7,0,0.41816667,0,0,0.5,0.15709366,16.7,75,106,126
3689,1,17,7,0,1.2076666,0,0,0.5,0.16932632,15,81,40,46
3690,1,18,7,0,2.11945,0,0,0.5,0.17182764,15,78,0,0
3691,1,19,7,0,2.1226666,0,0,0.5,0.16152854,14.4,84,0,0
3692,1,20,7,0,2.0151334,0,0,0.5,0.15524216,14.4,84,0,0
3693,1,21,7,0,1.67855,0,0,0.21,0.14819945,13.9,83,0,0
3694,1,22,7,0,1.88165,0,0,0.21,0.14239784,12.8,86,0,0
3695,1,23,7,0,1.5593667,0,0,0.21,0.13142645,12.8,86,0,0
3696,1,24,7,0,1.5824167,0,0,0.21,0.13220437,12.8,100,0,0
3697,1,1,1,0,1.41895,0,0,0.21,0.13187592,12.2,90,0,0
3698,1,2,1,0,1.4225167,0,0,0.21,0.1288137,11.7,93,0,0
3699,1,3,1,0,1.62645,0,0,0.21,0.13031691,11.1,93,0,0
3700,1,4,1,0,1.4714333,0,0,0.21,0.12933423,11.7,96,0,0
3701,1,5,1,0,1.8193166,0,0,0.21,0.13303496,11.7,93,0,0
3702,1,6,1,0,1.69525,0,0,0.21,0.13931951,11.7,93,0,0
3703,1,7,1,0,1.2232333,0,0,0.21,0.13879693,11.1,100,0,0
3704,1,8,1,0,2.0982666,67.5,0.27,0.21,0.1407888,11.1,96,22,3
3705,1,9,1,0,1.6720166,119.65,0.4786,0.21,0.15320869,11.7,96,115,25
3706,1,10,1,0,1.725575,134.5875,0.53835,0.21,0.16342157,12.2,93,136,8
3707,1,11,1,0,1.6661,145.89166,0.58356664,0.21,0.1618947,12.8,93,221,9
3708,1,12,1,0,1.47695,128.3375,0.51335,0.21,0.15868424,12.8,100,244,9
3709,1,13,1,0,1.2762667,101.625,0.4065,0.21,0.16102608,12.8,100,228,5
3710,1,14,1,0,1.3364167,128.475,0.5139,0.21,0.15946464,12.8,100,134,7
3711,1,15,1,0,2.01785,83.78333,0.33513332,0.21,0.16008581,12.8,100,172,1
3712,1,16,1,0,1.2134833,13.7625,0.05505,0.5,0.17188165,12.8,100,55,2
3713,1,17,1,0,1.0597,0,0,0.5,0.1768134,12.8,100,19,0
3714,1,18,1,0,1.2124667,0,0,0.5,0.1775246,12.8,100,0,0
3715,1,19,1,0,1.7844833,0,0,0.5,0.17304462,12.8,100,0,0
3716,1,20,1,0,1.87295,0,0,0.5,0.17095388,12.8,100,0,0
3717,1,21,1,0,1.8999833,0,0,0.21,0.1669378,12.8,100,0,0
3718,1,22,1,0,1.7961667,0,0,0.21,0.1462861,12.8,100,0,0
3719,1,23,1,0,1.8475667,0,0,0.21,0.14080821,12.8,100,0,0
3720,1,24,1,0,1.7040583,0,0,0.21,0.13713922,11.7,55,0,0
3721,1,1,2,0,1.27275,0,0,0.21,0.13583963,13.9,100,0,0
3722,1,2,2,0,1.4002833,0,0,0.21,0.13543868,13.9,96,0,0
3723,1,3,2,0,1.3668166,0,0,0.21,0.1342528,13.3,90,0,0
3724,1,4,2,0,1.4902834,0,0,0.21,0.1315035,12.8,75,0,0
3725,1,5,2,0,1.4054667,0,0,0.21,0.13935848,11.7,64,0,0
3726,1,6,2,0,1.9907666,0,0,0.21,0.14979486,11.7,57,0,0
3727,1,7,2,0,1.6584834,0,0,0.21,0.15758744,11.7,51,0,0
3728,1,8,2,0,1.3371333,109.916664,0.439666656,0.21,0.15863553,11.7,53,54,352
3729,1,9,2,0,1.86095,247.90834,0.99163336,0.21,0.16201851,12.8,49,213,680
3730,1,10,2,0,1.3628666,214.1,0.8564,0.21,0.16435023,14.4,44,358,776
3731,1,11,2,0,1.6722833,206.17084,0.82468336,0.21,0.16294065,14.4,51,498,876
3732,1,12,2,0,1.5739833,223.60834,0.89443336,0.21,0.16527991,15,48,554,882
3733,1,13,2,0,1.3884,194.95,0.7798,0.21,0.17187631,15,54,513,816
3734,1,14,2,0,1.1845167,144.68333,0.57873332,0.21,0.16907066,15,58,394,624
3735,1,15,2,0,1.0023333,81.84583,0.32738332,0.21,0.17090334,15,60,339,724
3736,1,16,2,0,1.36025,12.0375,0.04815,0.5,0.17746201,16.1,58,190,594
3737,1,17,2,0,1.6156666,0,0,0.5,0.18509126,15.6,62,47,254
3738,1,18,2,0,1.4525833,0,0,0.5,0.18308091,15.6,60,0,0
3739,1,19,2,0,1.7007,0,0,0.5,0.17758286,15,67,0,0
3740,1,20,2,0,1.78455,0,0,0.5,0.17214492,13.9,47,0,0
3741,1,21,2,0,2.1687834,0,0,0.21,0.16177279,13.3,49,0,0
3742,1,22,2,0,2.9392333,0,0,0.21,0.14954093,12.8,51,0,0
3743,1,23,2,0,2.0659332,0,0,0.21,0.14758836,12.2,53,0,0
3744,1,24,2,0,1.9127667,0,0,0.21,0.12683211,10,80,0,0
3745,1,1,3,0,2.25805,0,0,0.21,0.12801647,10.6,57,0,0
3746,1,2,3,0,1.3417333,0,0,0.21,0.11985434,9.4,66,0,0
3747,1,3,3,0,2.0726333,0,0,0.21,0.12325758,7.2,80,0,0
3748,1,4,3,0,1.50165,0,0,0.21,0.12185629,7.2,80,0,0
3749,1,5,3,0,1.8926,0,0,0.21,0.12780121,7.8,74,0,0
3750,1,6,3,0,1.6620166,0,0,0.21,0.140366,7.2,71,0,0
3751,1,7,3,0,1.7391334,0,0,0.21,0.14803971,7.8,68,0,0
3752,1,8,3,0,1.7960833,336.04166,1.34416664,0.21,0.14925279,8.9,68,46,167
3753,1,9,3,0,1.5706667,429.05417,1.71621668,0.21,0.15001193,10.6,66,186,472
3754,1,10,3,0,2.1098332,568.75836,2.27503344,0.21,0.1478135,12.8,64,366,674
3755,1,11,3,0,1.6254166,443.425,1.7737,0.21,0.1487132,13.9,69,434,560
3756,1,12,3,0,1.3522167,363.2375,1.45295,0.21,0.14442511,15,62,503,625
3757,1,13,3,0,0.31458333,83.604164,0.334416656,0.21,0.14794955,15.6,56,462,397
3758,1,14,3,0,0.21535003,42.4625,0.16985,0.21,0.14422722,15.6,60,359,425
3759,1,15,3,0,0.076550074,20.525,0.0821,0.21,0.14274171,15,65,334,617
3760,1,16,3,0,0.93916667,0,0,0.5,0.15749341,15,60,169,422
3761,1,17,3,0,0.82855,0,0,0.5,0.16913746,13.9,67,38,123
3762,1,18,3,0,1.3916334,0,0,0.5,0.17144404,12.8,69,0,0
3763,1,19,3,0,1.4294833,0,0,0.5,0.16920799,11.7,74,0,0
3764,1,20,3,0,1.5591333,0,0,0.5,0.16186526,12.2,64,0,0
3765,1,21,3,0,1.4293166,0,0,0.21,0.15427735,12.2,64,0,0
3766,1,22,3,0,1.45855,0,0,0.21,0.1393823,11.7,74,0,0
3767,1,23,3,0,1.1595167,0,0,0.21,0.13332617,10.6,77,0,0
3768,1,24,3,0,1.103275,0,0,0.21,0.1344691,8.3,93,0,0
3769,1,1,4,0,1.4725167,0,0,0.21,0.12606354,10,80,0,0
3770,1,2,4,0,1.3256,0,0,0.21,0.1242091,8.9,83,0,0
3771,1,3,4,0,1.2447333,0,0,0.21,0.12295853,8.3,86,0,0
3772,1,4,4,0,1.54745,0,0,0.21,0.13321482,8.3,86,0,0
3773,1,5,4,0,1.06655,0,0,0.21,0.14438713,7.8,83,0,0
3774,1,6,4,0,1.0674666,0,0,0.21,0.1585524,7.8,86,0,0
3775,1,7,4,0,1.4298834,0,0,0.21,0.16801332,9.4,80,0,0
3776,1,8,4,0,1.276,19.258333,0.077033332,0.21,0.17245486,8.3,89,37,49
3777,1,9,4,0,1.2021834,56.804165,0.22721666,0.21,0.17334852,9.4,86,82,29
3778,1,10,4,0,1.43845,104.4375,0.41775,0.21,0.17067246,10,86,73,4
3779,1,11,4,0,2.0136166,100.32083,0.40128332,0.21,0.17067476,11.7,80,396,385
3780,1,12,4,0,1.72145,84.245834,0.336983336,0.21,0.17002423,13.3,75,430,294
3781,1,13,4,0,1.2071167,91.72083,0.36688332,0.21,0.17154099,13.3,69,258,0
3782,1,14,4,0,1.1430833,23.795834,0.095183336,0.21,0.17562437,13.3,64,263,50
3783,1,15,4,0,0.9924333,4.4333334,0.0177333336,0.21,0.17952634,13.3,72,110,34
3784,1,16,4,0,1.0537666,0,0,0.5,0.19242916,11.1,86,50,8
3785,1,17,4,0,1.0619333,0,0,0.5,0.20451567,10.6,90,14,2
3786,1,18,4,0,0.81876665,0,0,0.5,0.19438007,10.6,90,0,0
3787,1,19,4,0,1.3335834,0,0,0.5,0.19566482,10.6,93,0,0
3788,1,20,4,0,1.4503,0,0,0.5,0.1944953,10,96,0,0
3789,1,21,4,0,1.4279,0,0,0.21,0.19285388,9.4,96,0,0
3790,1,22,4,0,1.6106833,0,0,0.21,0.18002589,8.3,96,0,0
3791,1,23,4,0,1.9537,0,0,0.21,0.17186072,8.3,96,0,0
3792,1,24,4,0,1.1574334,0,0,0.21,0.16683432,11.1,90,0,0
3793,1,1,5,0,0.8008,0,0,0.21,0.16075365,8.3,96,0,0
3794,1,2,5,0,1.24285,0,0,0.21,0.16176032,8.3,100,0,0
3795,1,3,5,0,1.1589333,0,0,0.21,0.16091166,8.3,96,0,0
3796,1,4,5,0,1.5602167,0,0,0.21,0.16129404,8.3,96,0,0
3797,1,5,5,0,1.1615167,0,0,0.21,0.171654,8.3,96,0,0
3798,1,6,5,0,1.5694667,0,0,0.21,0.17997442,8.3,96,0,0
3799,1,7,5,0,0.8516167,0,0,0.21,0.18874422,8.3,93,0,0
3800,1,8,5,0,2.28225,373.79584,1.49518336,0.21,0.18942465,8.3,93,13,2
3801,1,9,5,0,2.3572166,513.99164,2.05596656,0.21,0.19411257,8.3,96,58,7
3802,1,10,5,0,2.1518333,569.17914,2.27671656,0.21,0.18635884,8.3,100,92,7
3803,1,11,5,0,0.69105,219.44167,0.87776668,0.21,0.18600869,8.9,100,171,75
3804,1,12,5,0,1.6982833,472.45834,1.88983336,0.21,0.18077257,10.6,96,329,71
3805,1,13,5,0,1.7572334,484.19168,1.93676672,0.21,0.18031356,10.6,96,102,6
3806,1,14,5,0,1.253,345.00418,1.38001672,0.21,0.17529267,10.6,96,260,1
3807,1,15,5,0,0.48923334,159.92917,0.63971668,0.21,0.17904928,11.1,96,110,5
3808,1,16,5,0,0.10210006,21.6625,0.08665,0.5,0.19228908,11.1,90,51,1
3809,1,17,5,0,0.1071834,0,0,0.5,0.19924252,11.1,93,14,1
3810,1,18,5,0,0.86935,0,0,0.5,0.2000289,11.1,93,0,0
3811,1,19,5,0,1.1969,0,0,0.5,0.1961769,10.6,96,0,0
3812,1,20,5,0,1.6955333,0,0,0.5,0.1925581,10.6,96,0,0
3813,1,21,5,0,1.6673,0,0,0.21,0.18716358,11.1,93,0,0
3814,1,22,5,0,1.5587833,0,0,0.21,0.17629924,11.1,93,0,0
3815,1,23,5,0,1.8544,0,0,0.21,0.17005357,11.1,93,0,0
3816,1,24,5,0,1.843675,0,0,0.21,0.17369725,11.1,61,0,0
3817,1,1,6,0,1.8504833,0,0,0.21,0.16811664,10.6,96,0,0
3818,1,2,6,0,1.8017167,0,0,0.21,0.16517422,10.6,96,0,0
3819,1,3,6,0,1.55415,0,0,0.21,0.16382709,10.6,100,0,0
3820,1,4,6,0,2.2717166,0,0,0.21,0.15904123,10.6,100,0,0
3821,1,5,6,0,1.1057333,0,0,0.21,0.16107701,10.6,100,0,0
3822,1,6,6,0,1.1212667,0,0,0.21,0.17373715,10.6,100,0,0
3823,1,7,6,0,1.63795,0,0,0.21,0.1804494,11.1,96,0,0
3824,1,8,6,0,1.3076667,51.275,0.2051,0.21,0.18581687,11.1,96,32,1
3825,1,9,6,0,1.2989167,128.90416,0.51561664,0.21,0.19222286,11.1,100,118,0
3826,1,10,6,0,1.1470333,188.14583,0.75258332,0.21,0.18305461,11.1,100,175,1
3827,1,11,6,0,1.8444166,317.30832,1.26923328,0.21,0.18453306,11.7,93,233,1
3828,1,12,6,0,1.1610167,355.05,1.4202,0.21,0.18717115,11.1,96,169,0
3829,1,13,6,0,1.08825,333.68332,1.33473328,0.21,0.18626782,11.1,90,170,1
3830,1,14,6,0,0.90133333,263.80832,1.05523328,0.21,0.18835466,10,96,224,1
3831,1,15,6,0,0.29435,120.65417,0.48261668,0.21,0.18104084,10,93,190,1
3832,1,16,6,0,0.009033408,19.604166,0.078416664,0.5,0.1825351,11.1,83,101,0
3833,1,17,6,0,0.46420002,0,0,0.5,0.18756688,11.1,83,17,0
3834,1,18,6,0,0.52886665,0,0,0.5,0.19104666,10.6,83,0,0
3835,1,19,6,0,0.91751665,0,0,0.5,0.18659475,10.6,83,0,0
3836,1,20,6,0,0.6587833,0,0,0.5,0.18359998,10.6,80,0,0
3837,1,21,6,0,1.0891167,0,0,0.21,0.1732801,10.6,77,0,0
3838,1,22,6,0,1.1744334,0,0,0.21,0.16849642,10.6,69,0,0
3839,1,23,6,0,1.16215,0,0,0.21,0.17829983,11.1,61,0,0
3840,1,24,6,0,1.0482917,0,0,0.21,0.16283375,9.4,66,0,0
3841,1,1,7,0,0.7165,0,0,0.21,0.1577536,10.6,66,0,0
3842,1,2,7,0,1.0340667,0,0,0.21,0.1566817,9.4,80,0,0
3843,1,3,7,0,0.72765,0,0,0.21,0.15620309,7.2,93,0,0
3844,1,4,7,0,1.0941334,0,0,0.21,0.15436155,6.7,93,0,0
3845,1,5,7,0,1.0776,0,0,0.21,0.15625569,6.7,96,0,0
3846,1,6,7,0,1.06135,0,0,0.21,0.15931271,5.6,93,0,0
3847,1,7,7,0,0.65955,0,0,0.21,0.15878499,5.6,100,0,0
3848,1,8,7,0,1.5847666,303.325,1.2133,0.21,0.1626413,6.7,100,40,63
3849,1,9,7,0,2.0365834,488.45416,1.95381664,0.21,0.17250735,9.4,93,171,348
3850,1,10,7,0,2.3150666,572.45,2.2898,0.21,0.17718863,11.7,83,331,540
3851,1,11,7,0,1.3718166,599.1,2.3964,0.21,0.17249475,14.4,51,458,641
3852,1,12,7,0,0.5852,561.2208,2.2448832,0.21,0.17460117,15,58,519,670
3853,1,13,7,0,0.14585009,474.80417,1.89921668,0.21,0.17861257,15,54,520,674
3854,1,14,7,0,0.73640007,331.52084,1.32608336,0.21,0.17323287,15,60,453,632
3855,1,15,7,0,0.36975,126.46667,0.50586668,0.21,0.17533499,15.6,58,332,545
3856,1,16,7,0,0.009083422,9.354167,0.037416668,0.5,0.18066989,15.6,58,173,364
3857,1,17,7,0,0.00018343166,0,0,0.5,0.18733434,15,56,40,64
3858,1,18,7,0,9.9999994e-08,0,0,0.5,0.18869135,13.3,67,0,0
3859,1,19,7,0,0.5165917,0,0,0.5,0.18736656,13.3,40,0,0
3860,1,20,7,0,1.0722266,0,0,0.5,0.19048822,12.8,40,0,0
3861,1,21,7,0,0.7972,0,0,0.21,0.1900078,11.7,41,0,0
3862,1,22,7,0,0.82645,0,0,0.21,0.17744699,9.4,56,0,0
3863,1,23,7,0,1.03155,0,0,0.21,0.18700115,9.4,59,0,0
3864,1,24,7,0,1.03965,0,0,0.21,0.18163024,10,57,0,0
3865,1,1,1,0,0.68483335,0,0,0.21,0.17876445,8.3,68,0,0
3866,1,2,1,0,0.66643333,0,0,0.21,0.17767107,7.8,68,0,0
3867,1,3,1,0,0.8619,0,0,0.21,0.17957602,7.8,68,0,0
3868,1,4,1,0,0.8498,0,0,0.21,0.18076803,7.8,68,0,0
3869,1,5,1,0,0.82201666,0,0,0.21,0.18713403,6.1,76,0,0
3870,1,6,1,0,1.00415,0,0,0.21,0.1995163,7.2,68,0,0
3871,1,7,1,0,1.1787167,0,0,0.21,0.18848267,7.2,68,0,0
3872,1,8,1,0,1.0657166,19.291666,0.077166664,0.21,0.18639286,7.8,68,53,275
3873,1,9,1,0,1.46075,39.933334,0.159733336,0.21,0.19485842,10.6,57,214,641
3874,1,10,1,0,1.4119834,54.905834,0.219623336,0.21,0.1993879,12.8,55,378,784
3875,1,11,1,0,0.76816666,103.004166,0.412016664,0.21,0.19981605,14.4,55,500,849
3876,1,12,1,0,0.9828,45.808334,0.183233336,0.21,0.19441848,15.6,58,561,871
3877,1,13,1,0,0.986,20.883333,0.083533332,0.21,0.1918477,16.7,56,561,871
3878,1,14,1,0,1.3553333,28.141666,0.112566664,0.21,0.18722965,16.7,56,435,699
3879,1,15,1,0,1.5896833,30.675,0.1227,0.21,0.1876218,16.7,63,331,493
3880,1,16,1,0,1.8604833,7.8125,0.03125,0.5,0.19216628,16.1,65,193,394
3881,1,17,1,0,1.8821167,0,0,0.5,0.19250205,14.4,70,41,22
3882,1,18,1,0,1.4300333,0,0,0.5,0.19243596,13.3,72,0,0
3883,1,19,1,0,1.1674833,0,0,0.5,0.19153541,12.8,77,0,0
3884,1,20,1,0,1.3631333,0,0,0.5,0.18767598,12.2,51,0,0
3885,1,21,1,0,1.6145834,0,0,0.21,0.18266061,12.2,49,0,0
3886,1,22,1,0,1.4308167,0,0,0.21,0.17223679,12.2,47,0,0
3887,1,23,1,0,1.5395167,0,0,0.21,0.16912445,10.6,54,0,0
3888,1,24,1,0,1.9117917,0,0,0.21,0.17549354,9.4,69,0,0
3889,1,1,2,0,1.8842666,0,0,0.21,0.17645842,8.3,63,0,0
3890,1,2,2,0,1.2831167,0,0,0.21,0.16403486,8.3,66,0,0
3891,1,3,2,0,1.3114834,0,0,0.21,0.16384467,7.8,68,0,0
3892,1,4,2,0,1.1848,0,0,0.21,0.16787636,7.2,68,0,0
3893,1,5,2,0,1.1137834,0,0,0.21,0.1830103,6.1,71,0,0
3894,1,6,2,0,1.83775,0,0,0.21,0.19303359,6.1,68,0,0
3895,1,7,2,0,1.2307,0,0,0.21,0.18337247,6.1,63,0,0
3896,1,8,2,0,1.1723334,27.291666,0.109166664,0.21,0.17762351,8.3,61,44,120
3897,1,9,2,0,2.0912333,25.020834,0.100083336,0.21,0.17790535,10.6,54,195,392
3898,1,10,2,0,1.1031667,26.466667,0.105866668,0.21,0.19114034,13.3,47,353,566
3899,1,11,2,0,1.3967834,3.85,0.0154,0.21,0.19156931,15,56,367,352
3900,1,12,2,0,1.3470833,9.3875,0.03755,0.21,0.18841104,15,70,463,491
3901,1,13,2,0,1.94925,24.795834,0.099183336,0.21,0.18902954,15,70,472,477
3902,1,14,2,0,1.7980167,29.745832,0.118983328,0.21,0.1912394,15.6,65,419,442
3903,1,15,2,0,1.1635,4.329167,0.017316668,0.21,0.19267495,15.6,62,346,623
3904,1,16,2,0,1.4204167,4.0416665,0.016166666,0.5,0.19590127,15,65,193,440
3905,1,17,2,0,1.8034,0,0,0.5,0.20563921,13.9,67,46,131
3906,1,18,2,0,1.2272667,0,0,0.5,0.20226416,12.2,75,0,0
3907,1,19,2,0,1.1538167,0,0,0.5,0.19882873,12.2,75,0,0
3908,1,20,2,0,1.4803833,0,0,0.5,0.19072002,11.7,83,0,0
3909,1,21,2,0,1.8274833,0,0,0.21,0.17824812,11.7,80,0,0
3910,1,22,2,0,1.68625,0,0,0.21,0.1537235,11.1,83,0,0
3911,1,23,2,0,1.9758667,0,0,0.21,0.15150091,10,69,0,0
3912,1,24,2,0,1.6481,0,0,0.21,0.14568792,11.7,49,0,0
3913,1,1,3,0,1.8170333,0,0,0.21,0.13635263,8.3,77,0,0
3914,1,2,3,0,1.3471333,0,0,0.21,0.13497783,7.2,83,0,0
3915,1,3,3,0,1.5153834,0,0,0.21,0.1371044,6.1,89,0,0
3916,1,4,3,0,1.1712333,0,0,0.21,0.13827781,6.1,86,0,0
3917,1,5,3,0,1.6061167,0,0,0.21,0.14061925,7.2,77,0,0
3918,1,6,3,0,1.6481667,0,0,0.21,0.1569473,6.1,83,0,0
3919,1,7,3,0,1.24335,0,0,0.21,0.16288926,6.1,73,0,0
3920,1,8,3,0,1.4938333,36.695835,0.14678334,0.21,0.15982254,7.2,77,42,89
3921,1,9,3,0,1.9416167,77.59583,0.31038332,0.21,0.1570967,11.7,57,196,508
3922,1,10,3,0,1.3607167,97.35833,0.38943332,0.21,0.15935168,14.4,48,347,657
3923,1,11,3,0,1.3300333,124.25833,0.49703332,0.21,0.15790233,17.2,37,468,681
3924,1,12,3,0,1.76595,328.125,1.3125,0.21,0.15590246,18.3,36,525,697
3925,1,13,3,0,1.804,440.35834,1.76143336,0.21,0.15596245,20.6,32,537,688
3926,1,14,3,0,1.13945,344.70416,1.37881664,0.21,0.15528245,20,35,342,352
3927,1,15,3,0,0.13803338,120.175,0.4807,0.21,0.15648067,17.2,60,315,374
3928,1,16,3,0,0.67223334,25.391666,0.101566664,0.5,0.16427857,16.7,67,186,300
3929,1,17,3,0,1.12935,0,0,0.5,0.17525671,15.6,72,48,39
3930,1,18,3,0,1.0073167,0,0,0.5,0.17540121,15,70,0,0
3931,1,19,3,0,0.9228333,0,0,0.5,0.16797373,15,39,0,0
3932,1,20,3,0,1.5894333,0,0,0.5,0.16187522,15,38,0,0
3933,1,21,3,0,2.0771167,0,0,0.21,0.14798953,14.4,41,0,0
3934,1,22,3,0,1.8412,0,0,0.21,0.13372031,13.3,45,0,0
3935,1,23,3,0,1.7968333,0,0,0.21,0.13403319,13.3,45,0,0
3936,1,24,3,0,1.9069,0,0,0.21,0.12250262,12.2,90,0,0
3937,1,1,4,0,1.52735,0,0,0.21,0.121032305,11.1,53,0,0
3938,1,2,4,0,1.4113,0,0,0.21,0.113936886,8.9,63,0,0
3939,1,3,4,0,1.2837583,0,0,0.21,0.11315935,9.4,61,0,0
3940,1,4,4,0,1.7286333,0,0,0.21,0.11173538,9.4,61,0,0
3941,1,5,4,0,1.28155,0,0,0.21,0.11531475,7.8,71,0,0
3942,1,6,4,0,1.48415,0,0,0.21,0.12920313,8.3,66,0,0
3943,1,7,4,0,1.7256167,0,0,0.21,0.13307787,8.9,66,0,0
3944,1,8,4,0,1.1980166,7.983333,0.031933332,0.21,0.13354206,8.9,68,46,215
3945,1,9,4,0,1.8629833,17.933332,0.071733328,0.21,0.13313751,11.7,57,150,153
3946,1,10,4,0,1.4848167,27.095833,0.108383332,0.21,0.13484694,12.8,64,231,67
3947,1,11,4,0,1.2386667,28.345833,0.113383332,0.21,0.14148444,15.6,75,295,209
3948,1,12,4,0,1.8894334,44.395832,0.177583328,0.21,0.14161593,16.1,75,543,739
3949,1,13,4,0,1.5962167,36.716667,0.146866668,0.21,0.14797679,17.2,65,525,591
3950,1,14,4,0,2.1861334,3.9458334,0.0157833336,0.21,0.15104711,17.8,65,474,640
3951,1,15,4,0,2.32165,2.1166666,0.0084666664,0.21,0.15806781,16.7,67,346,583
3952,1,16,4,0,1.6698667,0.21666667,0.00086666668,0.5,0.15463835,16.1,70,212,523
3953,1,17,4,0,1.7647166,0,0,0.5,0.16744974,15.6,78,51,201
3954,1,18,4,0,1.3056834,0,0,0.5,0.16334033,14.4,81,0,0
3955,1,19,4,0,2.0411668,0,0,0.5,0.15532124,14.4,84,0,0
3956,1,20,4,0,4.1131835,0,0,0.5,0.14548133,13.9,83,0,0
3957,1,21,4,0,1.9202833,0,0,0.21,0.13070835,13.3,87,0,0
3958,1,22,4,0,1.4574333,0,0,0.21,0.11232303,12.2,90,0,0
3959,1,23,4,0,1.2574167,0,0,0.21,0.10865479,12.2,90,0,0
3960,1,24,4,0,1.2083583,0,0,0.21,0.11161401,11.1,93,0,0
3961,1,1,5,0,0.96563333,0,0,0.21,0.10920225,11.7,90,0,0
3962,1,2,5,0,1.5998833,0,0,0.21,0.10723262,11.1,93,0,0
3963,1,3,5,0,1.5112667,0,0,0.21,0.10750421,10,93,0,0
3964,1,4,5,0,2.80475,0,0,0.21,0.10744254,9.4,96,0,0
3965,1,5,5,0,1.4278166,0,0,0.21,0.120967016,9.4,93,0,0
3966,1,6,5,0,1.7401834,0,0,0.21,0.13832287,9.4,89,0,0
3967,1,7,5,0,1.3659,0,0,0.21,0.14214149,8.3,93,0,0
3968,1,8,5,0,1.9431,132.97084,0.53188336,0.21,0.1411621,8.9,89,39,61
3969,1,9,5,0,0.99763334,179.1375,0.71655,0.21,0.14476545,11.1,83,178,363
3970,1,10,5,0,1.65755,207.65416,0.83061664,0.21,0.14214268,13.9,72,334,532
3971,1,11,5,0,2.6215,487.44168,1.94976672,0.21,0.13988277,15.6,70,459,624
3972,1,12,5,0,1.2206167,303.3125,1.21325,0.21,0.13648802,15.6,70,535,644
3973,1,13,5,0,1.2561333,279.45834,1.11783336,0.21,0.13642898,16.1,58,535,655
3974,1,14,5,0,1.4394333,72.6625,0.29065,0.21,0.13970846,16.7,70,469,618
3975,1,15,5,0,1.2727833,91.7375,0.36695,0.21,0.14170112,16.7,75,344,544
3976,1,16,5,0,1.5968833,36.65,0.1466,0.5,0.15199134,16.1,70,186,374
3977,1,17,5,0,1.79315,0,0,0.5,0.16745493,15,75,43,73
3978,1,18,5,0,1.7122667,0,0,0.5,0.17209402,13.9,78,0,0
3979,1,19,5,0,1.9134834,0,0,0.5,0.16990237,13.3,93,0,0
3980,1,20,5,0,2.1122832,0,0,0.5,0.16595913,13.3,93,0,0
3981,1,21,5,0,2.7102666,0,0,0.21,0.15663539,13.3,83,0,0
3982,1,22,5,0,1.4508,0,0,0.21,0.1474222,12.8,90,0,0
3983,1,23,5,0,1.7651334,0,0,0.21,0.14609553,12.2,93,0,0
3984,1,24,5,0,2.2711418,0,0,0.21,0.14750469,11.7,62,0,0
3985,1,1,6,0,1.39495,0,0,0.21,0.1471853,10.6,93,0,0
3986,1,2,6,0,1.7305,0,0,0.21,0.15007636,10,93,0,0
3987,1,3,6,0,1.7221167,0,0,0.21,0.153232,10,93,0,0
3988,1,4,6,0,1.4351333,0,0,0.21,0.1497389,8.9,96,0,0
3989,1,5,6,0,1.9036,0,0,0.21,0.15278183,9.4,93,0,0
3990,1,6,6,0,1.2028667,0,0,0.21,0.14794193,10,86,0,0
3991,1,7,6,0,1.2445,0,0,0.21,0.14906187,10,83,0,0
3992,1,8,6,0,1.9219,410.14166,1.64056664,0.21,0.15431347,10,86,49,223
3993,1,9,6,0,2.2118833,568.9125,2.27565,0.21,0.15640397,11.1,83,210,589
3994,1,10,6,0,2.6848166,675.29584,2.70118336,0.21,0.16150409,13.9,75,375,741
3995,1,11,6,0,1.5542166,667.3542,2.6694168,0.21,0.16408922,16.1,60,501,814
3996,1,12,6,0,1.1719834,554.5292,2.2181168,0.21,0.16402094,18.3,47,570,847
3997,1,13,6,0,0.43996668,237.16667,0.94866668,0.21,0.16353752,20,36,575,853
3998,1,14,6,0,0.4879167,322.7125,1.29085,0.21,0.16639102,20.6,38,510,822
3999,1,15,6,0,0.67013335,218.7375,0.87495,0.21,0.17284977,19.4,61,382,742
4000,1,16,6,0,0.15185006,38.654167,0.154616668,0.5,0.17541865,17.8,70,219,597
4001,1,17,6,0,0.014766743,0,0,0.5,0.18564677,16.1,78,55,255
4002,1,18,6,0,0.12413341,0,0,0.5,0.18018375,13.9,90,1,1
4003,1,19,6,0,1.1201668,0,0,0.5,0.1760384,13.9,93,0,0
4004,1,20,6,0,1.56095,0,0,0.5,0.170166,13.9,93,0,0
4005,1,21,6,0,1.3580166,0,0,0.21,0.17022535,13.9,44,0,0
4006,1,22,6,0,1.0582167,0,0,0.21,0.15427545,13.3,44,0,0
4007,1,23,6,0,1.5510666,0,0,0.21,0.15072116,12.2,62,0,0
4008,1,24,6,0,1.622325,0,0,0.21,0.14447069,12.2,77,0,0
4009,1,1,7,0,1.6582,0,0,0.21,0.13827969,11.7,53,0,0
4010,1,2,7,0,1.3240833,0,0,0.21,0.13995625,10,57,0,0
4011,1,3,7,0,1.5110166,0,0,0.21,0.14034563,9.4,58,0,0
4012,1,4,7,0,2.13005,0,0,0.21,0.14221478,8.9,61,0,0
4013,1,5,7,0,1.56735,0,0,0.21,0.14805655,9.4,54,0,0
4014,1,6,7,0,1.6697834,0,0,0.21,0.14900568,8.3,61,0,0
4015,1,7,7,0,0.73693335,0,0,0.21,0.14245583,8.3,61,0,0
4016,1,8,7,0,2.00925,394.37082,1.57748328,0.21,0.14216802,9.4,59,55,316
4017,1,9,7,0,2.0423834,509.52084,2.03808336,0.21,0.1458142,12.2,53,196,548
4018,1,10,7,0,2.3471832,570.0375,2.28015,0.21,0.15025996,15.6,43,392,817
4019,1,11,7,0,1.6856667,436.25418,1.74501672,0.21,0.151168,17.8,35,510,863
4020,1,12,7,0,0.9719,411.47916,1.64591664,0.21,0.1452942,19.4,31,587,904
4021,1,13,7,0,0.45626667,355.99167,1.42396668,0.21,0.14460199,21.1,38,531,808
4022,1,14,7,0,0.03401678,305.875,1.2235,0.21,0.14783072,20.6,44,502,835
4023,1,15,7,0,0.17268333,78.225,0.3129,0.21,0.15717345,19.4,47,375,719
4024,1,16,7,0,0.1363834,13.941667,0.055766668,0.5,0.1666065,18.3,52,208,566
4025,1,17,7,0,0.080533415,0,0,0.5,0.17265226,17.2,60,59,178
4026,1,18,7,0,0.26271674,0,0,0.5,0.17473222,13.9,90,3,2
4027,1,19,7,0,0.67796665,0,0,0.5,0.17368622,13.9,87,0,0
4028,1,20,7,0,1.09335,0,0,0.5,0.17518984,13.9,83,0,0
4029,1,21,7,0,1.50335,0,0,0.21,0.171795,13.9,87,0,0
4030,1,22,7,0,1.692,0,0,0.21,0.15361536,13.3,93,0,0
4031,1,23,7,0,1.7125833,0,0,0.21,0.14331098,12.8,86,0,0
4032,1,24,7,0,1.16765,0,0,0.21,0.14377536,12.2,55,0,0
4033,1,1,1,0,1.4068667,0,0,0.21,0.14370926,10.6,71,0,0
4034,1,2,1,0,1.25325,0,0,0.21,0.14364778,10.6,64,0,0
4035,1,3,1,0,1.4004333,0,0,0.21,0.14402416,10.6,59,0,0
4036,1,4,1,0,1.6816833,0,0,0.21,0.14689003,10,57,0,0
4037,1,5,1,0,1.5005167,0,0,0.21,0.15352717,7.8,71,0,0
4038,1,6,1,0,1.25045,0,0,0.21,0.15927848,7.8,71,0,0
4039,1,7,1,0,1.1697334,0,0,0.21,0.15319355,7.8,66,0,0
4040,1,8,1,0,2.10405,383.77917,1.53511668,0.21,0.15424986,8.9,66,50,227
4041,1,9,1,0,2.188,557.00415,2.2280166,0.21,0.15480867,12.8,53,213,599
4042,1,10,1,0,2.3977866,629.4767,2.5179068,0.21,0.1623964,16.7,43,380,750
4043,1,11,1,0,1.88895,660.82086,2.64328344,0.21,0.1629202,19.4,32,508,824
4044,1,12,1,0,0.78368336,618.8625,2.47545,0.21,0.1566863,21.1,28,582,863
4045,1,13,1,0,0.31035003,525.55,2.1022,0.21,0.15316711,23.3,24,585,864
4046,1,14,1,0,0.14328344,378.40417,1.51361668,0.21,0.1519644,22.2,38,475,723
4047,1,15,1,0,0.61011666,185.89166,0.74356664,0.21,0.16243324,20.6,39,372,708
4048,1,16,1,0,0.23208334,21.441668,0.085766672,0.5,0.17184499,19.4,44,226,610
4049,1,17,1,0,0.34881666,0,0,0.5,0.17983083,17.2,48,61,281
4050,1,18,1,0,0.38710004,0,0,0.5,0.18631497,15,70,2,2
4051,1,19,1,0,1.1117667,0,0,0.5,0.17816849,14.4,84,0,0
4052,1,20,1,0,1.22455,0,0,0.5,0.17581359,14.4,81,0,0
4053,1,21,1,0,1.5197166,0,0,0.21,0.16352017,14.4,65,0,0
4054,1,22,1,0,1.7434666,0,0,0.21,0.14476071,12.2,69,0,0
4055,1,23,1,0,1.5043666,0,0,0.21,0.14170343,13.3,53,0,0
4056,1,24,1,0,1.1622,0,0,0.21,0.14220577,15,41,0,0
4057,1,1,2,0,1.4399,0,0,0.21,0.14474724,11.7,53,0,0
4058,1,2,2,0,1.0973834,0,0,0.21,0.14309613,9.4,61,0,0
4059,1,3,2,0,1.58735,0,0,0.21,0.14560808,10.6,48,0,0
4060,1,4,2,0,1.4083333,0,0,0.21,0.14739688,11.7,38,0,0
4061,1,5,2,0,1.2791,0,0,0.21,0.15571287,13.3,33,0,0
4062,1,6,2,0,1.7431333,0,0,0.21,0.17046425,11.7,38,0,0
4063,1,7,2,0,1.1755333,0,0,0.21,0.17789063,12.8,33,0,0
4064,1,8,2,0,2.3290334,423.81668,1.69526672,0.21,0.17748043,12.8,40,40,49
4065,1,9,2,0,2.1171,571.2479,2.2849916,0.21,0.1731585,18.3,28,179,333
4066,1,10,2,0,2.38235,597.7833,2.3911332,0.21,0.17241256,21.1,28,341,513
4067,1,11,2,0,2.553175,669.725,2.6789,0.21,0.17310849,23.9,23,469,607
4068,1,12,2,0,1.21805,628.2,2.5128,0.21,0.16656542,25,18,541,651
4069,1,13,2,0,0.38116667,523.87085,2.0954834,0.21,0.16658847,26.1,16,546,655
4070,1,14,2,0,0.23271666,366.30417,1.46521668,0.21,0.16575126,27.2,17,481,617
4071,1,15,2,0,0.16990009,179.46666,0.71786664,0.21,0.16902971,26.7,21,355,526
4072,1,16,2,0,0.060433406,17.6875,0.07075,0.5,0.17623922,23.9,31,194,353
4073,1,17,2,0,0.04180009,0,0,0.5,0.1758682,22.2,25,42,61
4074,1,18,2,0,0.34826672,0,0,0.5,0.17664908,21.7,27,0,0
4075,1,19,2,0,0.24188334,0,0,0.5,0.17452192,21.1,18,0,0
4076,1,20,2,0,0.99148333,0,0,0.5,0.17517929,21.1,18,0,0
4077,1,21,2,0,1.90375,0,0,0.21,0.16346034,20.6,19,0,0
4078,1,22,2,0,1.9479667,0,0,0.21,0.13531102,18.3,24,0,0
4079,1,23,2,0,1.7624167,0,0,0.21,0.12682523,15,44,0,0
4080,1,24,2,0,1.7235917,0,0,0.21,0.13684817,16.7,50,0,0
4081,1,1,3,0,1.5389667,0,0,0.21,0.13699517,15,38,0,0
4082,1,2,3,0,1.4388334,0,0,0.21,0.1353502,13.9,46,0,0
4083,1,3,3,0,1.94575,0,0,0.21,0.13670574,13.3,45,0,0
4084,1,4,3,0,2.0789833,0,0,0.21,0.1373006,12.8,49,0,0
4085,1,5,3,0,1.40735,0,0,0.21,0.14445648,13.3,44,0,0
4086,1,6,3,0,1.7359667,0,0,0.21,0.1502552,13.3,40,0,0
4087,1,7,3,0,1.66485,0,0,0.21,0.15884295,13.3,40,0,0
4088,1,8,3,0,1.9962333,389.75833,1.55903332,0.21,0.16195875,16.1,35,48,29
4089,1,9,3,0,2.0064166,532.2625,2.12905,0.21,0.16134654,17.8,38,181,295
4090,1,10,3,0,2.3566,610.92914,2.44371656,0.21,0.15975322,20,39,237,206
4091,1,11,3,0,2.3909833,620.25415,2.4810166,0.21,0.16262682,22.8,29,224,2
4092,1,12,3,0,1.5629333,461.85834,1.84743336,0.21,0.16731533,25,30,210,10
4093,1,13,3,0,0.29471666,407.72916,1.63091664,0.21,0.16829331,26.1,27,236,1
4094,1,14,3,0,0.5495833,173.55417,0.69421668,0.21,0.16383244,24.4,33,213,5
4095,1,15,3,0,0.22903334,82.691666,0.330766664,0.21,0.1654046,24.4,30,190,6
4096,1,16,3,0,0.22373334,24.4125,0.09765,0.5,0.16966294,21.7,48,105,6
4097,1,17,3,0,0.44215,0,0,0.5,0.18237877,19.4,45,39,2
4098,1,18,3,0,0.48998332,0,0,0.5,0.18128736,17.2,56,2,0
4099,1,19,3,0,1.0771167,0,0,0.5,0.17911464,17.2,56,0,0
4100,1,20,3,0,1.3384833,0,0,0.5,0.17415048,17.2,52,0,0
4101,1,21,3,0,1.5968666,0,0,0.21,0.16973886,17.2,54,0,0
4102,1,22,3,0,1.5742333,0,0,0.21,0.14117159,17.2,48,0,0
4103,1,23,3,0,1.6092,0,0,0.21,0.13078944,17.2,48,0,0
4104,1,24,3,0,1.1434083,0,0,0.21,0.13556892,14.4,81,0,0
4105,1,1,4,0,1.3335667,0,0,0.21,0.12680231,15.6,52,0,0
4106,1,2,4,0,1.2048167,0,0,0.21,0.12514536,15.6,52,0,0
4107,1,3,4,0,1.3655334,0,0,0.21,0.12178907,15,51,0,0
4108,1,4,4,0,1.2792333,0,0,0.21,0.12550905,13.3,62,0,0
4109,1,5,4,0,1.3923,0,0,0.21,0.1395419,13.3,57,0,0
4110,1,6,4,0,1.5295334,0,0,0.21,0.16211107,13.3,57,0,0
4111,1,7,4,0,1.7072,0,0,0.21,0.1693229,13.3,55,0,0
4112,1,8,4,0,1.6014,39.645832,0.158583328,0.21,0.17554283,15,50,37,0
4113,1,9,4,0,1.4948167,36.133335,0.14453334,0.21,0.16731502,16.1,48,115,0
4114,1,10,4,0,1.5749667,110.2125,0.44085,0.21,0.16974755,16.7,54,183,1
4115,1,11,4,0,2.8900666,633.3375,2.53335,0.21,0.16703619,18.3,50,262,2
4116,1,12,4,0,2.0074167,517.85,2.0714,0.21,0.16485192,21.1,42,409,204
4117,1,13,4,0,1.32345,263.54166,1.05416664,0.21,0.1665053,22.2,38,264,87
4118,1,14,4,0,0.34195,33.054165,0.13221666,0.21,0.16837686,23.3,34,366,283
4119,1,15,4,0,0.71980006,0,0,0.21,0.16806795,21.7,61,259,110
4120,1,16,4,0,1.0787834,0,0,0.5,0.16840278,18.9,70,177,175
4121,1,17,4,0,1.3425333,0,0,0.5,0.17741835,17.2,68,64,20
4122,1,18,4,0,1.3726166,0,0,0.5,0.17868432,16.7,70,1,0
4123,1,19,4,0,1.630375,0,0,0.5,0.1783144,16.7,75,0,0
4124,1,20,4,0,1.8257834,0,0,0.5,0.17153373,16.1,78,0,0
4125,1,21,4,0,1.9294833,0,0,0.21,0.16379851,16.1,81,0,0
4126,1,22,4,0,0.79221666,0,0,0.21,0.14023948,16.1,81,0,0
4127,1,23,4,0,1.7158,0,0,0.21,0.13653432,15.6,75,0,0
4128,1,24,4,0,1.3811083,0,0,0.21,0.13068587,14.4,93,0,0
4129,1,1,5,0,1.4085333,0,0,0.21,0.12847914,14.4,84,0,0
4130,1,2,5,0,1.2281333,0,0,0.21,0.12753399,13.9,87,0,0
4131,1,3,5,0,1.00385,0,0,0.21,0.1264067,13.9,87,0,0
4132,1,4,5,0,1.8487834,0,0,0.21,0.1294763,13.9,83,0,0
4133,1,5,5,0,1.7305,0,0,0.21,0.14028569,13.9,72,0,0
4134,1,6,5,0,1.5677167,0,0,0.21,0.15639827,13.9,75,0,0
4135,1,7,5,0,1.5109833,0,0,0.21,0.15903533,14.4,70,0,0
4136,1,8,5,0,1.6237833,21.966667,0.087866668,0.21,0.16115287,14.4,70,29,2
4137,1,9,5,0,1.6545833,29.791666,0.119166664,0.21,0.16308099,15.6,67,70,6
4138,1,10,5,0,1.7998333,85.645836,0.342583344,0.21,0.16406748,16.1,67,167,6
4139,1,11,5,0,1.6562667,12.104167,0.048416668,0.21,0.1638804,17.2,81,166,5
4140,1,12,5,0,1.646125,4.2708335,0.017083334,0.21,0.16320468,18.3,59,307,8
4141,1,13,5,0,2.1349833,19.008333,0.076033332,0.21,0.16247647,18.9,54,218,4
4142,1,14,5,0,1.3204334,58.958332,0.235833328,0.21,0.16410409,19.4,47,246,0
4143,1,15,5,0,1.6666666,65.825,0.2633,0.21,0.16008608,18.3,70,165,2
4144,1,16,5,0,1.6053833,0.89166665,0.0035666666,0.5,0.16398522,16.7,70,105,1
4145,1,17,5,0,1.5705167,0,0,0.5,0.17172103,16.1,81,24,0
4146,1,18,5,0,1.808,0,0,0.5,0.16918926,15.6,78,2,0
4147,1,19,5,0,1.50595,0,0,0.5,0.16395898,15.6,84,0,0
4148,1,20,5,0,1.8414167,0,0,0.5,0.1635077,15.6,87,0,0
4149,1,21,5,0,3.9498832,0,0,0.21,0.15929015,15,84,0,0
4150,1,22,5,0,2.2774334,0,0,0.21,0.14660108,14.4,87,0,0
4151,1,23,5,0,1.60345,0,0,0.21,0.13253659,14.4,90,0,0
4152,1,24,5,0,1.9822,0,0,0.21,0.12438087,13.9,90,0,0
4153,1,1,6,0,2.2167833,0,0,0.21,0.11396964,14.4,93,0,0
4154,1,2,6,0,1.7433667,0,0,0.21,0.11271595,14.4,96,0,0
4155,1,3,6,0,2.29625,0,0,0.21,0.115932286,14.4,93,0,0
4156,1,4,6,0,2.3603,0,0,0.21,0.11078177,13.9,96,0,0
4157,1,5,6,0,1.9995167,0,0,0.21,0.115786366,13.9,96,0,0
4158,1,6,6,0,2.1724834,0,0,0.21,0.12552233,13.9,96,0,0
4159,1,7,6,0,1.4297167,0,0,0.21,0.12865794,13.9,96,0,0
4160,1,8,6,0,2.0598667,374.975,1.4999,0.21,0.13602272,13.9,96,33,0
4161,1,9,6,0,2.7707167,597.9,2.3916,0.21,0.1387974,13.9,93,135,0
4162,1,10,6,0,2.0374334,534.9083,2.1396332,0.21,0.13765594,15,90,282,200
4163,1,11,6,0,2.3891292,624.8458,2.4993832,0.21,0.14122248,15.6,87,356,360
4164,1,12,6,0,1.0048,272.4125,1.08965,0.21,0.13845333,16.1,87,446,371
4165,1,13,6,0,0.61478335,169.34166,0.67736664,0.21,0.13766576,17.2,84,434,320
4166,1,14,6,0,0.6507667,166.825,0.6673,0.21,0.13923004,17.8,78,477,657
4167,1,15,6,0,0.79145,139.8,0.5592,0.21,0.14102183,17.2,78,256,322
4168,1,16,6,0,0.9201667,32.770832,0.131083328,0.5,0.152359,16.7,81,235,474
4169,1,17,6,0,1.76745,0,0,0.5,0.15993772,15.6,84,71,147
4170,1,18,6,0,1.8798333,0,0,0.5,0.16115169,14.4,87,4,6
4171,1,19,6,0,2.4380333,0,0,0.5,0.15867949,14.4,90,0,0
4172,1,20,6,0,1.9661167,0,0,0.5,0.15383607,14.4,90,0,0
4173,1,21,6,0,1.6955833,0,0,0.21,0.1467185,14.4,90,0,0
4174,1,22,6,0,1.0024,0,0,0.21,0.13533139,14.4,90,0,0
4175,1,23,6,0,1.1559334,0,0,0.21,0.13013594,13.9,93,0,0
4176,1,24,6,0,1.3702416,0,0,0.21,0.12024799,13.3,93,0,0
4177,1,1,7,0,1.3524,0,0,0.21,0.120317034,13.9,87,0,0
4178,1,2,7,0,1.1918334,0,0,0.21,0.11757943,13.3,90,0,0
4179,1,3,7,0,1.2746167,0,0,0.21,0.11990154,12.2,93,0,0
4180,1,4,7,0,2.1011167,0,0,0.21,0.11993453,12.2,93,0,0
4181,1,5,7,0,1.7098666,0,0,0.21,0.121368766,12.2,93,0,0
4182,1,6,7,0,1.6853666,0,0,0.21,0.1267619,12.2,93,0,0
4183,1,7,7,0,1.6296667,0,0,0.21,0.12108549,12.2,93,0,0
4184,1,8,7,0,1.50135,68.29583,0.27318332,0.21,0.12304905,12.2,93,38,17
4185,1,9,7,0,1.7660834,88.05,0.3522,0.21,0.12719215,13.3,96,127,74
4186,1,10,7,0,1.4390833,109.191666,0.436766664,0.21,0.1245906,15,90,266,169
4187,1,11,7,0,1.5801166,50.645832,0.202583328,0.21,0.12642422,16.7,84,438,295
4188,1,12,7,0,1.60155,9.804167,0.039216668,0.21,0.12774679,17.2,81,506,442
4189,1,13,7,0,2.0900834,17.929167,0.071716668,0.21,0.13020018,17.8,75,549,749
4190,1,14,7,0,2.4461834,2.075,0.0083,0.21,0.13692845,17.8,75,417,389
4191,1,15,7,0,1.4522,0,0,0.21,0.14032127,17.8,73,278,233
4192,1,16,7,0,1.5392166,0,0,0.5,0.14640345,17.2,68,201,353
4193,1,17,7,0,1.6473,0,0,0.5,0.15916866,16.7,81,62,119
4194,1,18,7,0,1.8385667,0,0,0.5,0.14769404,15.6,87,2,1
4195,1,19,7,0,4.9387665,0,0,0.5,0.14538732,15,90,0,0
4196,1,20,7,0,1.3616667,0,0,0.5,0.14289941,14.4,93,0,0
4197,1,21,7,0,2.8567834,0,0,0.21,0.13904321,14.4,93,0,0
4198,1,22,7,0,1.8374667,0,0,0.21,0.121635064,13.9,93,0,0
4199,1,23,7,0,1.8646333,0,0,0.21,0.119663104,13.3,93,0,0
4200,1,24,7,0,1.8538916,0,0,0.21,0.11895867,13.3,90,0,0
4201,1,1,1,0,1.1189,0,0,0.21,0.12103495,13.3,93,0,0
4202,1,2,1,0,0.95845,0,0,0.21,0.119274236,12.8,90,0,0
4203,1,3,1,0,1.2506167,0,0,0.21,0.11552526,12.8,90,0,0
4204,1,4,1,0,2.3907332,0,0,0.21,0.116575874,11.1,93,0,0
4205,1,5,1,0,1.6792166,0,0,0.21,0.13208571,11.1,90,0,0
4206,1,6,1,0,1.5825,0,0,0.21,0.16090967,11.1,90,0,0
4207,1,7,1,0,1.5944,0,0,0.21,0.15364444,11.1,90,0,0
4208,1,8,1,0,1.3239334,123.42083,0.49368332,0.21,0.15449148,10.6,96,49,146
4209,1,9,1,0,1.8299167,95.495834,0.381983336,0.21,0.16088042,12.8,86,210,502
4210,1,10,1,0,1.6748166,156.90834,0.62763336,0.21,0.16334051,15,78,375,657
4211,1,11,1,0,1.7937167,41.029167,0.164116668,0.21,0.1611089,16.7,70,509,745
4212,1,12,1,0,2.1756666,54.0125,0.21605,0.21,0.16042635,17.8,75,573,767
4213,1,13,1,0,1.6733167,125.458336,0.501833344,0.21,0.16071992,17.8,78,582,776
4214,1,14,1,0,2.0093334,350.86667,1.40346668,0.21,0.16152702,17.8,73,522,747
4215,1,15,1,0,1.3538333,69.3375,0.27735,0.21,0.16131239,17.8,75,401,679
4216,1,16,1,0,1.5921667,23.970833,0.095883332,0.5,0.16800138,17.8,78,237,534
4217,1,17,1,0,1.6572666,0,0,0.5,0.17738889,16.7,84,71,226
4218,1,18,1,0,2.23115,0,0,0.5,0.17475177,15,90,4,2
4219,1,19,1,0,2.0102334,0,0,0.5,0.17328507,15,93,0,0
4220,1,20,1,0,4.151883,0,0,0.5,0.17007406,15,90,0,0
4221,1,21,1,0,2.50735,0,0,0.21,0.16745305,13.9,93,0,0
4222,1,22,1,0,2.1694834,0,0,0.21,0.14269269,13.9,93,0,0
4223,1,23,1,0,1.49925,0,0,0.21,0.13311608,13.3,93,0,0
4224,1,24,1,0,2.6318417,0,0,0.21,0.13196559,15.6,48,0,0
4225,1,1,2,0,1.8815167,0,0,0.21,0.13661529,12.8,83,0,0
4226,1,2,2,0,1.7109667,0,0,0.21,0.13526797,11.7,80,0,0
4227,1,3,2,0,1.5334166,0,0,0.21,0.13424939,11.1,80,0,0
4228,1,4,2,0,2.9083,0,0,0.21,0.13527307,11.1,77,0,0
4229,1,5,2,0,2.2695167,0,0,0.21,0.14486197,10,77,0,0
4230,1,6,2,0,1.7997,0,0,0.21,0.1629814,10,77,0,0
4231,1,7,2,0,1.7172166,0,0,0.21,0.16844873,9.4,83,0,0
4232,1,8,2,0,2.11435,266.93332,1.06773328,0.21,0.1730553,11.7,77,43,54
4233,1,9,2,0,1.2305833,326.31668,1.30526672,0.21,0.17358269,15.6,60,188,333
4234,1,10,2,0,2.4954333,651.62085,2.6064834,0.21,0.17314622,17.8,52,360,490
4235,1,11,2,0,2.1473668,532.99585,2.1319834,0.21,0.1752291,20,45,458,515
4236,1,12,2,0,1.1734,216.6125,0.86645,0.21,0.17482322,21.1,39,531,548
4237,1,13,2,0,2.0987666,290.225,1.1609,0.21,0.1734652,22.2,35,534,443
4238,1,14,2,0,1.20915,321.51666,1.28606664,0.21,0.17234005,22.8,33,458,355
4239,1,15,2,0,0.76703334,99.59167,0.39836668,0.21,0.17259814,21.1,46,260,115
4240,1,16,2,0,2.1079,21.925,0.0877,0.5,0.17696519,20,55,203,226
4241,1,17,2,0,1.87925,0,0,0.5,0.17858596,18.3,50,57,44
4242,1,18,2,0,1.6461,0,0,0.5,0.17719248,16.7,50,2,0
4243,1,19,2,0,1.46025,0,0,0.5,0.17679644,17.2,56,0,0
4244,1,20,2,0,1.6892333,0,0,0.5,0.1725045,17.2,48,0,0
4245,1,21,2,0,2.12825,0,0,0.21,0.16666767,16.7,45,0,0
4246,1,22,2,0,2.4768167,0,0,0.21,0.14861429,15.6,52,0,0
4247,1,23,2,0,2.5033,0,0,0.21,0.12673858,15.6,50,0,0
4248,1,24,2,0,3.1395166,0,0,0.21,0.121880785,15.6,67,0,0
4249,1,1,3,0,2.45945,0,0,0.21,0.119755946,14.4,49,0,0
4250,1,2,3,0,2.3438666,0,0,0.21,0.12123044,14.4,48,0,0
4251,1,3,3,0,2.0538332,0,0,0.21,0.12699151,14.4,48,0,0
4252,1,4,3,0,2.24745,0,0,0.21,0.12706484,12.8,55,0,0
4253,1,5,3,0,2.8476834,0,0,0.21,0.1365116,12.8,51,0,0
4254,1,6,3,0,2.8825667,0,0,0.21,0.16017942,13.9,47,0,0
4255,1,7,3,0,2.7903333,207.6625,0.83065,0.21,0.1667777,13.9,47,1,0
4256,1,8,3,0,2.5379333,444.64166,1.77856664,0.21,0.16736226,13.9,49,22,1
4257,1,9,3,0,2.3483334,595.7167,2.3828668,0.21,0.16887955,14.4,51,111,5
4258,1,10,3,0,2.4873166,643.73334,2.57493336,0.21,0.16991353,15,50,142,4
4259,1,11,3,0,2.617475,672.0563,2.6882252,0.21,0.16715448,17.2,45,212,8
4260,1,12,3,0,1.7670667,634.8333,2.5393332,0.21,0.16530778,18.9,39,255,16
4261,1,13,3,0,0.8990834,536.50836,2.14603344,0.21,0.16263025,20,39,401,237
4262,1,14,3,0,1.0929167,388.7375,1.55495,0.21,0.16477965,21.1,35,453,415
4263,1,15,3,0,0.77566665,200.5,0.802,0.21,0.1677552,19.4,42,189,73
4264,1,16,3,0,0.25273332,33.854168,0.135416672,0.5,0.16950604,18.3,47,119,2
4265,1,17,3,0,0.55728334,0,0,0.5,0.17685036,17.8,50,42,1
4266,1,18,3,0,0.1822834,0,0,0.5,0.17819484,16.7,58,5,0
4267,1,19,3,0,1.54855,0,0,0.5,0.17107296,17.2,58,0,0
4268,1,20,3,0,1.3967167,0,0,0.5,0.16404136,16.7,54,0,0
4269,1,21,3,0,1.59525,0,0,0.21,0.15001239,16.7,58,0,0
4270,1,22,3,0,3.9257834,0,0,0.21,0.13744062,16.7,73,0,0
4271,1,23,3,0,2.6405168,0,0,0.21,0.12735328,16.1,65,0,0
4272,1,24,3,0,1.5286833,0,0,0.21,0.11895213,12.8,80,0,0
4273,1,1,4,0,1.3623,0,0,0.21,0.11487475,15,65,0,0
4274,1,2,4,0,1.2133666,0,0,0.21,0.11562415,15,65,0,0
4275,1,3,4,0,1.7739667,0,0,0.21,0.11591515,15,65,0,0
4276,1,4,4,0,2.7508,0,0,0.21,0.11612869,14.4,70,0,0
4277,1,5,4,0,2.0039167,0,0,0.21,0.12298503,13.3,72,0,0
4278,1,6,4,0,2.0894666,0,0,0.21,0.14405563,12.8,75,0,0
4279,1,7,4,0,2.4876833,198.26666,0.79306664,0.21,0.15187487,12.2,77,1,1
4280,1,8,4,0,2.32625,438.36667,1.75346668,0.21,0.15580508,13.3,72,60,303
4281,1,9,4,0,2.2563167,586.98334,2.34793336,0.21,0.15168184,15,65,235,647
4282,1,10,4,0,2.5183,661.0417,2.6441668,0.21,0.14567769,16.7,63,408,784
4283,1,11,4,0,2.2731667,688.55835,2.7542334,0.21,0.14429866,18.3,59,538,847
4284,1,12,4,0,1.0442834,566.9083,2.2676332,0.21,0.14606541,18.9,54,586,789
4285,1,13,4,0,0.90183336,565.1,2.2604,0.21,0.14528234,19.4,57,588,817
4286,1,14,4,0,0.6196167,438.22083,1.75288332,0.21,0.14254244,18.9,61,551,846
4287,1,15,4,0,0.31338337,228.35834,0.91343336,0.21,0.1436614,18.9,59,387,681
4288,1,16,4,0,0.19120002,45.608334,0.182433336,0.5,0.15104261,17.2,75,249,581
4289,1,17,4,0,0.22985005,0,0,0.5,0.16535704,16.7,78,88,370
4290,1,18,4,0,1.8977,0,0,0.5,0.16598062,15.6,84,7,18
4291,1,19,4,0,2.4984334,0,0,0.5,0.16732948,15,87,0,0
4292,1,20,4,0,2.0618668,0,0,0.5,0.16020072,14.4,90,0,0
4293,1,21,4,0,2.6953666,0,0,0.21,0.14628555,14.4,93,0,0
4294,1,22,4,0,1.7973833,0,0,0.21,0.13009924,14.4,81,0,0
4295,1,23,4,0,2.0717332,0,0,0.21,0.12695755,14.4,72,0,0
4296,1,24,4,0,2.0683,0,0,0.21,0.12643637,15,93,0,0
4297,1,1,5,0,1.6230834,0,0,0.21,0.120314404,12.2,83,0,0
4298,1,2,5,0,1.5082,0,0,0.21,0.119354896,11.7,86,0,0
4299,1,3,5,0,2.8374667,0,0,0.21,0.11687055,11.1,83,0,0
4300,1,4,5,0,2.5987334,0,0,0.21,0.12130037,11.1,83,0,0
4301,1,5,5,0,1.9743333,0,0,0.21,0.13375609,11.1,83,0,0
4302,1,6,5,0,1.9313667,0,0,0.21,0.14030477,11.1,80,0,0
4303,1,7,5,0,1.99335,199.4375,0.79775,0.21,0.14067897,11.1,80,1,1
4304,1,8,5,0,2.4035,438.73334,1.75493336,0.21,0.14199927,11.7,77,56,207
4305,1,9,5,0,2.2641833,600.74585,2.4029834,0.21,0.14384018,13.3,75,207,452
4306,1,10,5,0,2.6236167,688.5375,2.75415,0.21,0.14373772,15.6,67,387,619
4307,1,11,5,0,2.4332333,714.4,2.8576,0.21,0.14725932,17.2,63,432,463
4308,1,12,5,0,1.05035,680.2,2.7208,0.21,0.15282308,18.3,56,427,181
4309,1,13,5,0,1.1086167,583.8417,2.3353668,0.21,0.14084409,18.3,54,364,119
4310,1,14,5,0,1.2556167,429.02917,1.71611668,0.21,0.1403299,18.3,68,319,40
4311,1,15,5,0,0.7895167,223.7875,0.89515,0.21,0.14174253,18.9,68,402,520
4312,1,16,5,0,0.10096671,37.441666,0.149766664,0.5,0.14960036,18.3,68,197,251
4313,1,17,5,0,0.38385007,0,0,0.5,0.16118163,16.1,81,60,64
4314,1,18,5,0,1.0037167,0,0,0.5,0.16310242,16.1,87,6,2
4315,1,19,5,0,2.24285,0,0,0.5,0.15068355,15.6,90,0,0
4316,1,20,5,0,2.3531168,0,0,0.5,0.14494476,15.6,87,0,0
4317,1,21,5,0,2.6013668,0,0,0.21,0.14246681,15.6,90,0,0
4318,1,22,5,0,2.0200667,0,0,0.21,0.13322222,15,87,0,0
4319,1,23,5,0,2.0134332,0,0,0.21,0.13917856,15,93,0,0
4320,1,24,5,0,1.7481,0,0,0.21,0.13645823,12.8,96,0,0
4321,1,1,6,0,1.5584333,0,0,0.21,0.13824576,15,93,0,0
4322,1,2,6,0,1.8576833,0,0,0.21,0.12865496,15,97,0,0
4323,1,3,6,0,1.6768667,0,0,0.21,0.1290041,15,97,0,0
4324,1,4,6,0,2.6001,0,0,0.21,0.1276479,15,93,0,0
4325,1,5,6,0,2.0488834,0,0,0.21,0.12839788,14.4,96,0,0
4326,1,6,6,0,1.62765,0,0,0.21,0.13036047,14.4,96,0,0
4327,1,7,6,0,1.1561834,0,0,0.21,0.1345474,14.4,93,0,0
4328,1,8,6,0,2.5110333,453.25833,1.81303332,0.21,0.14021364,14.4,96,23,1
4329,1,9,6,0,2.3961666,610.1625,2.44065,0.21,0.1402076,14.4,93,144,129
4330,1,10,6,0,2.6960332,695.6875,2.78275,0.21,0.14398772,15.6,90,236,35
4331,1,11,6,0,1.8113667,716.55835,2.8662334,0.21,0.14305732,17.2,73,280,76
4332,1,12,6,0,0.8256,677.1667,2.7086668,0.21,0.14285295,17.2,84,285,6
4333,1,13,6,0,0.6827,580.9,2.3236,0.21,0.14359741,16.1,90,144,5
4334,1,14,6,0,0.7445667,431.80417,1.72721668,0.21,0.14676279,16.1,87,201,0
4335,1,15,6,0,0.20438336,229.47084,0.91788336,0.21,0.14272177,15.6,90,249,6
4336,1,16,6,0,0.5021667,38.875,0.1555,0.5,0.14431854,15.6,93,69,4
4337,1,17,6,0,0.055516727,0,0,0.5,0.15110286,15,93,32,2
4338,1,18,6,0,0.37445006,0,0,0.5,0.15067396,15,93,4,0
4339,1,19,6,0,1.0202833,0,0,0.5,0.15076303,14.4,93,0,0
4340,1,20,6,0,1.0044667,0,0,0.5,0.14694266,14.4,87,0,0
4341,1,21,6,0,1.0588666,0,0,0.21,0.14351855,14.4,87,0,0
4342,1,22,6,0,1.6274333,0,0,0.21,0.13840093,13.9,90,0,0
4343,1,23,6,0,1.8628334,0,0,0.21,0.13011102,12.8,96,0,0
4344,1,24,6,0,1.530425,0,0,0.21,0.13305952,12.2,100,0,0
4345,1,1,7,0,1.0792333,0,0,0.21,0.13668998,12.2,96,0,0
4346,1,2,7,0,1.0887333,0,0,0.21,0.13570592,12.2,96,0,0
4347,1,3,7,0,1.0426834,0,0,0.21,0.1379311,12.2,96,0,0
4348,1,4,7,0,1.6762333,0,0,0.21,0.13735946,11.7,96,0,0
4349,1,5,7,0,1.66395,0,0,0.21,0.13407816,11.1,96,0,0
4350,1,6,7,0,1.6723666,0,0,0.21,0.1320769,11.1,93,0,0
4351,1,7,7,0,1.26655,211.9375,0.84775,0.21,0.12783897,11.1,96,2,6
4352,1,8,7,0,1.8487667,442.77084,1.77108336,0.21,0.130544,11.1,93,55,81
4353,1,9,7,0,2.2370334,591.3542,2.3654168,0.21,0.13346948,11.7,93,228,360
4354,1,10,7,0,1.74455,670.5875,2.68235,0.21,0.13486457,14.4,90,387,639
4355,1,11,7,0,0.5074667,698.18335,2.7927334,0.21,0.1367577,15.6,87,464,631
4356,1,12,7,0,0.6074333,664.1125,2.65645,0.21,0.1336904,17.8,81,550,627
4357,1,13,7,0,0.7553667,568.51666,2.27406664,0.21,0.13370697,17.8,75,588,830
4358,1,14,7,0,0.8382667,420.03333,1.68013332,0.21,0.13593508,17.8,81,457,591
4359,1,15,7,0,0.76835,223.27083,0.89308332,0.21,0.14104305,17.8,81,430,659
4360,1,16,7,0,0.14051668,38.429165,0.15371666,0.5,0.14725932,17.2,84,249,472
4361,1,17,7,0,1.001358e-07,0,0,0.5,0.1614458,16.1,87,99,430
4362,1,18,7,0,0.07238342,0,0,0.5,0.16795792,14.4,93,12,40
4363,1,19,7,0,0.57528335,0,0,0.5,0.16706166,14.4,93,0,0
4364,1,20,7,0,0.93215,0,0,0.5,0.165235,13.9,96,0,0
4365,1,21,7,0,1.3589,0,0,0.21,0.16004385,13.9,96,0,0
4366,1,22,7,0,1.4165,0,0,0.21,0.14885914,13.9,96,0,0
4367,1,23,7,0,1.26885,0,0,0.21,0.14200808,12.8,96,0,0
4368,1,24,7,0,1.1322583,0,0,0.21,0.14713764,12.8,96,0,0
4369,1,1,1,0,1.6357334,0,0,0.21,0.14758407,11.7,100,0,0
4370,1,2,1,0,1.6102667,0,0,0.21,0.14547436,11.7,96,0,0
4371,1,3,1,0,1.6480334,0,0,0.21,0.1442248,11.1,100,0,0
4372,1,4,1,0,1.7724667,0,0,0.21,0.14760019,10.6,100,0,0
4373,1,5,1,0,0.82566667,0,0,0.21,0.16021286,9.4,96,0,0
4374,1,6,1,0,1.0305166,0,0,0.21,0.17406705,8.9,100,0,0
4375,1,7,1,0,1.2214667,148.45833,0.59383332,0.21,0.177444,8.9,100,3,7
4376,1,8,1,0,1.9797333,431.44168,1.72576672,0.21,0.1787291,8.9,100,68,363
4377,1,9,1,0,2.2947,602.31665,2.4092666,0.21,0.1787361,12.8,86,251,704
4378,1,10,1,0,2.2794666,677.0958,2.7083832,0.21,0.18350133,15,90,400,728
4379,1,11,1,0,0.83645,694.4625,2.77785,0.21,0.1779138,17.8,78,517,790
4380,1,12,1,0,0.95358336,649.98334,2.59993336,0.21,0.1711057,18.9,70,595,854
4381,1,13,1,0,1.914,546.7708,2.1870832,0.21,0.16736141,19.4,70,632,900
4382,1,14,1,0,0.35966668,389.25,1.557,0.21,0.16502814,18.3,78,573,880
4383,1,15,1,0,0.34265003,188.15,0.7526,0.21,0.17091407,18.3,78,451,824
4384,1,16,1,0,0.35291666,47.025,0.1881,0.5,0.18366027,18.3,70,288,727
4385,1,17,1,0,0.38115,1.1958333,0.0047833332,0.5,0.19127005,17.8,78,105,480
4386,1,18,1,0,0.31371668,0,0,0.5,0.19645001,15.6,87,13,43
4387,1,19,1,0,0.3005,0,0,0.5,0.19432896,15,93,0,0
4388,1,20,1,0,1.59955,0,0,0.5,0.19497213,15,93,0,0
4389,1,21,1,0,1.3826333,0,0,0.21,0.18629488,14.4,96,0,0
4390,1,22,1,0,1.2950833,0,0,0.21,0.16556554,13.9,96,0,0
4391,1,23,1,0,1.1803833,0,0,0.21,0.1639282,12.8,96,0,0
4392,1,24,1,0,0.713575,0,0,0.21,0.15570894,12.4,96,0,0
4393,1,1,2,0,0.5553167,0,0,0.21,0.15221916,11.7,96,0,0
4394,1,2,2,0,0.27791667,0,0,0.21,0.15094171,10.6,96,0,0
4395,1,3,2,0,0.25156668,0,0,0.21,0.14999157,9.4,83,0,0
4396,1,4,2,0,1.1217834,0,0,0.21,0.15029448,8.3,89,0,0
4397,1,5,2,0,1.1497834,0,0,0.21,0.16754729,7.8,86,0,0
4398,1,6,2,0,1.4332833,0,0,0.21,0.20141412,7.8,83,0,0
4399,1,7,2,0,1.0828,0,0,0.21,0.19423226,11.7,59,0,0
4400,1,8,2,0,1.6144834,347.81668,1.39126672,0.21,0.17982765,12.2,57,44,0
4401,1,9,2,0,1.8811834,528.1,2.1124,0.21,0.18187387,11.7,100,91,8
4402,1,10,2,0,2.40525,641.6375,2.56655,0.21,0.18699433,13.3,96,399,596
4403,1,11,2,0,1.1773,660.17914,2.64071656,0.21,0.1936418,16.7,70,445,298
4404,1,12,2,0,0.80725,626.6625,2.50665,0.21,0.19652545,18.3,61,523,418
4405,1,13,2,0,0.8652667,536.525,2.1461,0.21,0.19852835,20,63,568,522
4406,1,14,2,0,0.11405005,400.42084,1.60168336,0.21,0.19678801,18.9,76,542,668
4407,1,15,2,0,0.6185,215.50833,0.86203332,0.21,0.19755019,18.3,78,430,675
4408,1,16,2,0,0.53758335,42.9375,0.17175,0.5,0.19954607,17.2,84,257,532
4409,1,17,2,0,0.054450028,0,0,0.5,0.20107307,15.6,90,100,301
4410,1,18,2,0,0.10520001,0,0,0.5,0.2042417,14.4,93,10,21
4411,1,19,2,0,0.25656667,0,0,0.5,0.20783393,13.3,96,0,0
4412,1,20,2,0,1.0333667,0,0,0.5,0.20444968,13.3,96,0,0
4413,1,21,2,0,1.19865,0,0,0.21,0.19207801,13.3,96,0,0
4414,1,22,2,0,1.3104167,0,0,0.21,0.17132005,13,96,0,0
4415,1,23,2,0,1.1451445,0,0,0.21,0.16763988,12.7,96,0,0
4416,1,24,2,0,0.81023335,0,0,0.21,0.15992379,12.2,93,0,0
4417,2,1,3,0,0.5741,0,0,0.21,0.15539673,12,90,0,0
4418,2,2,3,0,0.26571667,0,0,0.21,0.15522659,11.7,90,0,0
4419,2,3,3,0,0.25925,0,0,0.21,0.15676624,11.4,93,0,0
4420,2,4,3,0,1.3457834,0,0,0.21,0.16142668,11.1,93,0,0
4421,2,5,3,0,1.1597,0,0,0.21,0.17473552,10.6,93,0,0
4422,2,6,3,0,1.44085,0,0,0.21,0.20133269,10,89,0,0
4423,2,7,3,0,1.4295833,188.70833,0.75483332,0.21,0.1925019,10,89,2,7
4424,2,8,3,0,1.8878666,426.88333,1.70753332,0.21,0.18806246,11.1,90,72,356
4425,2,9,3,0,2.22785,576.7875,2.30715,0.21,0.19498098,13.9,78,252,668
4426,2,10,3,0,1.8938667,657.225,2.6289,0.21,0.18985224,15.6,81,424,789
4427,2,11,3,0,1.2666833,677.73334,2.71093336,0.21,0.17894511,17.2,70,528,735
4428,2,12,3,0,0.62923336,640.725,2.5629,0.21,0.17774302,17.2,75,574,712
4429,2,13,3,0,0.8524667,498.05,1.9922,0.21,0.1754348,17.2,75,550,570
4430,2,14,3,0,0.67965,361.67084,1.44668336,0.21,0.1745722,16.7,81,594,708
4431,2,15,3,0,0.25968337,191.23334,0.76493336,0.21,0.17754038,16.1,81,418,595
4432,2,16,3,0,0.11868339,53.2,0.2128,0.5,0.17770208,16.1,81,264,536
4433,2,17,3,0,1.001358e-07,0,0,0.5,0.1894127,15.6,81,108,429
4434,2,18,3,0,0.060366757,0,0,0.5,0.19307196,14.4,84,12,14
4435,2,19,3,0,1.2593167,0,0,0.5,0.1901855,14.4,84,0,0
4436,2,20,3,0,1.4285667,0,0,0.5,0.18072386,13.9,90,0,0
4437,2,21,3,0,1.99725,0,0,0.21,0.17074397,13.3,90,0,0
4438,2,22,3,0,1.47815,0,0,0.21,0.15924977,13.3,90,0,0
4439,2,23,3,0,1.5410833,0,0,0.21,0.13959098,13.3,93,0,0
4440,2,24,3,0,1.5278,0,0,0.21,0.14340843,13.3,93,0,0
4441,2,1,4,0,1.89485,0,0,0.21,0.14315675,11.7,96,0,0
4442,2,2,4,0,1.3287,0,0,0.21,0.1367441,11.7,93,0,0
4443,2,3,4,0,1.5616167,0,0,0.21,0.14114451,11.1,93,0,0
4444,2,4,4,0,1.7584833,0,0,0.21,0.14059614,10.6,96,0,0
4445,2,5,4,0,1.64445,0,0,0.21,0.15312614,9.4,100,0,0
4446,2,6,4,0,1.49365,0,0,0.21,0.17494503,9.4,96,0,0
4447,2,7,4,0,1.42775,0,0,0.21,0.18416838,9.4,93,0,0
4448,2,8,4,0,1.8943167,274.29584,1.09718336,0.21,0.17656653,10.6,93,43,22
4449,2,9,4,0,1.34305,297.7625,1.19105,0.21,0.16979855,11.7,86,205,303
4450,2,10,4,0,2.0010667,520.43335,2.0817334,0.21,0.15776192,13.9,83,339,403
4451,2,11,4,0,2.3796334,623.76666,2.49506664,0.21,0.14983344,16.7,75,497,554
4452,2,12,4,0,1.0475334,590.9667,2.3638668,0.21,0.14830479,17.2,78,583,626
4453,2,13,4,0,0.4047,414.15,1.6566,0.21,0.15273894,16.7,78,592,633
4454,2,14,4,0,1.2207032e-07,318.2625,1.27305,0.21,0.15824804,16.7,81,532,601
4455,2,15,4,0,0.19510002,157.02916,0.62811664,0.21,0.1638376,16.7,81,410,526
4456,2,16,4,0,0.17170002,54.0875,0.21635,0.5,0.1707987,16.7,78,245,382
4457,2,17,4,0,0.07230007,0,0,0.5,0.18542962,15.6,84,79,103
4458,2,18,4,0,0.07926671,0,0,0.5,0.19154923,15,87,6,1
4459,2,19,4,0,0.06845005,0,0,0.5,0.188954,14.4,90,0,0
4460,2,20,4,0,0.8907667,0,0,0.5,0.18073584,14.4,90,0,0
4461,2,21,4,0,0.8488167,0,0,0.21,0.16721922,14.4,90,0,0
4462,2,22,4,0,0.70655,0,0,0.21,0.16502231,14.4,90,0,0
4463,2,23,4,0,0.67338336,0,0,0.21,0.16098851,13.9,90,0,0
4464,2,24,4,0,0.3124,0,0,0.21,0.15352693,16.1,50,0,0
4465,2,1,5,0,0.86505,0,0,0.21,0.14820246,12.2,93,0,0
4466,2,2,5,0,0.58816665,0,0,0.21,0.1476385,11.1,93,0,0
4467,2,3,5,0,0.7764,0,0,0.21,0.14705285,11.7,90,0,0
4468,2,4,5,0,2.1922834,0,0,0.21,0.14794599,10.6,93,0,0
4469,2,5,5,0,1.0872834,0,0,0.21,0.15731603,10,93,0,0
4470,2,6,5,0,1.36265,0,0,0.21,0.1810108,9.4,86,0,0
4471,2,7,5,0,1.2054666,7.454167,0.029816668,0.21,0.18860948,9.4,83,2,1
4472,2,8,5,0,1.2869,84.59583,0.33838332,0.21,0.18619365,12.2,69,66,178
4473,2,9,5,0,1.1547166,147.3,0.5892,0.21,0.18360367,15.6,56,222,465
4474,2,10,5,0,1.1074333,148.3875,0.59355,0.21,0.18033072,18.9,42,400,574
4475,2,11,5,0,0.9126,92.23333,0.36893332,0.21,0.17676009,21.1,34,502,598
4476,2,12,5,0,1.2993833,53.495834,0.213983336,0.21,0.17336516,22.8,30,609,646
4477,2,13,5,0,1.6782833,69.4875,0.27795,0.21,0.17196703,21.1,53,609,681
4478,2,14,5,0,0.87959164,85.29375,0.341175,0.21,0.17467882,19.4,68,533,628
4479,2,15,5,0,1.12185,42.21875,0.168875,0.21,0.17794785,19.4,59,386,398
4480,2,16,5,0,1.0490333,3.3583333,0.0134333332,0.5,0.18358654,20,55,273,378
4481,2,17,5,0,1.2832333,0,0,0.5,0.19097137,16.7,73,90,98
4482,2,18,5,0,1.00615,0,0,0.5,0.18900445,15.6,72,8,2
4483,2,19,5,0,1.1843333,0,0,0.5,0.18819292,16.1,67,0,0
4484,2,20,5,0,1.5300333,0,0,0.5,0.18490817,16.1,67,0,0
4485,2,21,5,0,1.3999333,0,0,0.21,0.1802883,16.1,67,0,0
4486,2,22,5,0,1.4752667,0,0,0.21,0.1620421,16.7,56,0,0
4487,2,23,5,0,1.4412333,0,0,0.21,0.15058087,16.7,54,0,0
4488,2,24,5,0,1.08185,0,0,0.21,0.15035821,18.3,47,0,0
4489,2,1,6,0,1.0375667,0,0,0.21,0.14093271,15.6,52,0,0
4490,2,2,6,0,0.38121668,0,0,0.21,0.14041865,15.6,48,0,0
4491,2,3,6,0,1.0269166,0,0,0.21,0.13975248,16.1,46,0,0
4492,2,4,6,0,1.0087,0,0,0.21,0.1477781,14.4,51,0,0
4493,2,5,6,0,1.3668,0,0,0.21,0.1557047,15.6,46,0,0
4494,2,6,6,0,0.6857,0,0,0.21,0.15650521,14.4,51,0,0
4495,2,7,6,0,2.1152167,0,0,0.21,0.16039576,14.4,49,0,0
4496,2,8,6,0,1.2403834,315.78333,1.26313332,0.21,0.16237956,16.1,44,40,7
4497,2,9,6,0,1.0929,108.620834,0.434483336,0.21,0.15619375,17.8,38,152,65
4498,2,10,6,0,2.7837334,683.1125,2.73245,0.21,0.15626699,19.4,36,221,65
4499,2,11,6,0,1.1148167,294.69168,1.17876672,0.21,0.15320766,20.6,34,252,90
4500,2,12,6,0,0.54303336,137.37083,0.54948332,0.21,0.15220815,23.3,28,280,48
4501,2,13,6,0,0.864,218.30833,0.87323332,0.21,0.14945573,23.9,27,590,374
4502,2,14,6,0,0.93345,274.67917,1.09871668,0.21,0.14940162,23.9,25,415,238
4503,2,15,6,0,0.59251666,192.45,0.7698,0.21,0.15067777,23.9,24,342,246
4504,2,16,6,0,0.09061667,48.283333,0.193133332,0.5,0.16017216,21.7,41,110,38
4505,2,17,6,0,0.098250076,0.20833333,0.00083333332,0.5,0.17305756,22.8,29,31,6
4506,2,18,6,0,0.3111834,0,0,0.5,0.1737241,21.1,35,7,0
4507,2,19,6,0,1.7001834,0,0,0.5,0.17454357,21.1,32,0,0
4508,2,20,6,0,1.4392667,0,0,0.5,0.1732292,21.1,32,0,0
4509,2,21,6,0,1.6694167,0,0,0.21,0.16356695,20,44,0,0
4510,2,22,6,0,1.1207,0,0,0.21,0.15180099,19.4,45,0,0
4511,2,23,6,0,0.57485,0,0,0.21,0.14669073,18.9,45,0,0
4512,2,24,6,0,0.85101664,0,0,0.21,0.14974701,14.4,96,0,0
4513,2,1,7,0,1.10025,0,0,0.21,0.1451233,19.4,37,0,0
4514,2,2,7,0,0.73185,0,0,0.21,0.13727951,18.9,43,0,0
4515,2,3,7,0,1.2548667,0,0,0.21,0.13892551,18.3,49,0,0
4516,2,4,7,0,2.0335166,0,0,0.21,0.14162488,17.8,50,0,0
4517,2,5,7,0,1.7661,0,0,0.21,0.14493604,17.2,58,0,0
4518,2,6,7,0,1.8277833,0,0,0.21,0.14863864,15.6,78,0,0
4519,2,7,7,0,2.1921334,170.67917,0.68271668,0.21,0.1405506,15,84,2,0
4520,2,8,7,0,2.1330833,404.425,1.6177,0.21,0.13821849,14.4,90,31,1
4521,2,9,7,0,1.1983,295.0625,1.18025,0.21,0.14089517,13.9,96,70,0
4522,2,10,7,0,0.6321167,81.84167,0.32736668,0.21,0.14384484,13.3,93,91,2
4523,2,11,7,0,1.7115834,149.94167,0.59976668,0.21,0.14788385,13.3,96,159,5
4524,2,12,7,0,1.6779833,279.85,1.1194,0.21,0.1410308,13.9,96,152,0
4525,2,13,7,0,1.0802166,274.84583,1.09938332,0.21,0.14159183,13.9,96,265,3
4526,2,14,7,0,0.58288336,164.6625,0.65865,0.21,0.1397262,13.9,96,304,2
4527,2,15,7,0,0.3008,81.5,0.326,0.21,0.1447896,13.9,96,225,1
4528,2,16,7,0,0.98548335,22.7625,0.09105,0.5,0.15319951,13.9,96,88,0
4529,2,17,7,0,1.25865,1.8583333,0.0074333332,0.5,0.15633391,13.9,96,37,0
4530,2,18,7,0,0.84653336,0,0,0.5,0.16309804,14.4,93,8,0
4531,2,19,7,0,1.07005,0,0,0.5,0.15292022,14.4,93,0,0
4532,2,20,7,0,1.9655167,0,0,0.5,0.14455943,14.4,96,0,0
4533,2,21,7,0,1.2434334,0,0,0.21,0.13873304,14.4,96,0,0
4534,2,22,7,0,1.3947166,0,0,0.21,0.12422649,14.4,96,0,0
4535,2,23,7,0,1.2992333,0,0,0.21,0.1265251,14.4,96,0,0
4536,2,24,7,0,0.9129417,0,0,0.21,0.13001959,15,93,0,0
4537,2,1,1,0,1.2044166,0,0,0.21,0.13961998,14.4,96,0,0
4538,2,2,1,0,1.2168,0,0,0.21,0.13475531,14.4,96,0,0
4539,2,3,1,0,1.1580666,0,0,0.21,0.13938358,14.4,96,0,0
4540,2,4,1,0,1.9816834,0,0,0.21,0.14446841,14.4,100,0,0
4541,2,5,1,0,1.6377833,0,0,0.21,0.16111666,14.4,100,0,0
4542,2,6,1,0,1.6972,0,0,0.21,0.1886535,14.4,100,0,0
4543,2,7,1,0,1.0413166,0,0,0.21,0.1848916,15,100,2,0
4544,2,8,1,0,1.5953333,25.7,0.1028,0.21,0.18194261,15,100,31,0
4545,2,9,1,0,1.2056834,35.716667,0.142866668,0.21,0.18165146,15.6,100,153,4
4546,2,10,1,0,1.4434167,65.270836,0.261083344,0.21,0.17132273,16.1,97,359,269
4547,2,11,1,0,1.2823666,118.245834,0.472983336,0.21,0.16603117,17.2,87,309,117
4548,2,12,1,0,1.5352334,166.6375,0.66655,0.21,0.1672972,17.2,87,383,111
4549,2,13,1,0,1.342,109.245834,0.436983336,0.21,0.16908583,17.2,81,590,556
4550,2,14,1,0,1.1101667,74.058334,0.296233336,0.21,0.17082033,17.2,81,403,250
4551,2,15,1,0,1.4367833,78.175,0.3127,0.21,0.17227437,17.2,81,228,15
4552,2,16,1,0,1.0327,35.054165,0.14021666,0.5,0.18116188,16.7,87,200,174
4553,2,17,1,0,1.7719333,0,0,0.5,0.18920518,16.7,81,93,125
4554,2,18,1,0,1.1331583,0,0,0.5,0.19798453,16.1,87,15,30
4555,2,19,1,0,1.2665,0,0,0.5,0.19716084,15.6,90,0,0
4556,2,20,1,0,2.1871333,0,0,0.5,0.1896496,15,90,0,0
4557,2,21,1,0,2.6612,0,0,0.21,0.17456229,15,93,0,0
4558,2,22,1,0,1.3653333,0,0,0.21,0.15920997,15,97,0,0
4559,2,23,1,0,0.8973889,0,0,0.21,0.1469035,15,97,0,0
4560,2,24,1,0,0.5612083,0,0,0.21,0.14093365,12.8,93,0,0
4561,2,1,2,0,0.8381,0,0,0.21,0.13959314,14.4,96,0,0
4562,2,2,2,0,1.225,0,0,0.21,0.13995461,14.4,96,0,0
4563,2,3,2,0,0.38176668,0,0,0.21,0.13763905,14.4,96,0,0
4564,2,4,2,0,1.2748166,0,0,0.21,0.13542515,14.4,96,0,0
4565,2,5,2,0,1.1762167,0,0,0.21,0.14772253,14.4,96,0,0
4566,2,6,2,0,0.90721667,0,0,0.21,0.16277665,14.4,96,0,0
4567,2,7,2,0,2.2466,17.975,0.0719,0.21,0.16563673,14.4,96,1,0
4568,2,8,2,0,1.0754334,79.02917,0.31611668,0.21,0.16390775,14.4,96,50,53
4569,2,9,2,0,1.0348667,183.875,0.7355,0.21,0.1681316,16.1,90,115,40
4570,2,10,2,0,1.4399667,101.25833,0.40503332,0.21,0.16855477,16.1,87,225,2
4571,2,11,2,0,1.8166167,146.69167,0.58676668,0.21,0.16778132,16.7,81,215,5
4572,2,12,2,0,1.1102166,148.84166,0.59536664,0.21,0.17145157,16.7,81,148,19
4573,2,13,2,0,0.95488334,151.78334,0.60713336,0.21,0.17224336,15,90,222,7
4574,2,14,2,0,0.8930167,103.225,0.4129,0.21,0.17373063,15,93,143,2
4575,2,15,2,0,1.3616667,14.083333,0.056333332,0.21,0.17141828,14.4,93,147,2
4576,2,16,2,0,1.1478,0,0,0.5,0.1739076,14.4,93,93,5
4577,2,17,2,0,0.9887,0,0,0.5,0.18125351,14.4,93,38,2
4578,2,18,2,0,0.95498335,0,0,0.5,0.17911613,14.4,93,12,0
4579,2,19,2,0,0.5846,0,0,0.5,0.17218225,14.4,93,0,0
4580,2,20,2,0,0.9375833,0,0,0.5,0.16878527,14.4,93,0,0
4581,2,21,2,0,0.77201664,0,0,0.21,0.15149172,14.4,90,0,0
4582,2,22,2,0,1.0532167,0,0,0.21,0.12714504,14.4,90,0,0
4583,2,23,2,0,2.574,0,0,0.21,0.12225852,13.9,90,0,0
4584,2,24,2,0,0.68616664,0,0,0.21,0.13415092,12.2,100,0,0
4585,2,1,3,0,1.1547,0,0,0.21,0.13872193,11.7,96,0,0
4586,2,2,3,0,0.52951664,0,0,0.21,0.13213459,11.7,96,0,0
4587,2,3,3,0,1.1181667,0,0,0.21,0.11944389,11.1,96,0,0
4588,2,4,3,0,1.262,0,0,0.21,0.11918912,10.6,96,0,0
4589,2,5,3,0,1.4289,0,0,0.21,0.13048436,10.6,100,0,0
4590,2,6,3,0,0.51405,0,0,0.21,0.14286785,11.1,96,0,0
4591,2,7,3,0,1.4208667,0,0,0.21,0.15416005,10.6,96,0,0
4592,2,8,3,0,0.8803667,132.8625,0.53145,0.21,0.15817115,11.1,100,60,94
4593,2,9,3,0,1.57605,381.18332,1.52473328,0.21,0.15740429,12.8,93,194,232
4594,2,10,3,0,0.8827,233.32083,0.93328332,0.21,0.15975542,15.6,78,371,377
4595,2,11,3,0,0.7194167,202.89583,0.81158332,0.21,0.16114011,16.1,75,484,431
4596,2,12,3,0,0.79831666,224.08333,0.89633332,0.21,0.1613565,17.8,65,518,361
4597,2,13,3,0,1.2750584,345.3625,1.38145,0.21,0.1549562,17.8,61,268,1
4598,2,14,3,0,1.1338167,317.59167,1.27036668,0.21,0.156499,18.3,65,388,74
4599,2,15,3,0,0.64661664,197.49167,0.78996668,0.21,0.16193585,18.3,61,166,2
4600,2,16,3,0,0.17651668,72.65417,0.29061668,0.5,0.16928735,17.2,60,138,6
4601,2,17,3,0,0.044533398,3.0541666,0.0122166664,0.5,0.1813877,15,51,27,0
4602,2,18,3,0,1.001358e-07,0,0,0.5,0.1890307,13.3,80,10,0
4603,2,19,3,0,0.3213834,0,0,0.5,0.18505064,12.8,86,0,0
4604,2,20,3,0,0.68685,0,0,0.5,0.18055955,12.2,90,0,0
4605,2,21,3,0,0.74366665,0,0,0.21,0.17585377,12.2,93,0,0
4606,2,22,3,0,0.6104,0,0,0.21,0.16407913,12.2,93,0,0
4607,2,23,3,0,0.7791167,0,0,0.21,0.15675433,12.2,96,0,0
4608,2,24,3,0,0.7554833,0,0,0.21,0.14754839,15.6,93,0,0
4609,2,1,4,0,0.5364,0,0,0.21,0.1443112,12.8,100,0,0
4610,2,2,4,0,0.22935,0,0,0.21,0.14486605,15.6,100,0,0
4611,2,3,4,0,0.71358335,0,0,0.21,0.146155,15.6,100,0,0
4612,2,4,4,0,0.45588332,0,0,0.21,0.15175532,15,97,0,0
4613,2,5,4,0,0.9033667,0,0,0.21,0.16523793,15,93,0,0
4614,2,6,4,0,0.66261667,0,0,0.21,0.17662741,15,93,0,0
4615,2,7,4,0,2.0049584,231.08125,0.924325,0.21,0.17826334,14.4,96,2,0
4616,2,8,4,0,1.6921166,445.825,1.7833,0.21,0.1798815,14.4,100,28,3
4617,2,9,4,0,2.2667334,597.8542,2.3914168,0.21,0.1824848,15,97,89,0
4618,2,10,4,0,2.1072834,636.8417,2.5473668,0.21,0.1752061,16.1,93,206,3
4619,2,11,4,0,1.03905,646.9,2.5876,0.21,0.17987087,16.7,90,161,1
4620,2,12,4,0,1.0143,574.2083,2.2968332,0.21,0.17357521,16.7,90,312,0
4621,2,13,4,0,0.73178333,514.7208,2.0588832,0.21,0.17065841,16.7,90,328,2
4622,2,14,4,0,0.020050095,400.13333,1.60053332,0.21,0.17160617,17.2,87,322,1
4623,2,15,4,0,0.31516665,167.14583,0.66858332,0.21,0.17226797,17.2,81,138,0
4624,2,16,4,0,0.36628336,73.53333,0.29413332,0.5,0.17595883,16.7,84,94,1
4625,2,17,4,0,0.15018336,1.3416667,0.0053666668,0.5,0.18123394,16.7,84,46,1
4626,2,18,4,0,1.001358e-07,0,0,0.5,0.1923729,16.1,87,9,0
4627,2,19,4,0,0.4067334,0,0,0.5,0.19027184,16.1,90,0,0
4628,2,20,4,0,0.80988336,0,0,0.5,0.18899533,15.6,90,0,0
4629,2,21,4,0,0.8092167,0,0,0.21,0.17932957,15.6,90,0,0
4630,2,22,4,0,2.5029666,0,0,0.21,0.17099711,15.6,90,0,0
4631,2,23,4,0,1.68135,0,0,0.21,0.16458714,15.6,93,0,0
4632,2,24,4,0,0.8504583,0,0,0.21,0.16447823,10.6,66,0,0
4633,2,1,5,0,0.8501833,0,0,0.21,0.16489644,15.6,93,0,0
4634,2,2,5,0,0.47528332,0,0,0.21,0.16282448,15,90,0,0
4635,2,3,5,0,0.44131666,0,0,0.21,0.1661742,15,90,0,0
4636,2,4,5,0,0.52839583,0,0,0.21,0.17107368,15,90,0,0
4637,2,5,5,0,0.47221667,0,0,0.21,0.17077258,15,97,0,0
4638,2,6,5,0,0.6848,0,0,0.21,0.17848438,15,87,0,0
4639,2,7,5,0,1.3988833,0,0,0.21,0.17556241,12.8,80,0,0
4640,2,8,5,0,1.28845,264.6375,1.05855,0.21,0.17763773,12.8,75,61,53
4641,2,9,5,0,1.2625834,272.82916,1.09131664,0.21,0.17973064,12.2,75,217,274
4642,2,10,5,0,0.66945,194.52916,0.77811664,0.21,0.17947336,13.3,69,405,434
4643,2,11,5,0,0.59705,186.23334,0.74493336,0.21,0.1828662,13.9,67,545,480
4644,2,12,5,0,0.58625,188.69583,0.75478332,0.21,0.18298939,13.9,67,444,159
4645,2,13,5,0,0.63585,181.9,0.7276,0.21,0.18182647,13.9,67,591,476
4646,2,14,5,0,0.49925,167.96666,0.67186664,0.21,0.18222396,13.9,67,500,497
4647,2,15,5,0,0.42951667,126.129166,0.504516664,0.21,0.17896038,13.9,67,438,483
4648,2,16,5,0,0.05903338,19.175,0.0767,0.5,0.17940271,13.9,62,285,480
4649,2,17,5,0,0.6367667,0,0,0.5,0.18339737,13.3,62,111,211
4650,2,18,5,0,0.47463334,0,0,0.5,0.18478604,12.8,62,12,11
4651,2,19,5,0,0.7114,0,0,0.5,0.18609059,12.2,59,0,0
4652,2,20,5,0,0.7432333,0,0,0.5,0.18086544,12.2,62,0,0
4653,2,21,5,0,0.88385,0,0,0.21,0.17006382,11.7,62,0,0
4654,2,22,5,0,0.95638335,0,0,0.21,0.16144706,11.7,59,0,0
4655,2,23,5,0,1.0427333,0,0,0.21,0.15447336,11.7,59,0,0
4656,2,24,5,0,1.7679917,0,0,0.21,0.13194537,10.6,50,0,0
4657,2,1,6,0,1.3763167,0,0,0.21,0.13233846,10,64,0,0
4658,2,2,6,0,1.0750333,0,0,0.21,0.13295716,9.4,69,0,0
4659,2,3,6,0,0.77115,0,0,0.21,0.13073796,8.3,74,0,0
4660,2,4,6,0,0.48311666,0,0,0.21,0.13228086,7.2,86,0,0
4661,2,5,6,0,0.96611667,0,0,0.21,0.13466322,7.8,83,0,0
4662,2,6,6,0,0.48048332,0,0,0.21,0.13380164,7.8,83,0,0
4663,2,7,6,0,1.7619667,5.758333,0.023033332,0.21,0.13249055,6.7,89,5,2
4664,2,8,6,0,0.94701666,33.329166,0.133316664,0.21,0.13840453,8.9,80,40,9
4665,2,9,6,0,1.34545,173.7,0.6948,0.21,0.14654574,10,77,221,317
4666,2,10,6,0,1.52865,370.32916,1.48131664,0.21,0.15481386,11.7,69,429,524
4667,2,11,6,0,1.1655667,419.2625,1.67705,0.21,0.1520356,12.8,64,582,747
4668,2,12,6,0,0.64086664,179.125,0.7165,0.21,0.15036906,13.3,64,602,667
4669,2,13,6,0,1.4060833,326.55832,1.30623328,0.21,0.14828481,13.3,67,655,706
4670,2,14,6,0,1.4451833,361.82083,1.44728332,0.21,0.14900063,13.9,60,427,345
4671,2,15,6,0,0.92683333,248.4375,0.99375,0.21,0.15019166,13.9,55,335,286
4672,2,16,6,0,0.12513335,64.24167,0.25696668,0.5,0.15534423,13.9,57,233,181
4673,2,17,6,0,0.014266755,1.95,0.0078,0.5,0.16776371,14.4,53,89,122
4674,2,18,6,0,0.60041666,0,0,0.5,0.17573196,13.9,42,19,25
4675,2,19,6,0,1.4352666,0,0,0.5,0.1741886,12.8,40,0,0
4676,2,20,6,0,1.5229,0,0,0.5,0.16843103,12.8,40,0,0
4677,2,21,6,0,1.70955,0,0,0.21,0.15244722,11.7,45,0,0
4678,2,22,6,0,1.5238167,0,0,0.21,0.14136998,11.7,45,0,0
4679,2,23,6,0,1.0784,0,0,0.21,0.12863351,11.1,47,0,0
4680,2,24,6,0,1.2540333,0,0,0.21,0.13068001,11.7,96,0,0
4681,2,1,7,0,0.75333333,0,0,0.21,0.12765399,10.6,46,0,0
4682,2,2,7,0,0.84851664,0,0,0.21,0.12906213,10,48,0,0
4683,2,3,7,0,0.76905,0,0,0.21,0.12927465,7.8,63,0,0
4684,2,4,7,0,1.0552833,0,0,0.21,0.13144137,7.2,68,0,0
4685,2,5,7,0,1.1174,0,0,0.21,0.12750861,7.8,68,0,0
4686,2,6,7,0,0.49958333,0,0,0.21,0.13055778,7.2,71,0,0
4687,2,7,7,0,2.1117,200.775,0.8031,0.21,0.12722877,8.3,66,5,5
4688,2,8,7,0,1.8706833,345.31668,1.38126672,0.21,0.13402842,7.8,68,90,261
4689,2,9,7,0,2.1483,588.8875,2.35555,0.21,0.13936196,10,69,157,83
4690,2,10,7,0,2.5835166,713.7833,2.8551332,0.21,0.14340338,11.7,64,247,71
4691,2,11,7,0,0.9762667,731.44586,2.92578344,0.21,0.15054403,13.3,67,283,27
4692,2,12,7,0,0.9999833,691.80835,2.7672334,0.21,0.15586556,12.8,69,326,8
4693,2,13,7,0,0.8597,597.65,2.3906,0.21,0.15584065,12.8,72,166,21
4694,2,14,7,0,0.44080007,449.99582,1.79998328,0.21,0.15400799,12.2,86,203,1
4695,2,15,7,0,0.7002,255.9625,1.02385,0.21,0.14907226,11.7,93,132,3
4696,2,16,7,0,0.0008667651,63.620834,0.254483336,0.5,0.14894612,11.7,93,94,4
4697,2,17,7,0,0.07518337,0.9,0.0036,0.5,0.15444303,11.1,90,37,1
4698,2,18,7,0,0.14476669,0,0,0.5,0.15927099,10.6,93,10,0
4699,2,19,7,0,0.084250025,0,0,0.5,0.15731005,10.6,100,0,0
4700,2,20,7,0,0.7260167,0,0,0.5,0.15609111,11.1,96,0,0
4701,2,21,7,0,0.79906666,0,0,0.21,0.15513165,11.1,93,0,0
4702,2,22,7,0,1.0228833,0,0,0.21,0.14189635,11.1,96,0,0
4703,2,23,7,0,1.5216334,0,0,0.21,0.13415226,11.1,96,0,0
4704,2,24,7,0,0.9648917,0,0,0.21,0.13933067,10.6,80,0,0
4705,2,1,1,0,1.8722334,0,0,0.21,0.13775791,11.1,90,0,0
4706,2,2,1,0,1.0567334,0,0,0.21,0.13640118,10.6,93,0,0
4707,2,3,1,0,0.55646664,0,0,0.21,0.13420047,9.4,93,0,0
4708,2,4,1,0,0.82596666,0,0,0.21,0.13759212,9.4,100,0,0
4709,2,5,1,0,0.50416666,0,0,0.21,0.140874,9.4,100,0,0
4710,2,6,1,0,0.9716333,0,0,0.21,0.15617725,9.4,93,0,0
4711,2,7,1,0,1.6807834,250.02083,1.00008332,0.21,0.16353054,9.4,93,4,6
4712,2,8,1,0,2.0279,467.16666,1.86866664,0.21,0.16239558,9.4,96,24,3
4713,2,9,1,0,2.36935,612.5208,2.4500832,0.21,0.16033992,10,93,176,74
4714,2,10,1,0,1.6241333,690.7,2.7628,0.21,0.15940693,11.7,86,399,285
4715,2,11,1,0,0.5541667,691.275,2.7651,0.21,0.16041662,12.2,86,566,537
4716,2,12,1,0,0.44865,659.7708,2.6390832,0.21,0.16417935,13.9,78,525,472
4717,2,13,1,0,0.29818338,450.25418,1.80101672,0.21,0.1629482,14.4,81,650,736
4718,2,14,1,0,0.91658336,429.7125,1.71885,0.21,0.16302516,14.4,75,396,244
4719,2,15,1,0,0.60608333,252.13333,1.00853332,0.21,0.16180913,15,72,246,139
4720,2,16,1,0,0.2892,45.383335,0.18153334,0.5,0.16382846,14.4,70,205,212
4721,2,17,1,0,0.26866668,0,0,0.5,0.17666763,14.4,65,159,493
4722,2,18,1,0,0.31866667,0,0,0.5,0.18770316,13.9,69,23,56
4723,2,19,1,0,0.32651666,0,0,0.5,0.18324624,13.3,72,0,0
4724,2,20,1,0,0.5869833,0,0,0.5,0.18277135,13.3,67,0,0
4725,2,21,1,0,1.3771666,0,0,0.21,0.18255284,12.8,69,0,0
4726,2,22,1,0,1.3015833,0,0,0.21,0.16909483,11.7,77,0,0
4727,2,23,1,0,1.1553,0,0,0.21,0.16165148,11.7,77,0,0
4728,2,24,1,0,1.0849667,0,0,0.21,0.1587282,11.7,62,0,0
4729,2,1,2,0,0.6292667,0,0,0.21,0.15461816,10,77,0,0
4730,2,2,2,0,0.59506667,0,0,0.21,0.15539065,10,71,0,0
4731,2,3,2,0,0.48691666,0,0,0.21,0.1537576,8.3,83,0,0
4732,2,4,2,0,0.41935,0,0,0.21,0.15744689,8.3,83,0,0
4733,2,5,2,0,0.32318333,0,0,0.21,0.1666894,7.2,83,0,0
4734,2,6,2,0,0.48463333,0,0,0.21,0.17543584,6.7,89,0,0
4735,2,7,2,0,1.6467167,50.508335,0.20203334,0.21,0.17475945,7.2,86,7,4
4736,2,8,2,0,1.5808333,219.70416,0.87881664,0.21,0.1675329,9.4,80,91,262
4737,2,9,2,0,2.5890667,698.57086,2.79428344,0.21,0.16915642,10.6,83,277,556
4738,2,10,2,0,2.8122833,723.61664,2.89446656,0.21,0.17187615,13.3,67,463,698
4739,2,11,2,0,1.0672166,705.19586,2.82078344,0.21,0.16940585,14.4,62,599,763
4740,2,12,2,0,0.54141665,670.82916,2.68331664,0.21,0.16355152,15.6,58,682,803
4741,2,13,2,0,0.44898334,589.625,2.3585,0.21,0.15757051,15.6,62,690,803
4742,2,14,2,0,0.7206667,452.8,1.8112,0.21,0.15426885,15.6,60,628,778
4743,2,15,2,0,0.69098336,261.03333,1.04413332,0.21,0.15907843,16.1,58,506,702
4744,2,16,2,0,0.059233397,64.975,0.2599,0.5,0.16142704,16.1,63,331,586
4745,2,17,2,0,0.00020009841,0.87916666,0.00351666664,0.5,0.16665706,15.6,60,136,361
4746,2,18,2,0,0.0040834183,0,0,0.5,0.1736571,15,62,22,28
4747,2,19,2,0,1.001358e-07,0,0,0.5,0.17145534,15,44,0,0
4748,2,20,2,0,0.23083338,0,0,0.5,0.16816567,14.4,44,0,0
4749,2,21,2,0,0.4721,0,0,0.21,0.1624407,13.9,46,0,0
4750,2,22,2,0,0.94421667,0,0,0.21,0.14458911,12.8,51,0,0
4751,2,23,2,0,0.7105333,0,0,0.21,0.14096637,12.2,57,0,0
4752,2,24,2,0,0.66695833,0,0,0.21,0.14691563,13.3,44,0,0
4753,2,1,3,0,0.5962167,0,0,0.21,0.14991675,11.1,61,0,0
4754,2,2,3,0,0.67005,0,0,0.21,0.14979807,10,66,0,0
4755,2,3,3,0,0.541,0,0,0.21,0.1502159,8.9,71,0,0
4756,2,4,3,0,0.25793332,0,0,0.21,0.14990124,8.3,74,0,0
4757,2,5,3,0,0.8114,0,0,0.21,0.15676984,8.3,77,0,0
4758,2,6,3,0,0.15886669,0,0,0.21,0.1693887,8.9,71,0,0
4759,2,7,3,0,2.3995166,268.50418,1.07401672,0.21,0.17359349,8.9,71,11,25
4760,2,8,3,0,2.02205,492.43332,1.96973328,0.21,0.1665385,10.6,66,96,271
4761,2,9,3,0,2.35135,624.88336,2.49953344,0.21,0.15970528,12.8,69,196,335
4762,2,10,3,0,1.325,703.2125,2.81285,0.21,0.15668814,14.4,67,456,721
4763,2,11,3,0,0.5603667,661.94586,2.64778344,0.21,0.15802531,15.6,62,633,893
4764,2,12,3,0,0.57091665,658.0375,2.63215,0.21,0.15304917,15.6,62,706,898
4765,2,13,3,0,0.20510001,567.9792,2.2719168,0.21,0.15515782,15.6,62,716,903
4766,2,14,3,0,1.1114666,425.675,1.7027,0.21,0.15529494,15.6,62,658,908
4767,2,15,3,0,0.5548,249.33333,0.99733332,0.21,0.1629427,15.6,62,537,867
4768,2,16,3,0,0.10423338,62.083332,0.248333328,0.5,0.16390032,15.6,65,361,777
4769,2,17,3,0,0.024366735,0,0,0.5,0.17118695,15,70,114,133
4770,2,18,3,0,1.001358e-07,0,0,0.5,0.17341475,14.4,78,26,75
4771,2,19,3,0,0.061833426,0,0,0.5,0.17154539,13.3,83,0,0
4772,2,20,3,0,0.6742,0,0,0.5,0.17129041,13.3,87,0,0
4773,2,21,3,0,1.1073834,0,0,0.21,0.17473441,13.3,47,0,0
4774,2,22,3,0,0.87413335,0,0,0.21,0.16686341,13.3,45,0,0
4775,2,23,3,0,0.6300167,0,0,0.21,0.15503329,13.3,47,0,0
4776,2,24,3,0,0.26328334,0,0,0.21,0.15316945,12.8,53,0,0
4777,2,1,4,0,0.28351668,0,0,0.21,0.15250544,12.8,45,0,0
4778,2,2,4,0,0.26351666,0,0,0.21,0.15029317,12.8,43,0,0
4779,2,3,4,0,0.23291667,0,0,0.21,0.1518711,12.8,43,0,0
4780,2,4,4,0,0.43951666,0,0,0.21,0.15101355,12.2,47,0,0
4781,2,5,4,0,0.31769165,0,0,0.21,0.16021425,11.7,49,0,0
4782,2,6,4,0,0.8063834,0,0,0.21,0.1699563,11.7,45,0,0
4783,2,7,4,0,1.1953167,248.85834,0.99543336,0.21,0.17472887,11.1,47,9,10
4784,2,8,4,0,1.6411166,433.68332,1.73473328,0.21,0.17562066,11.7,49,93,278
4785,2,9,4,0,2.0241168,532.4042,2.1296168,0.21,0.17578083,13.9,44,280,552
4786,2,10,4,0,1.4548,687.13336,2.74853344,0.21,0.17427719,15,39,480,734
4787,2,11,4,0,0.43186668,602.8458,2.4113832,0.21,0.17243296,17.2,33,613,794
4788,2,12,4,0,0.28545004,429.475,1.7179,0.21,0.16999966,17.8,28,707,848
4789,2,13,4,0,0.006766748,372.8625,1.49145,0.21,0.16788383,18.9,25,685,787
4790,2,14,4,0,0.67801666,369.92917,1.47971668,0.21,0.16575618,18.9,39,639,799
4791,2,15,4,0,0.87815,215.04584,0.86018336,0.21,0.16443934,17.8,40,507,705
4792,2,16,4,0,0.26193333,64.15833,0.25663332,0.5,0.16610341,16.1,56,329,494
4793,2,17,4,0,0.19538334,5.420833,0.021683332,0.5,0.17093068,15.6,54,149,398
4794,2,18,4,0,0.23086667,0,0,0.5,0.17585737,14.4,58,25,47
4795,2,19,4,0,0.31978333,0,0,0.5,0.17689763,14.4,72,0,0
4796,2,20,4,0,0.6759833,0,0,0.5,0.17532906,14.4,72,0,0
4797,2,21,4,0,1.90845,0,0,0.21,0.17259687,13.9,60,0,0
4798,2,22,4,0,1.2214,0,0,0.21,0.15983625,13.3,47,0,0
4799,2,23,4,0,0.6423,0,0,0.21,0.14930801,12.8,51,0,0
4800,2,24,4,0,0.29660833,0,0,0.21,0.1456687,13.3,53,0,0
4801,2,1,5,0,0.28841665,0,0,0.21,0.146571,12.8,53,0,0
4802,2,2,5,0,0.35708332,0,0,0.21,0.14609021,10,69,0,0
4803,2,3,5,0,0.4702,0,0,0.21,0.14397477,9.4,74,0,0
4804,2,4,5,0,1.09465,0,0,0.21,0.14541808,10,69,0,0
4805,2,5,5,0,1.0521834,0,0,0.21,0.15725799,9.4,71,0,0
4806,2,6,5,0,0.7909167,0,0,0.21,0.16691068,8.9,74,0,0
4807,2,7,5,0,1.4362667,68.46667,0.27386668,0.21,0.17638542,10,69,11,29
4808,2,8,5,0,0.8364,88.4875,0.35395,0.21,0.17075518,11.1,66,114,437
4809,2,9,5,0,1.025,66.4375,0.26575,0.21,0.16985711,13.3,55,314,707
4810,2,10,5,0,0.62663335,85.92083,0.34368332,0.21,0.16928531,16.1,41,503,825
4811,2,11,5,0,0.9315,55.758335,0.22303334,0.21,0.1645,17.8,37,644,883
4812,2,12,5,0,0.90611666,22.341667,0.089366668,0.21,0.16199355,18.3,50,712,893
4813,2,13,5,0,1.51685,13.3,0.0532,0.21,0.16134164,18.3,45,725,901
4814,2,14,5,0,1.31685,15.8875,0.06355,0.21,0.16090867,18.3,52,664,881
4815,2,15,5,0,1.7668166,0,0,0.21,0.16306953,17.8,63,502,702
4816,2,16,5,0,1.0970666,0,0,0.5,0.16711071,17.2,68,285,240
4817,2,17,5,0,1.20585,0,0,0.5,0.17291208,16.7,65,141,263
4818,2,18,5,0,1.7768,0,0,0.5,0.17909065,15.6,65,29,82
4819,2,19,5,0,1.6605,0,0,0.5,0.17330128,16.1,43,0,0
4820,2,20,5,0,1.25635,0,0,0.5,0.17429627,15.6,62,0,0
4821,2,21,5,0,2.19205,0,0,0.21,0.16089618,15,65,0,0
4822,2,22,5,0,1.997,0,0,0.21,0.13983415,14.4,62,0,0
4823,2,23,5,0,0.7643,0,0,0.21,0.137464,13.9,51,0,0
4824,2,24,5,0,0.9301083,0,0,0.21,0.118715495,12.2,80,0,0
4825,2,1,6,0,1.00515,0,0,0.21,0.1192095,11.7,64,0,0
4826,2,2,6,0,1.7074333,0,0,0.21,0.120227255,11.1,61,0,0
4827,2,3,6,0,1.7097167,0,0,0.21,0.11708533,10.6,57,0,0
4828,2,4,6,0,1.8250166,0,0,0.21,0.123214304,10,57,0,0
4829,2,5,6,0,2.0742834,0,0,0.21,0.12197945,10,57,0,0
4830,2,6,6,0,0.9241667,0,0,0.21,0.12343778,10,54,0,0
4831,2,7,6,0,2.33255,7.858333,0.031433332,0.21,0.13008939,9.4,59,12,22
4832,2,8,6,0,1.77535,86.70417,0.34681668,0.21,0.1403916,12.2,49,114,406
4833,2,9,6,0,1.7549833,154.25833,0.61703332,0.21,0.13456984,15,44,313,675
4834,2,10,6,0,1.79945,309.65417,1.23861668,0.21,0.12525858,17.2,35,504,802
4835,2,11,6,0,2.00285,505.85,2.0234,0.21,0.1271861,18.3,37,643,857
4836,2,12,6,0,0.6576667,172.00833,0.68803332,0.21,0.12865853,19.4,35,718,879
4837,2,13,6,0,0.45088333,107.09583,0.42838332,0.21,0.13001189,19.4,36,729,884
4838,2,14,6,0,1.28015,166.56667,0.66626668,0.21,0.12824707,19.4,35,670,846
4839,2,15,6,0,0.81151664,100.02917,0.40011668,0.21,0.12189934,19.4,35,514,660
4840,2,16,6,0,0.72033334,56.9,0.2276,0.5,0.11905559,18.9,36,320,463
4841,2,17,6,0,1.0875,0,0,0.5,0.12562907,16.7,60,129,212
4842,2,18,6,0,1.2258166,0,0,0.5,0.13001575,15.6,62,27,36
4843,2,19,6,0,1.6373833,0,0,0.5,0.12762032,13.9,75,0,0
4844,2,20,6,0,1.4686834,0,0,0.5,0.12792687,13.9,78,0,0
4845,2,21,6,0,1.5825334,0,0,0.21,0.11464768,13.9,80,0,0
4846,2,22,6,0,1.4996834,0,0,0.21,0.11265396,13.3,80,0,0
4847,2,23,6,0,0.607,0,0,0.21,0.105288535,12.8,83,0,0
4848,2,24,6,0,1.2650083,0,0,0.21,0.100046694,13.3,67,0,0
4849,2,1,7,0,1.14775,0,0,0.21,0.11545109,10.6,80,0,0
4850,2,2,7,0,0.20518333,0,0,0.21,0.09618093,10.6,66,0,0
4851,2,3,7,0,0.7754833,0,0,0.21,0.09892547,10.6,66,0,0
4852,2,4,7,0,1.3686833,0,0,0.21,0.108653806,10,69,0,0
4853,2,5,7,0,1.1908667,0,0,0.21,0.10961637,9.4,69,0,0
4854,2,6,7,0,0.75623333,0,0,0.21,0.10934062,9.4,66,0,0
4855,2,7,7,0,2.69835,32.679165,0.13071666,0.21,0.10701124,9.4,63,15,50
4856,2,8,7,0,0.8792167,50.541668,0.202166672,0.21,0.10808633,11.7,66,121,481
4857,2,9,7,0,1.6593666,166.6625,0.66665,0.21,0.10683888,15,48,329,750
4858,2,10,7,0,1.2410333,141.70416,0.56681664,0.21,0.114603154,17.8,43,513,847
4859,2,11,7,0,1.19615,117.4625,0.46985,0.21,0.117581,19.4,39,655,905
4860,2,12,7,0,0.6332833,40.279167,0.161116668,0.21,0.11668053,21.1,32,735,931
4861,2,13,7,0,1.64245,31.258333,0.125033332,0.21,0.10995928,20,45,737,923
4862,2,14,7,0,1.55185,12.3375,0.04935,0.21,0.10885633,18.9,61,675,903
4863,2,15,7,0,1.5947833,8.833333,0.035333332,0.21,0.10931118,18.3,59,551,860
4864,2,16,7,0,1.0150833,12.5875,0.05035,0.5,0.1119278,18.3,59,377,775
4865,2,17,7,0,1.9325666,0,0,0.5,0.118797764,17.8,58,175,586
4866,2,18,7,0,1.344,0,0,0.5,0.12647273,15,72,33,132
4867,2,19,7,0,1.4033667,0,0,0.5,0.13404377,15,62,0,0
4868,2,20,7,0,1.0794166,0,0,0.5,0.12758595,15,62,0,0
4869,2,21,7,0,1.7131166,0,0,0.21,0.12346073,15.6,60,0,0
4870,2,22,7,0,2.7792833,0,0,0.21,0.10682512,14.4,67,0,0
4871,2,23,7,0,1.7587,0,0,0.21,0.10016568,13.9,69,0,0
4872,2,24,7,0,1.4766333,0,0,0.21,0.10122458,13.3,83,0,0
4873,2,1,1,0,0.59705,0,0,0.21,0.09713936,12.8,62,0,0
4874,2,2,1,0,1.1126333,0,0,0.21,0.09677165,12.2,64,0,0
4875,2,3,1,0,1.4116167,0,0,0.21,0.09849985,11.7,66,0,0
4876,2,4,1,0,2.2744167,0,0,0.21,0.09864193,11.1,64,0,0
4877,2,5,1,0,2.2505834,0,0,0.21,0.11214909,10.6,66,0,0
4878,2,6,1,0,1.72025,0,0,0.21,0.12708789,10,69,0,0
4879,2,7,1,0,2.16575,59.995834,0.239983336,0.21,0.13460541,10,71,13,18
4880,2,8,1,0,1.55575,108.48333,0.43393332,0.21,0.14391282,12.8,67,116,365
4881,2,9,1,0,1.4587834,82.05417,0.32821668,0.21,0.1468931,16.1,56,314,635
4882,2,10,1,0,1.8902667,326.025,1.3041,0.21,0.14559712,19.4,39,503,760
4883,2,11,1,0,1.4560167,372.19583,1.48878332,0.21,0.14478327,20.6,36,645,823
4884,2,12,1,0,1.7398833,426.24167,1.70496668,0.21,0.14476372,22.2,44,718,844
4885,2,13,1,0,1.37845,310.45,1.2418,0.21,0.1453171,20.6,66,722,840
4886,2,14,1,0,1.3803667,325.96667,1.30386668,0.21,0.14479554,18.9,70,661,818
4887,2,15,1,0,0.9658833,239.12083,0.95648332,0.21,0.14718184,18.9,65,539,771
4888,2,16,1,0,0.18601668,42.454166,0.169816664,0.5,0.1485846,18.9,51,363,671
4889,2,17,1,0,0.086483374,0,0,0.5,0.15285303,18.3,54,163,454
4890,2,18,1,0,0.18408337,0,0,0.5,0.156774,16.7,60,30,65
4891,2,19,1,0,1.2371167,0,0,0.5,0.15986699,15,78,0,0
4892,2,20,1,0,1.3417,0,0,0.5,0.15883338,15,84,0,0
4893,2,21,1,0,1.2815666,0,0,0.21,0.15093835,15,84,0,0
4894,2,22,1,0,0.6063667,0,0,0.21,0.12672876,14.4,84,0,0
4895,2,23,1,0,0.4137,0,0,0.21,0.118007906,13.9,83,0,0
4896,2,24,1,0,0.36839166,0,0,0.21,0.11758442,14.4,84,0,0
4897,2,1,2,0,0.74548334,0,0,0.21,0.116062894,12.8,86,0,0
4898,2,2,2,0,0.47376665,0,0,0.21,0.11052561,12.2,86,0,0
4899,2,3,2,0,0.953525,0,0,0.21,0.11246277,11.7,83,0,0
4900,2,4,2,0,1.1496333,0,0,0.21,0.11574104,11.7,83,0,0
4901,2,5,2,0,0.8519,0,0,0.21,0.12808064,10.6,80,0,0
4902,2,6,2,0,1.2243,0,0,0.21,0.13909313,10,83,0,0
4903,2,7,2,0,1.6578667,80.520836,0.322083344,0.21,0.1385393,10,80,18,72
4904,2,8,2,0,1.3938167,165.15834,0.66063336,0.21,0.14141819,13.3,69,135,547
4905,2,9,2,0,1.2208166,161.15834,0.64463336,0.21,0.14373259,17.2,58,340,773
4906,2,10,2,0,1.01375,171.81667,0.68726668,0.21,0.14873524,20.6,42,529,874
4907,2,11,2,0,1.44905,350.2625,1.40105,0.21,0.14906484,22.8,37,666,909
4908,2,12,2,0,1.66305,456.6875,1.82675,0.21,0.15063873,20.6,61,736,930
4909,2,13,2,0,1.2052166,341.8375,1.36735,0.21,0.15199843,19.4,70,747,913
4910,2,14,2,0,0.68275,198.1,0.7924,0.21,0.15343748,19.4,59,690,901
4911,2,15,2,0,0.35861668,101.52917,0.40611668,0.21,0.15465575,19.4,66,523,802
4912,2,16,2,0,0.121800005,37.879166,0.151516664,0.5,0.15924048,19.4,66,324,473
4913,2,17,2,0,0.01436673,0,0,0.5,0.16134387,17.8,75,172,448
4914,2,18,2,0,0.17378339,0,0,0.5,0.15889789,16.1,84,35,128
4915,2,19,2,0,1.1446167,0,0,0.5,0.15579472,15.6,84,0,0
4916,2,20,2,0,1.25595,0,0,0.5,0.15779658,15,84,0,0
4917,2,21,2,0,0.9149333,0,0,0.21,0.15118001,15,90,0,0
4918,2,22,2,0,1.3225167,0,0,0.21,0.12695584,15,84,0,0
4919,2,23,2,0,1.5253333,0,0,0.21,0.12161683,14.4,87,0,0
4920,2,24,2,0,1.5240583,0,0,0.21,0.1145005,15,70,0,0
4921,2,1,3,0,0.928,0,0,0.21,0.1169061,15,70,0,0
4922,2,2,3,0,0.6713833,0,0,0.21,0.11578412,14.4,65,0,0
4923,2,3,3,0,0.54823333,0,0,0.21,0.117283694,13.9,64,0,0
4924,2,4,3,0,1.1544666,0,0,0.21,0.1215404,12.8,64,0,0
4925,2,5,3,0,1.1296667,0,0,0.21,0.1365033,12.8,62,0,0
4926,2,6,3,0,1.0140166,0,0,0.21,0.1518764,12.8,57,0,0
4927,2,7,3,0,2.1875668,28.295834,0.113183336,0.21,0.15288119,13.3,53,11,6
4928,2,8,3,0,1.1313833,165.54167,0.66216668,0.21,0.15333357,16.7,48,113,284
4929,2,9,3,0,2.2494333,432.81668,1.73126672,0.21,0.15850247,19.4,42,307,552
4930,2,10,3,0,1.7817333,483.05,1.9322,0.21,0.16005163,21.7,34,500,694
4931,2,11,3,0,2.64085,669.75836,2.67903344,0.21,0.16017136,23.9,32,640,759
4932,2,12,3,0,2.0229833,448.92084,1.79568336,0.21,0.15960574,25.6,29,718,788
4933,2,13,3,0,1.4894,516.2083,2.0648332,0.21,0.15554906,24.4,40,719,779
4934,2,14,3,0,0.60903335,363.3,1.4532,0.21,0.15491739,22.8,41,663,764
4935,2,15,3,0,0.28706667,141.98334,0.56793336,0.21,0.15656239,22.2,38,537,710
4936,2,16,3,0,0.13863339,51.958332,0.207833328,0.5,0.1661961,21.1,49,356,594
4937,2,17,3,0,0.1153834,1.1208333,0.0044833332,0.5,0.16721791,20,55,158,369
4938,2,18,3,0,0.15893336,0,0,0.5,0.16843803,17.8,63,29,38
4939,2,19,3,0,1.39655,0,0,0.5,0.16278921,16.7,65,0,0
4940,2,20,3,0,2.1472666,0,0,0.5,0.16319491,16.7,70,0,0
4941,2,21,3,0,1.5704666,0,0,0.21,0.14880927,15.6,81,0,0
4942,2,22,3,0,1.35185,0,0,0.21,0.122715354,15.6,78,0,0
4943,2,23,3,0,1.3159333,0,0,0.21,0.11940426,15.6,72,0,0
4944,2,24,3,0,1.9460833,0,0,0.21,0.10955856,12.8,90,0,0
4945,2,1,4,0,1.5723833,0,0,0.21,0.109059855,15,65,0,0
4946,2,2,4,0,1.8482333,0,0,0.21,0.11060919,14.4,60,0,0
4947,2,3,4,0,2.0941334,0,0,0.21,0.110978745,14.4,53,0,0
4948,2,4,4,0,2.7221,0,0,0.21,0.11095267,13.3,57,0,0
4949,2,5,4,0,2.828,0,0,0.21,0.11670447,11.7,77,0,0
4950,2,6,4,0,2.4654334,0,0,0.21,0.13420428,11.1,83,0,0
4951,2,7,4,0,2.2996333,297.67917,1.19071668,0.21,0.12956414,12.2,93,11,1
4952,2,8,4,0,2.5515168,520.2917,2.0811668,0.21,0.13291347,13.3,93,108,246
4953,2,9,4,0,2.4229333,649.79584,2.59918336,0.21,0.13561517,14.4,90,292,468
4954,2,10,4,0,2.9403667,725.51666,2.90206664,0.21,0.13401453,16.7,81,477,658
4955,2,11,4,0,2.0743833,735.4,2.9416,0.21,0.13479021,16.7,84,626,757
4956,2,12,4,0,1.3438333,701.875,2.8075,0.21,0.13649547,16.7,84,677,672
4957,2,13,4,0,0.99953336,611.1625,2.44465,0.21,0.13911963,16.1,87,701,764
4958,2,14,4,0,0.19183339,462.75833,1.85103332,0.21,0.13877787,16.1,84,534,433
4959,2,15,4,0,0.006150111,247.48334,0.98993336,0.21,0.13915254,15.6,84,464,422
4960,2,16,4,0,0.26035,65.24167,0.26096668,0.5,0.14095797,15,87,228,200
4961,2,17,4,0,0.13235006,5.0125,0.02005,0.5,0.1423716,13.9,87,98,48
4962,2,18,4,0,0.13845,0,0,0.5,0.14665116,13.3,90,18,0
4963,2,19,4,0,1.0719334,0,0,0.5,0.14632718,12.8,93,0,0
4964,2,20,4,0,1.8954667,0,0,0.5,0.14115982,12.8,93,0,0
4965,2,21,4,0,0.85745,0,0,0.21,0.1329539,12.8,93,0,0
4966,2,22,4,0,1.60575,0,0,0.21,0.108938605,12.8,93,0,0
4967,2,23,4,0,1.59175,0,0,0.21,0.10531677,12.8,93,0,0
4968,2,24,4,0,1.4393417,0,0,0.21,0.1054366,11.7,90,0,0
4969,2,1,5,0,2.1962166,0,0,0.21,0.102498464,12.8,90,0,0
4970,2,2,5,0,2.4063833,0,0,0.21,0.10325389,12.8,90,0,0
4971,2,3,5,0,2.0090334,0,0,0.21,0.10369381,12.8,90,0,0
4972,2,4,5,0,2.8483667,0,0,0.21,0.1068943,12.8,90,0,0
4973,2,5,5,0,2.7725,0,0,0.21,0.11801029,12.8,86,0,0
4974,2,6,5,0,1.8327167,0,0,0.21,0.13846791,12.8,86,0,0
4975,2,7,5,0,3.0628667,299.69583,1.19878332,0.21,0.14404018,12.8,83,11,0
4976,2,8,5,0,2.5655334,538.0292,2.1521168,0.21,0.14356361,12.8,83,50,4
4977,2,9,5,0,2.6261,673.4125,2.69365,0.21,0.14325693,12.8,83,162,5
4978,2,10,5,0,2.89495,744.06665,2.9762666,0.21,0.13939619,13.3,83,210,9
4979,2,11,5,0,2.5321333,745.68335,2.9827334,0.21,0.13765757,15,75,600,550
4980,2,12,5,0,1.3432,690.25,2.761,0.21,0.13467546,15.6,78,401,145
4981,2,13,5,0,0.7121,614.38336,2.45753344,0.21,0.13670668,15.6,78,527,308
4982,2,14,5,0,0.16386674,472.3875,1.88955,0.21,0.13874002,15,81,666,645
4983,2,15,5,0,0.66235006,279.90833,1.11963332,0.21,0.13927025,15,78,468,428
4984,2,16,5,0,0.009066751,79.86667,0.31946668,0.5,0.14186445,14.4,81,302,255
4985,2,17,5,0,0.00305009,4.3708334,0.0174833336,0.5,0.14595944,14.4,75,171,436
4986,2,18,5,0,0.057833422,0,0,0.5,0.15184714,12.8,83,36,105
4987,2,19,5,0,0.044550087,0,0,0.5,0.14759848,12.8,83,0,0
4988,2,20,5,0,0.4309834,0,0,0.5,0.14286311,12.2,86,0,0
4989,2,21,5,0,0.9339,0,0,0.21,0.13331279,12.2,86,0,0
4990,2,22,5,0,0.7996,0,0,0.21,0.115073346,11.7,90,0,0
4991,2,23,5,0,1.4376167,0,0,0.21,0.11448065,11.7,90,0,0
4992,2,24,5,0,1.850325,0,0,0.21,0.10132299,12.8,83,0,0
4993,2,1,6,0,1.4404167,0,0,0.21,0.096893646,11.7,93,0,0
4994,2,2,6,0,1.8086166,0,0,0.21,0.08792141,11.7,93,0,0
4995,2,3,6,0,1.2922,0,0,0.21,0.08507558,11.7,93,0,0
4996,2,4,6,0,2.0713665,0,0,0.21,0.08565065,11.7,93,0,0
4997,2,5,6,0,1.82295,0,0,0.21,0.08802568,11.7,93,0,0
4998,2,6,6,0,1.9130833,0,0,0.21,0.10567316,11.7,93,0,0
4999,2,7,6,0,2.2665834,287.675,1.1507,0.21,0.105536744,12.2,80,19,31
5000,2,8,6,0,2.3831334,497.50418,1.99001672,0.21,0.1069102,12.2,80,133,265
5001,2,9,6,0,2.4738834,616.4875,2.46595,0.21,0.11051189,13.3,78,139,30
5002,2,10,6,0,2.8107,695.4042,2.7816168,0.21,0.10854941,13.9,75,343,73
5003,2,11,6,0,1.0807667,720.3,2.8812,0.21,0.10663953,15,70,331,87
5004,2,12,6,0,0.65573335,708.87915,2.8355166,0.21,0.10495541,15.6,72,572,263
5005,2,13,6,0,1.0276667,484.14166,1.93656664,0.21,0.106043585,16.1,70,484,134
5006,2,14,6,0,0.38186675,325.1625,1.30065,0.21,0.1080818,16.1,70,449,127
5007,2,15,6,0,0.38573334,139.87917,0.55951668,0.21,0.111070275,15.6,72,466,265
5008,2,16,6,0,0.19776668,43.633335,0.17453334,0.5,0.1126552,15,72,173,62
5009,2,17,6,0,0.0612834,4.554167,0.018216668,0.5,0.11701486,14.4,72,88,7
5010,2,18,6,0,0.0005500985,0,0,0.5,0.12474378,13.9,75,24,2
5011,2,19,6,0,0.2945167,0,0,0.5,0.12471723,13.3,80,0,0
5012,2,20,6,0,1.1265833,0,0,0.5,0.1207996,13.3,80,0,0
5013,2,21,6,0,1.0212333,0,0,0.21,0.116468176,13.3,80,0,0
5014,2,22,6,0,1.6435833,0,0,0.21,0.10837103,13.3,80,0,0
5015,2,23,6,0,1.9045,0,0,0.21,0.0975567,12.8,83,0,0
5016,2,24,6,0,0.5677417,0,0,0.21,0.08915053,12.8,93,0,0
5017,2,1,7,0,1.4209334,0,0,0.21,0.08547078,12.8,83,0,0
5018,2,2,7,0,1.2519667,0,0,0.21,0.087213226,12.8,83,0,0
5019,2,3,7,0,1.2220334,0,0,0.21,0.08470239,12.8,83,0,0
5020,2,4,7,0,1.7601334,0,0,0.21,0.08432503,12.8,83,0,0
5021,2,5,7,0,1.2306666,0,0,0.21,0.09086362,12.8,83,0,0
5022,2,6,7,0,1.50345,0,0,0.21,0.1016402,12.8,83,0,0
5023,2,7,7,0,2.6764834,37.995834,0.151983336,0.21,0.098238245,12.8,83,19,0
5024,2,8,7,0,1.3714334,128.675,0.5147,0.21,0.09500109,12.8,83,53,1
5025,2,9,7,0,1.7258,194.78334,0.77913336,0.21,0.10038025,12.8,86,132,4
5026,2,10,7,0,1.7401667,127.84583,0.51138332,0.21,0.102428585,14.4,78,412,258
5027,2,11,7,0,2.0552,370.28333,1.48113332,0.21,0.104803994,15.6,75,269,9
5028,2,12,7,0,0.80913335,233.55833,0.93423332,0.21,0.10265379,16.7,70,243,10
5029,2,13,7,0,1.37675,348.47083,1.39388332,0.21,0.10181978,16.1,72,304,9
5030,2,14,7,0,1.32605,167.3125,0.66925,0.21,0.10612296,15.6,78,293,8
5031,2,15,7,0,1.3808,102.520836,0.410083344,0.21,0.1122429,15,78,246,5
5032,2,16,7,0,1.05215,87.98333,0.35193332,0.5,0.123934515,14.4,78,92,6
5033,2,17,7,0,1.2936,1.75,0.007,0.5,0.1282566,13.9,83,43,2
5034,2,18,7,0,1.2760667,0,0,0.5,0.13465695,13.3,87,14,0
5035,2,19,7,0,2.4632833,0,0,0.5,0.13821378,12.8,90,0,0
5036,2,20,7,0,2.5472167,0,0,0.5,0.13054897,12.8,93,0,0
5037,2,21,7,0,1.74585,0,0,0.21,0.12643494,12.8,90,0,0
5038,2,22,7,0,1.5008667,0,0,0.21,0.113079675,12.8,90,0,0
5039,2,23,7,0,1.3006166,0,0,0.21,0.10396864,12.8,90,0,0
5040,2,24,7,0,0.95544165,0,0,0.21,0.10000522,14.4,93,0,0
5041,2,1,1,0,1.1948,0,0,0.21,0.09640792,12.8,90,0,0
5042,2,2,1,0,1.8527666,0,0,0.21,0.09724211,12.2,96,0,0
5043,2,3,1,0,1.9120667,0,0,0.21,0.0983274,12.2,90,0,0
5044,2,4,1,0,2.5745666,0,0,0.21,0.09635583,12.2,93,0,0
5045,2,5,1,0,1.6228,0,0,0.21,0.10854493,12.2,93,0,0
5046,2,6,1,0,1.5154,0,0,0.21,0.12739469,12.2,93,0,0
5047,2,7,1,0,2.18135,41.708332,0.166833328,0.21,0.1351991,12.2,93,16,0
5048,2,8,1,0,1.7408167,65.88333,0.26353332,0.21,0.13484286,12.2,96,84,0
5049,2,9,1,0,1.7582667,88.65,0.3546,0.21,0.13176282,13.3,90,195,0
5050,2,10,1,0,1.2995167,143.75417,0.57501668,0.21,0.13218905,13.9,83,289,1
5051,2,11,1,0,1.7147833,218.36667,0.87346668,0.21,0.12912044,14.4,81,329,0
5052,2,12,1,0,1.0306333,140.67084,0.56268336,0.21,0.12959151,14.4,81,374,2
5053,2,13,1,0,1.1247333,99.32917,0.39731668,0.21,0.1308091,14.4,81,360,0
5054,2,14,1,0,1.9418666,59.4625,0.23785,0.21,0.13374998,14.4,84,348,1
5055,2,15,1,0,1.9556667,36.883335,0.14753334,0.21,0.13959213,15.6,75,311,0
5056,2,16,1,0,2.04475,6.8416667,0.0273666668,0.5,0.14475371,16.1,72,208,2
5057,2,17,1,0,1.7961,0,0,0.5,0.14874479,16.1,72,121,1
5058,2,18,1,0,1.26155,0,0,0.5,0.15348291,15,87,32,0
5059,2,19,1,0,1.6153333,0,0,0.5,0.15426794,14.4,90,0,0
5060,2,20,1,0,1.6543833,0,0,0.5,0.1530178,14.4,93,0,0
5061,2,21,1,0,1.5634,0,0,0.21,0.14176503,14.4,93,0,0
5062,2,22,1,0,1.4317334,0,0,0.21,0.12526728,14.4,93,0,0
5063,2,23,1,0,1.5273833,0,0,0.21,0.120879345,14.4,93,0,0
5064,2,24,1,0,1.0453416,0,0,0.21,0.098830156,13.5,90,0,0
5065,2,1,2,0,0.7977,0,0,0.21,0.092179835,14.4,93,0,0
5066,2,2,2,0,1.1168833,0,0,0.21,0.08900254,14.4,96,0,0
5067,2,3,2,0,1.2063667,0,0,0.21,0.09201801,13.9,100,0,0
5068,2,4,2,0,1.3280722,0,0,0.21,0.094833665,13.9,100,0,0
5069,2,5,2,0,1.24355,0,0,0.21,0.10849593,14.4,100,0,0
5070,2,6,2,0,1.9337667,0,0,0.21,0.13428552,14.4,100,0,0
5071,2,7,2,0,2.3412833,254.25,1.017,0.21,0.1436229,14.4,100,10,0
5072,2,8,2,0,2.3718333,498.34583,1.99338332,0.21,0.140881,14.4,100,46,1
5073,2,9,2,0,2.24595,581.8417,2.3273668,0.21,0.14161998,15.6,97,113,0
5074,2,10,2,0,2.6199167,796.6667,3.1866668,0.21,0.13554391,17.2,90,254,0
5075,2,11,2,0,1.38465,565.87915,2.2635166,0.21,0.1335304,18.3,87,296,156
5076,2,12,2,0,0.3696667,510.77084,2.04308336,0.21,0.13761169,17.2,93,295,160
5077,2,13,2,0,1.3688667,536.62915,2.1465166,0.21,0.13907504,17.2,93,162,4
5078,2,14,2,0,0.62081665,471.60834,1.88643336,0.21,0.13959289,17.2,90,189,11
5079,2,15,2,0,0.21498337,269.2625,1.07705,0.21,0.13950832,16.7,93,141,7
5080,2,16,2,0,0.012233405,80.25,0.321,0.5,0.14115953,16.1,93,95,0
5081,2,17,2,0,0.0800167,6.241667,0.024966668,0.5,0.14501739,16.1,93,54,2
5082,2,18,2,0,0.07028341,0,0,0.5,0.14909938,15.6,93,15,0
5083,2,19,2,0,0.05958342,0,0,0.5,0.14272176,15.6,93,0,0
5084,2,20,2,0,0.37860006,0,0,0.5,0.1394685,16.1,90,0,0
5085,2,21,2,0,0.8883167,0,0,0.21,0.12482664,16.1,90,0,0
5086,2,22,2,0,1.2557833,0,0,0.21,0.10742931,15.2,84,0,0
5087,2,23,2,0,1.0234667,0,0,0.21,0.103553995,14.4,87,0,0
5088,2,24,2,0,1.3287,0,0,0.21,0.09385992,12.8,77,0,0
5089,3,1,3,0,1.2394167,0,0,0.21,0.08795415,12.6,90,0,0
5090,3,2,3,0,1.2388667,0,0,0.21,0.0954549,11.7,90,0,0
5091,3,3,3,0,1.3242167,0,0,0.21,0.089134894,10.9,90,0,0
5092,3,4,3,0,1.48505,0,0,0.21,0.090621784,10,86,0,0
5093,3,5,3,0,1.35595,0,0,0.21,0.09150422,8.9,86,0,0
5094,3,6,3,0,0.92665005,0,0,0.21,0.10471593,8.3,86,0,0
5095,3,7,3,0,2.5447,332.71667,1.33086668,0.21,0.105751015,8.3,86,22,17
5096,3,8,3,0,2.2818167,546.4583,2.1858332,0.21,0.105657175,9.4,80,152,467
5097,3,9,3,0,2.7567334,691.0125,2.76405,0.21,0.11341466,12.2,59,350,694
5098,3,10,3,0,2.6440666,775.35,3.1014,0.21,0.120761454,15.6,54,525,741
5099,3,11,3,0,1.0754167,790.49164,3.16196656,0.21,0.12208305,16.1,58,689,885
5100,3,12,3,0,0.69383335,749.4042,2.9976168,0.21,0.11960933,16.7,54,752,890
5101,3,13,3,0,0.81188333,652.8,2.6112,0.21,0.115881816,16.1,63,788,930
5102,3,14,3,0,0.64316666,499.95416,1.99981664,0.21,0.12076462,16.1,60,722,909
5103,3,15,3,0,0.001750116,302.34167,1.20936668,0.21,0.12129534,15.6,67,595,867
5104,3,16,3,0,0.11451671,88.20417,0.35281668,0.5,0.1214705,15.6,67,385,716
5105,3,17,3,0,0.027450072,4.1583333,0.0166333332,0.5,0.12907891,15,67,203,463
5106,3,18,3,0,0.000116765135,0,0,0.5,0.12743461,13.9,72,45,47
5107,3,19,3,0,0.20793341,0,0,0.5,0.12649663,13.3,78,0,0
5108,3,20,3,0,1.3378333,0,0,0.5,0.12306634,12.8,77,0,0
5109,3,21,3,0,1.1964,0,0,0.21,0.1118926,13.3,78,0,0
5110,3,22,3,0,0.72761667,0,0,0.21,0.09962246,13.3,78,0,0
5111,3,23,3,0,1.30805,0,0,0.21,0.09908507,13.9,75,0,0
5112,3,24,3,0,0.7092417,0,0,0.21,0.09713589,12.8,80,0,0
5113,3,1,4,0,0.7916667,0,0,0.21,0.0928262,12.8,77,0,0
5114,3,2,4,0,0.96095,0,0,0.21,0.09393702,12.8,77,0,0
5115,3,3,4,0,1.0394833,0,0,0.21,0.09357518,12.8,77,0,0
5116,3,4,4,0,1.3254666,0,0,0.21,0.094971016,12.2,83,0,0
5117,3,5,4,0,1.3055,0,0,0.21,0.10156341,11.7,83,0,0
5118,3,6,4,0,0.62373334,0,0,0.21,0.12217494,12.2,80,0,0
5119,3,7,4,0,2.1261666,344.04166,1.37616664,0.21,0.12550612,12.2,80,14,1
5120,3,8,4,0,2.1816833,557.7208,2.2308832,0.21,0.13076852,12.8,72,61,13
5121,3,9,4,0,2.7565668,703.2625,2.81305,0.21,0.13290977,13.9,62,191,8
5122,3,10,4,0,1.7450167,783.125,3.1325,0.21,0.13439223,15,58,382,87
5123,3,11,4,0,0.85721666,800.9708,3.2038832,0.21,0.13370308,16.7,50,369,96
5124,3,12,4,0,0.4,761.36664,3.04546656,0.21,0.1285433,16.7,54,644,485
5125,3,13,4,0,0.88341665,659.55414,2.63821656,0.21,0.12879758,16.1,56,552,291
5126,3,14,4,0,0.67908335,505.5875,2.02235,0.21,0.13100512,17.2,50,634,548
5127,3,15,4,0,0.36695006,299.07916,1.19631664,0.21,0.13231705,16.1,52,469,276
5128,3,16,4,0,0.2870167,84.25,0.337,0.5,0.13399151,16.1,54,378,525
5129,3,17,4,0,0.013633369,8.229167,0.032916668,0.5,0.14512844,15,62,191,303
5130,3,18,4,0,0.0028000919,0,0,0.5,0.15582983,13.9,64,38,81
5131,3,19,4,0,0.0016167602,0,0,0.5,0.15632959,13.9,67,0,0
5132,3,20,4,0,0.0032000851,0,0,0.5,0.14750464,13.9,67,0,0
5133,3,21,4,0,0.45986667,0,0,0.21,0.13755172,13.9,72,0,0
5134,3,22,4,0,0.494,0,0,0.21,0.12564963,13.3,75,0,0
5135,3,23,4,0,0.79071665,0,0,0.21,0.115303814,13.3,78,0,0
5136,3,24,4,0,0.65421665,0,0,0.21,0.10470369,14.4,84,0,0
5137,3,1,5,0,0.2057,0,0,0.21,0.09674369,12.2,80,0,0
5138,3,2,5,0,0.6026,0,0,0.21,0.09967036,12.2,77,0,0
5139,3,3,5,0,0.6322333,0,0,0.21,0.0984995,11.7,77,0,0
5140,3,4,5,0,0.84433335,0,0,0.21,0.10361312,11.7,74,0,0
5141,3,5,5,0,1.17965,0,0,0.21,0.11643336,11.1,74,0,0
5142,3,6,5,0,0.6717,0,0,0.21,0.13026693,11.1,69,0,0
5143,3,7,5,0,2.0253167,343.74582,1.37498328,0.21,0.14762378,11.7,69,25,57
5144,3,8,5,0,2.2257,551.3458,2.2053832,0.21,0.14583494,14.4,51,151,306
5145,3,9,5,0,2.64275,683.98334,2.73593336,0.21,0.14401387,16.1,46,266,248
5146,3,10,5,0,0.48435,730.82086,2.92328344,0.21,0.13141546,17.8,42,215,1
5147,3,11,5,0,0.47505,735.6625,2.94265,0.21,0.13628957,18.9,45,614,495
5148,3,12,5,0,0.42983332,691.26666,2.76506664,0.21,0.13431014,20.6,42,731,752
5149,3,13,5,0,0.5094333,580.50415,2.3220166,0.21,0.12840275,21.1,44,745,681
5150,3,14,5,0,0.025333432,443.68332,1.77473328,0.21,0.12716101,23.3,40,729,883
5151,3,15,5,0,0.13361676,275.75,1.103,0.21,0.12991461,19.4,51,574,688
5152,3,16,5,0,0.32375,104.26667,0.41706668,0.5,0.13318045,17.8,65,359,556
5153,3,17,5,0,0.034766708,10.745833,0.042983332,0.5,0.14422424,17.2,70,186,294
5154,3,18,5,0,0.00020009847,0,0,0.5,0.15029675,15.6,81,32,70
5155,3,19,5,0,1.001358e-07,0,0,0.5,0.15221407,15,84,0,0
5156,3,20,5,0,1.001358e-07,0,0,0.5,0.15159218,14.4,84,0,0
5157,3,21,5,0,0.4359167,0,0,0.21,0.14699797,14.4,84,0,0
5158,3,22,5,0,0.45558333,0,0,0.21,0.13308549,14.4,84,0,0
5159,3,23,5,0,0.50941664,0,0,0.21,0.13756685,14.4,84,0,0
5160,3,24,5,0,0.76841664,0,0,0.21,0.130541,17.8,47,0,0
5161,3,1,6,0,0.50416666,0,0,0.21,0.13052982,15,70,0,0
5162,3,2,6,0,0.23488334,0,0,0.21,0.12951787,13.3,80,0,0
5163,3,3,6,0,0.22198333,0,0,0.21,0.12610719,13.3,67,0,0
5164,3,4,6,0,0.4568,0,0,0.21,0.1256916,17.2,34,0,0
5165,3,5,6,0,0.46815,0,0,0.21,0.1258249,15,41,0,0
5166,3,6,6,0,0.77886665,0,0,0.21,0.12711072,11.7,66,0,0
5167,3,7,6,0,1.9034166,121.583336,0.486333344,0.21,0.13073769,16.1,37,18,1
5168,3,8,6,0,1.3924,275.3125,1.10125,0.21,0.13537996,16.7,40,68,19
5169,3,9,6,0,2.0068834,491.31668,1.96526672,0.21,0.1372104,19.4,30,156,14
5170,3,10,6,0,2.2447667,577.2083,2.3088332,0.21,0.1359779,21.7,27,297,117
5171,3,11,6,0,1.0484166,740.67084,2.96268336,0.21,0.1331619,25.6,18,343,21
5172,3,12,6,0,0.6185333,657.3458,2.6293832,0.21,0.13289386,27.2,15,312,7
5173,3,13,6,0,0.5514667,516.125,2.0645,0.21,0.13003431,27.2,18,504,277
5174,3,14,6,0,0.0060667624,408.58334,1.63433336,0.21,0.13112049,24.4,25,556,244
5175,3,15,6,0,0.02635008,183.87083,0.73548332,0.21,0.13639183,24.4,18,592,572
5176,3,16,6,0,0.1693,81.92083,0.32768332,0.5,0.14171371,23.9,20,266,210
5177,3,17,6,0,0.013283404,9.441667,0.037766668,0.5,0.15427974,20,42,147,102
5178,3,18,6,0,0.06503342,0,0,0.5,0.16165088,18.9,47,36,11
5179,3,19,6,0,1.001358e-07,0,0,0.5,0.16484122,18.9,40,0,0
5180,3,20,6,0,0.28450003,0,0,0.5,0.16161828,18.9,32,0,0
5181,3,21,6,0,0.5506167,0,0,0.21,0.15483229,18.9,33,0,0
5182,3,22,6,0,0.76715,0,0,0.21,0.13849668,18.9,37,0,0
5183,3,23,6,0,0.5934,0,0,0.21,0.13496473,17.2,56,0,0
5184,3,24,6,0,0.306475,0,0,0.21,0.12989524,15,87,0,0
5185,3,1,7,0,0.61628336,0,0,0.21,0.13226524,17.2,50,0,0
5186,3,2,7,0,0.6107,0,0,0.21,0.12886497,16.1,58,0,0
5187,3,3,7,0,0.60285,0,0,0.21,0.12804604,15.6,70,0,0
5188,3,4,7,0,1.044575,0,0,0.21,0.1303861,15.6,65,0,0
5189,3,5,7,0,1.17835,0,0,0.21,0.13520977,16.1,50,0,0
5190,3,6,7,0,0.96643335,0,0,0.21,0.13659328,16.7,46,0,0
5191,3,7,7,0,2.18795,29.016666,0.116066664,0.21,0.13254665,17.2,48,6,1
5192,3,8,7,0,1.3051167,103.53333,0.41413332,0.21,0.13556395,16.7,70,55,5
5193,3,9,7,0,1.05765,207.22084,0.82888336,0.21,0.1368949,16.7,58,120,16
5194,3,10,7,0,1.4873834,404.85834,1.61943336,0.21,0.13687465,16.7,56,144,7
5195,3,11,7,0,1.3591,382.14166,1.52856664,0.21,0.13338481,17.8,47,267,7
5196,3,12,7,0,0.62511665,150.0625,0.60025,0.21,0.13366163,17.8,52,250,1
5197,3,13,7,0,0.46298334,72.72083,0.29088332,0.21,0.13454305,16.1,63,212,4
5198,3,14,7,0,1.4887,80.57917,0.32231668,0.21,0.13155678,16.7,70,203,5
5199,3,15,7,0,1.61375,95.0625,0.38025,0.21,0.13015088,17.2,70,156,1
5200,3,16,7,0,0.7353167,95.208336,0.380833344,0.5,0.13677011,17.8,70,124,0
5201,3,17,7,0,1.3831,14.108334,0.056433336,0.5,0.15157898,17.2,75,69,0
5202,3,18,7,0,1.6101667,0,0,0.5,0.16150075,16.1,81,17,0
5203,3,19,7,0,2.0680833,0,0,0.5,0.16051637,15.6,84,0,0
5204,3,20,7,0,2.5339334,0,0,0.5,0.15805188,15,87,0,0
5205,3,21,7,0,0.7377833,0,0,0.21,0.14900367,15,90,0,0
5206,3,22,7,0,1.2424166,0,0,0.21,0.13728195,15,90,0,0
5207,3,23,7,0,1.9421667,0,0,0.21,0.13480727,15.6,84,0,0
5208,3,24,7,0,2.3722167,0,0,0.21,0.12268785,13.9,87,0,0
5209,3,1,1,0,1.0315666,0,0,0.21,0.1252729,15,87,0,0
5210,3,2,1,0,1.6122167,0,0,0.21,0.1282877,15,84,0,0
5211,3,3,1,0,1.5135334,0,0,0.21,0.1286725,15.6,81,0,0
5212,3,4,1,0,2.54155,0,0,0.21,0.1310239,15,87,0,0
5213,3,5,1,0,1.5650333,0,0,0.21,0.14357007,14.4,90,0,0
5214,3,6,1,0,1.1638666,0,0,0.21,0.15370719,17.2,65,0,0
5215,3,7,1,0,2.46665,357.3375,1.42935,0.21,0.14882609,15,84,16,0
5216,3,8,1,0,2.5964832,554.5125,2.21805,0.21,0.15044315,14.4,90,56,0
5217,3,9,1,0,2.7883,695.64166,2.78256664,0.21,0.14413656,15.6,81,175,1
5218,3,10,1,0,2.2794666,766.8417,3.0673668,0.21,0.14317197,16.1,78,251,53
5219,3,11,1,0,1.0291333,771.8375,3.08735,0.21,0.13906,18.9,68,365,135
5220,3,12,1,0,0.62771666,728.6375,2.91455,0.21,0.13841023,19.4,57,383,64
5221,3,13,1,0,0.5859333,632.95416,2.53181664,0.21,0.13769624,17.2,75,247,11
5222,3,14,1,0,0.2597834,488.69583,1.95478332,0.21,0.13901484,16.1,78,311,10
5223,3,15,1,0,0.33856675,300.35834,1.20143336,0.21,0.14099608,16.1,78,265,3
5224,3,16,1,0,0.42881668,91.34167,0.36536668,0.5,0.144844,15.6,84,177,3
5225,3,17,1,0,0.1416667,5.8083334,0.0232333336,0.5,0.14743333,15.6,81,77,3
5226,3,18,1,0,0.0074167466,0,0,0.5,0.15276739,15,87,15,5
5227,3,19,1,0,0.056666736,0,0,0.5,0.15011182,14.4,90,0,0
5228,3,20,1,0,0.057933405,0,0,0.5,0.14456616,14.4,90,0,0
5229,3,21,1,0,1.40055,0,0,0.21,0.13283119,14.4,93,0,0
5230,3,22,1,0,1.29845,0,0,0.21,0.12544559,14.4,93,0,0
5231,3,23,1,0,0.7869,0,0,0.21,0.12121558,14.4,90,0,0
5232,3,24,1,0,0.9221917,0,0,0.21,0.106878206,15,78,0,0
5233,3,1,2,0,1.3286,0,0,0.21,0.10625262,13.9,37,0,0
5234,3,2,2,0,1.0502167,0,0,0.21,0.108756036,14.4,90,0,0
5235,3,3,2,0,1.3389333,0,0,0.21,0.105085805,13.9,90,0,0
5236,3,4,2,0,1.2408834,0,0,0.21,0.10686794,13.3,97,0,0
5237,3,5,2,0,1.3893,0,0,0.21,0.11335881,13.3,97,0,0
5238,3,6,2,0,0.9456667,0,0,0.21,0.12448459,14.4,90,0,0
5239,3,7,2,0,2.4477167,355.6625,1.42265,0.21,0.13191621,15,84,13,3
5240,3,8,2,0,2.1611333,558.75415,2.2350166,0.21,0.1361404,15,84,59,7
5241,3,9,2,0,2.5900667,696.3333,2.7853332,0.21,0.14029002,15,81,162,2
5242,3,10,2,0,2.22575,733.05,2.9322,0.21,0.14056279,15,78,262,1
5243,3,11,2,0,0.8786,707.025,2.8281,0.21,0.14036119,15.6,78,291,9
5244,3,12,2,0,0.97541666,689.00836,2.75603344,0.21,0.14077719,14.4,84,329,10
5245,3,13,2,0,1.1207,617.42914,2.46971656,0.21,0.14115265,15,78,383,6
5246,3,14,2,0,0.2448167,491.29166,1.96516664,0.21,0.13906953,16.7,70,686,728
5247,3,15,2,0,0.16080008,299.49084,1.19796336,0.21,0.13768615,16.7,73,576,621
5248,3,16,2,0,0.18418336,90.1375,0.36055,0.5,0.14776273,14.4,81,317,224
5249,3,17,2,0,9.9674864e-08,8.995833,0.035983332,0.5,0.15370905,15.6,78,91,49
5250,3,18,2,0,0.03726673,0,0,0.5,0.15909186,15,78,21,2
5251,3,19,2,0,0.06418334,0,0,0.5,0.15575491,15,78,0,0
5252,3,20,2,0,0.014200065,0,0,0.5,0.14967144,15,81,0,0
5253,3,21,2,0,0.00030009178,0,0,0.21,0.14471804,15,81,0,0
5254,3,22,2,0,0.70603335,0,0,0.21,0.13343221,15,84,0,0
5255,3,23,2,0,0.76455,0,0,0.21,0.12031943,15,84,0,0
5256,3,24,2,0,0.35645,0,0,0.21,0.108280584,13.3,80,0,0
5257,3,1,3,0,0.26248333,0,0,0.21,0.11031547,13.9,84,0,0
5258,3,2,3,0,0.85435,0,0,0.21,0.10869164,13.9,84,0,0
5259,3,3,3,0,1.3341167,0,0,0.21,0.107530735,13.3,83,0,0
5260,3,4,3,0,0.8466833,0,0,0.21,0.10892706,12.2,90,0,0
5261,3,5,3,0,0.59943336,0,0,0.21,0.11000426,12.8,87,0,0
5262,3,6,3,0,0.43028337,0,0,0.21,0.12023243,13.9,81,0,0
5263,3,7,3,0,1.94805,294.5875,1.17835,0.21,0.12242553,13.9,78,22,9
5264,3,8,3,0,2.0933332,537.5292,2.1501168,0.21,0.1226423,14.4,75,188,528
5265,3,9,3,0,2.4932168,671.725,2.6869,0.21,0.12586093,15.6,72,397,716
5266,3,10,3,0,0.95561665,754.2625,3.01705,0.21,0.119681,16.1,70,562,764
5267,3,11,3,0,0.33536667,766.62915,3.0665166,0.21,0.11530858,16.1,67,699,838
5268,3,12,3,0,0.42063335,730.7167,2.9228668,0.21,0.11286545,16.7,60,734,749
5269,3,13,3,0,0.5528167,607.44165,2.4297666,0.21,0.11313091,16.7,65,804,880
5270,3,14,3,0,0.09050009,471.525,1.8861,0.21,0.1252618,16.7,70,706,703
5271,3,15,3,0,0.0029000875,284.89584,1.13958336,0.21,0.13162555,16.1,60,615,825
5272,3,16,3,0,0.21958335,91.041664,0.364166656,0.5,0.13243036,16.1,54,438,751
5273,3,17,3,0,0.004200075,6.7541666,0.0270166664,0.5,0.13410036,15,65,222,564
5274,3,18,3,0,0.056933373,0,0,0.5,0.1399793,13.9,67,32,50
5275,3,19,3,0,0.002166745,0,0,0.5,0.13118619,13.9,75,0,0
5276,3,20,3,0,5.0096798e-05,0,0,0.5,0.12238983,13.9,81,0,0
5277,3,21,3,0,0.017133428,0,0,0.21,0.1139547,13.3,87,0,0
5278,3,22,3,0,0.40768334,0,0,0.21,0.10751876,13.9,84,0,0
5279,3,23,3,0,0.65538335,0,0,0.21,0.10506841,13.9,81,0,0
5280,3,24,3,0,0.6669,0,0,0.21,0.0996475,12.8,93,0,0
5281,3,1,4,0,0.27791667,0,0,0.21,0.09530862,13.9,84,0,0
5282,3,2,4,0,0.22886667,0,0,0.21,0.092907384,13.9,81,0,0
5283,3,3,4,0,0.23758334,0,0,0.21,0.094640054,13.9,81,0,0
5284,3,4,4,0,0.20556666,0,0,0.21,0.093346596,13.9,84,0,0
5285,3,5,4,0,0.2126,0,0,0.21,0.09782301,13.9,84,0,0
5286,3,6,4,0,0.08560005,0,0,0.21,0.11299316,13.9,84,0,0
5287,3,7,4,0,1.64615,354.1125,1.41645,0.21,0.11403516,13.9,81,22,1
5288,3,8,4,0,2.1050334,546.7792,2.1871168,0.21,0.115187265,13.9,81,95,12
5289,3,9,4,0,2.2636,673.4583,2.6938332,0.21,0.115697466,14.4,72,151,9
5290,3,10,4,0,0.21258333,744.3333,2.9773332,0.21,0.116054185,15.6,72,244,8
5291,3,11,4,0,0.22191666,754.85,3.0194,0.21,0.11435505,18.3,63,708,502
5292,3,12,4,0,0.25961667,715.19586,2.86078344,0.21,0.11206759,17.8,65,402,155
5293,3,13,4,0,0.5398167,609.0917,2.4363668,0.21,0.112350985,16.1,75,518,207
5294,3,14,4,0,0.3583001,467.00418,1.86801672,0.21,0.11306884,16.7,75,653,568
5295,3,15,4,0,1.3766,278.1125,1.11245,0.21,0.11483743,16.7,75,620,838
5296,3,16,4,0,0.3115667,89.933334,0.359733336,0.5,0.11768715,16.1,78,428,731
5297,3,17,4,0,0.60973334,7.6208334,0.0304833336,0.5,0.12753382,15,81,212,463
5298,3,18,4,0,0.5890333,0,0,0.5,0.13645193,15,84,43,22
5299,3,19,4,0,0.60425,0,0,0.5,0.14223568,14.4,84,0,0
5300,3,20,4,0,0.53183335,0,0,0.5,0.1453789,14.4,87,0,0
5301,3,21,4,0,0.52033335,0,0,0.21,0.13675064,13.9,87,0,0
5302,3,22,4,0,0.60501665,0,0,0.21,0.12031237,13.9,90,0,0
5303,3,23,4,0,0.68221664,0,0,0.21,0.11887617,13.3,90,0,0
5304,3,24,4,0,0.32539168,0,0,0.21,0.109007396,13.3,87,0,0
5305,3,1,5,0,0.31425,0,0,0.21,0.107385725,12.8,97,0,0
5306,3,2,5,0,0.42865,0,0,0.21,0.11155885,12.2,100,0,0
5307,3,3,5,0,0.4211,0,0,0.21,0.110517696,11.1,100,0,0
5308,3,4,5,0,0.23281667,0,0,0.21,0.11452288,10.6,100,0,0
5309,3,5,5,0,0.24398333,0,0,0.21,0.1294321,12.2,96,0,0
5310,3,6,5,0,0.08363338,0,0,0.21,0.13667423,12.8,93,0,0
5311,3,7,5,0,1.1866333,285.12918,1.14051672,0.21,0.14003897,12.8,90,27,41
5312,3,8,5,0,1.3691334,361.8,1.4472,0.21,0.14616583,13.9,84,134,50
5313,3,9,5,0,2.2530668,589.2875,2.35715,0.21,0.14888163,15,78,153,9
5314,3,10,5,0,1.0018667,654.89166,2.61956664,0.21,0.14667091,15.6,72,251,76
5315,3,11,5,0,0.23793334,554.20416,2.21681664,0.21,0.14260237,16.1,72,540,299
5316,3,12,5,0,0.44158337,610.5417,2.4421668,0.21,0.1414823,17.2,68,706,557
5317,3,13,5,0,1.035,505.275,2.0211,0.21,0.13969734,17.8,68,790,747
5318,3,14,5,0,0.5926333,419.17084,1.67668336,0.21,0.13800398,16.7,73,432,122
5319,3,15,5,0,0.2002334,242.84166,0.97136664,0.21,0.13629122,16.7,75,428,263
5320,3,16,5,0,0.23925003,97.0875,0.38835,0.5,0.13911568,15.6,78,355,349
5321,3,17,5,0,0.023483409,16.8125,0.06725,0.5,0.14013246,15,84,230,464
5322,3,18,5,0,0.16966675,0,0,0.5,0.150933,13.9,87,57,288
5323,3,19,5,0,2.2421668,0,0,0.5,0.14611658,13.3,90,0,0
5324,3,20,5,0,0.6310667,0,0,0.5,0.15140738,13.3,90,0,0
5325,3,21,5,0,0.8495833,0,0,0.21,0.14297794,13.9,87,0,0
5326,3,22,5,0,0.45988333,0,0,0.21,0.12109208,13.9,84,0,0
5327,3,23,5,0,0.43858334,0,0,0.21,0.1130667,13.3,90,0,0
5328,3,24,5,0,0.41325834,0,0,0.21,0.11984301,13.3,90,0,0
5329,3,1,6,0,0.37075,0,0,0.21,0.11689288,12.8,90,0,0
5330,3,2,6,0,0.33298334,0,0,0.21,0.11887536,13.9,84,0,0
5331,3,3,6,0,0.4294,0,0,0.21,0.12011412,13.3,87,0,0
5332,3,4,6,0,0.3519,0,0,0.21,0.12275547,13.3,83,0,0
5333,3,5,6,0,0.29723334,0,0,0.21,0.12326537,12.8,87,0,0
5334,3,6,6,0,0.09941672,0,0,0.21,0.13345425,12.2,90,0,0
5335,3,7,6,0,1.6176333,356.34583,1.42538332,0.21,0.13481623,12.8,87,20,5
5336,3,8,6,0,2.1217,543.1875,2.17275,0.21,0.14137809,14.4,78,145,191
5337,3,9,6,0,2.3538167,671.5208,2.6860832,0.21,0.14109756,16.1,67,335,343
5338,3,10,6,0,0.47123334,737.30835,2.9492334,0.21,0.14362472,17.2,65,547,555
5339,3,11,6,0,0.97235,745.925,2.9837,0.21,0.145818,17.8,63,692,620
5340,3,12,6,0,0.44296667,710.2292,2.8409168,0.21,0.14710014,17.2,65,765,647
5341,3,13,6,0,0.35531667,619.75415,2.4790166,0.21,0.1451609,17.2,65,772,650
5342,3,14,6,0,0.2920167,472.55417,1.89021668,0.21,0.14288293,16.7,67,708,627
5343,3,15,6,0,0.0073000896,297.2875,1.18915,0.21,0.14080338,16.7,75,573,564
5344,3,16,6,0,0.19225004,93.42083,0.37368332,0.5,0.14448935,16.7,78,386,447
5345,3,17,6,0,0.076166704,7.1125,0.02845,0.5,0.14645289,16.1,84,140,128
5346,3,18,6,0,1.2521833,0,0,0.5,0.15047194,15,90,40,17
5347,3,19,6,0,1.04355,0,0,0.5,0.151733,15,90,0,0
5348,3,20,6,0,1.0112,0,0,0.5,0.15413092,15.6,84,0,0
5349,3,21,6,0,0.81518334,0,0,0.21,0.15542531,15,87,0,0
5350,3,22,6,0,0.4527,0,0,0.21,0.14941669,14.4,87,0,0
5351,3,23,6,0,0.42138332,0,0,0.21,0.14158483,13.9,87,0,0
5352,3,24,6,0,0.3848,0,0,0.21,0.13798806,12.8,83,0,0
5353,3,1,7,0,0.29763332,0,0,0.21,0.13807552,13.3,97,0,0
5354,3,2,7,0,0.29055,0,0,0.21,0.13866551,13.3,93,0,0
5355,3,3,7,0,0.29503334,0,0,0.21,0.13925551,13.3,93,0,0
5356,3,4,7,0,0.30588335,0,0,0.21,0.1425246,13.3,93,0,0
5357,3,5,7,0,0.28371668,0,0,0.21,0.14293595,13.9,90,0,0
5358,3,6,7,0,0.29578334,0,0,0.21,0.13821484,13.9,90,0,0
5359,3,7,7,0,0.50118333,99.65,0.3986,0.21,0.14020377,13.9,93,18,2
5360,3,8,7,0,1.48385,363.05832,1.45223328,0.21,0.14705129,14.4,90,81,7
5361,3,9,7,0,2.0935667,549.81665,2.1992666,0.21,0.15018375,15,87,212,6
5362,3,10,7,0,2.26285,675.4875,2.70195,0.21,0.14907178,14.4,84,258,10
5363,3,11,7,0,0.58493334,743.875,2.9755,0.21,0.14811587,15,90,337,5
5364,3,12,7,0,0.7111833,742.4708,2.9698832,0.21,0.14641668,16.1,87,359,0
5365,3,13,7,0,0.6096333,701.725,2.8069,0.21,0.14102651,17.2,73,327,100
5366,3,14,7,0,0.58676666,615.7792,2.4631168,0.21,0.1381442,15.6,81,372,71
5367,3,15,7,0,1.5525,482.07083,1.92828332,0.21,0.14402649,15.6,75,261,1
5368,3,16,7,0,1.1169667,289.40833,1.15763332,0.5,0.1447871,15.6,81,216,37
5369,3,17,7,0,1.2852,91.0875,0.36435,0.5,0.14818192,14.4,78,190,252
5370,3,18,7,0,2.80625,7.3333335,0.029333334,0.5,0.15554708,14.4,81,18,13
5371,3,19,7,0,2.9481,0,0,0.5,0.15978856,14.4,81,0,0
5372,3,20,7,0,1.4971833,0,0,0.5,0.16055901,14.4,78,0,0
5373,3,21,7,0,1.4302833,0,0,0.21,0.1649164,13.9,81,0,0
5374,3,22,7,0,0.9169,0,0,0.21,0.15599388,13.3,83,0,0
5375,3,23,7,0,0.62,0,0,0.21,0.15424396,12.8,97,0,0
5376,3,24,7,0,0.31440833,0,0,0.21,0.1694097,12.8,87,0,0
5377,3,1,1,0,0.31448334,0,0,0.21,0.17165437,13.9,72,0,0
5378,3,2,1,0,0.29575,0,0,0.21,0.17503864,13.3,80,0,0
5379,3,3,1,0,0.29225,0,0,0.21,0.17243603,13.3,83,0,0
5380,3,4,1,0,0.27583334,0,0,0.21,0.17541888,12.8,87,0,0
5381,3,5,1,0,0.28245,0,0,0.21,0.18731044,12.8,87,0,0
5382,3,6,1,0,0.26,0,0,0.21,0.20283231,13.3,83,0,0
5383,3,7,1,0,0.47135,105.020836,0.420083344,0.21,0.19649343,13.3,80,22,0
5384,3,8,1,0,1.4557834,368.26666,1.47306664,0.21,0.1892923,14.4,78,100,1
5385,3,9,1,0,2.106,555.80835,2.2232334,0.21,0.18782325,16.1,70,168,11
5386,3,10,1,0,2.5379167,677.6667,2.7106668,0.21,0.1897967,16.7,65,334,56
5387,3,11,1,0,0.39551666,732.2625,2.92905,0.21,0.18445432,17.2,65,715,659
5388,3,12,1,0,0.31936666,735.5,2.942,0.21,0.1870828,17.8,63,718,573
5389,3,13,1,0,0.5930833,697.45,2.7898,0.21,0.18764749,18.3,61,700,604
5390,3,14,1,0,0.98288333,612.5833,2.4503332,0.21,0.18983224,18.3,65,632,506
5391,3,15,1,0,1.8467,475.12082,1.90048328,0.21,0.18886203,16.7,67,613,849
5392,3,16,1,0,1.1201667,293.18332,1.17273328,0.5,0.18679398,16.7,70,465,821
5393,3,17,1,0,1.3303334,94.0125,0.37605,0.5,0.18823749,15.6,70,253,686
5394,3,18,1,0,1.7113167,7.8875,0.03155,0.5,0.18811136,14.4,81,58,286
5395,3,19,1,0,0.7183,0,0,0.5,0.1923298,13.9,84,0,0
5396,3,20,1,0,0.64715,0,0,0.5,0.1898287,13.9,84,0,0
5397,3,21,1,0,0.53693336,0,0,0.21,0.1867347,13.9,81,0,0
5398,3,22,1,0,1.7616167,0,0,0.21,0.17624906,13.3,87,0,0
5399,3,23,1,0,0.33636665,0,0,0.21,0.17221195,13.3,83,0,0
5400,3,24,1,0,0.564375,0,0,0.21,0.17167206,11.7,83,0,0
5401,3,1,2,0,0.3361,0,0,0.21,0.1750387,11.7,93,0,0
5402,3,2,2,0,0.46796668,0,0,0.21,0.17078768,11.1,96,0,0
5403,3,3,2,0,0.34041667,0,0,0.21,0.17191683,11.1,93,0,0
5404,3,4,2,0,0.27656665,0,0,0.21,0.17142333,11.1,93,0,0
5405,3,5,2,0,0.24821667,0,0,0.21,0.17497082,10.6,96,0,0
5406,3,6,2,0,0.67695,0,0,0.21,0.1744946,11.7,90,0,0
5407,3,7,2,0,0.51741666,107.995834,0.431983336,0.21,0.17540939,11.7,90,49,190
5408,3,8,2,0,1.2990167,360.9375,1.44375,0.21,0.17983946,13.3,83,187,351
5409,3,9,2,0,2.0203166,539.23334,2.15693336,0.21,0.18007624,13.9,81,160,64
5410,3,10,2,0,2.2814834,656.2792,2.6251168,0.21,0.17610484,16.1,72,361,81
5411,3,11,2,0,1.0587167,722.87085,2.8914834,0.21,0.17288211,16.1,67,304,95
5412,3,12,2,0,1.0554167,736.13336,2.94453344,0.21,0.17590183,15.6,72,488,134
5413,3,13,2,0,0.52131665,700.275,2.8011,0.21,0.17361815,15.6,70,665,321
5414,3,14,2,0,1.0972333,608.25,2.433,0.21,0.16942914,15.6,75,443,15
5415,3,15,2,0,1.1118833,457.6875,1.83075,0.21,0.16213179,15.6,72,249,10
5416,3,16,2,0,1.6910167,301.25418,1.20501672,0.5,0.16182244,14.4,81,200,4
5417,3,17,2,0,1.2711834,98.71667,0.39486668,0.5,0.16142341,13.9,78,121,1
5418,3,18,2,0,1.04925,20.275,0.0811,0.5,0.16807888,13.3,80,43,32
5419,3,19,2,0,2.2708166,0,0,0.5,0.1820515,13.3,80,0,0
5420,3,20,2,0,1.8648334,0,0,0.5,0.18186267,13.3,75,0,0
5421,3,21,2,0,2.5667167,0,0,0.21,0.17552494,13.3,75,0,0
5422,3,22,2,0,2.1697834,0,0,0.21,0.1734363,13.9,75,0,0
5423,3,23,2,0,0.7377167,0,0,0.21,0.17248109,12.2,93,0,0
5424,3,24,2,0,0.49739167,0,0,0.21,0.1661072,11.7,66,0,0
5425,3,1,3,0,0.34636667,0,0,0.21,0.16472355,11.7,80,0,0
5426,3,2,3,0,0.35156667,0,0,0.21,0.16388316,11.1,69,0,0
5427,3,3,3,0,0.33611667,0,0,0.21,0.16369435,10.6,69,0,0
5428,3,4,3,0,0.31485,0,0,0.21,0.16724418,10,64,0,0
5429,3,5,3,0,0.359725,0,0,0.21,0.17197506,9.4,66,0,0
5430,3,6,3,0,0.76045,0,0,0.21,0.17588279,10,61,0,0
5431,3,7,3,0,0.5816333,58.370834,0.233483336,0.21,0.17648494,10,61,45,136
5432,3,8,3,0,1.2163167,327.29584,1.30918336,0.21,0.17925745,11.1,57,218,532
5433,3,9,3,0,2.1365166,556.375,2.2255,0.21,0.18033695,12.8,55,438,721
5434,3,10,3,0,2.1533,574.875,2.2995,0.21,0.18004878,13.9,53,598,684
5435,3,11,3,0,0.88603336,438.8375,1.75535,0.21,0.17687158,14.4,53,749,800
5436,3,12,3,0,0.793,709,2.836,0.21,0.18017167,15,54,820,736
5437,3,13,3,0,0.7428167,682.7625,2.73105,0.21,0.17891464,15.6,54,769,659
5438,3,14,3,0,0.69261664,597.00836,2.38803344,0.21,0.17913789,13.9,60,468,109
5439,3,15,3,0,0.69175833,471.10834,1.88443336,0.21,0.17532523,13.9,62,440,270
5440,3,16,3,0,1.38575,289.075,1.1563,0.5,0.17302898,13.9,64,259,140
5441,3,17,3,0,0.83671665,94.67917,0.37871668,0.5,0.17198355,13.9,64,170,117
5442,3,18,3,0,0.6063333,7.6875,0.03075,0.5,0.17688599,14.4,60,33,64
5443,3,19,3,0,1.50025,0,0,0.5,0.17877673,13.9,60,0,0
5444,3,20,3,0,0.76236665,0,0,0.5,0.17573638,13.3,57,0,0
5445,3,21,3,0,1.2776166,0,0,0.21,0.1810778,12.8,60,0,0
5446,3,22,3,0,1.0604833,0,0,0.21,0.17694244,12.2,62,0,0
5447,3,23,3,0,0.470575,0,0,0.21,0.1739483,12.8,60,0,0
5448,3,24,3,0,0.30235,0,0,0.21,0.16735438,12.2,86,0,0
5449,3,1,4,0,0.28973332,0,0,0.21,0.17104939,11.7,62,0,0
5450,3,2,4,0,0.3022,0,0,0.21,0.16974914,11.1,74,0,0
5451,3,3,4,0,0.30243334,0,0,0.21,0.16653818,10.6,74,0,0
5452,3,4,4,0,0.52428335,0,0,0.21,0.15862246,10.6,61,0,0
5453,3,5,4,0,0.35236666,0,0,0.21,0.16684657,9.4,64,0,0
5454,3,6,4,0,0.2565,0,0,0.21,0.17160591,8.9,66,0,0
5455,3,7,4,0,0.52453333,111.354164,0.445416656,0.21,0.18210027,10.6,59,46,146
5456,3,8,4,0,1.32715,360.63333,1.44253332,0.21,0.1766548,12.2,57,223,540
5457,3,9,4,0,1.8511333,538.7083,2.1548332,0.21,0.17315303,15,46,445,727
5458,3,10,4,0,2.4520833,656.2292,2.6249168,0.21,0.17492776,16.1,46,631,808
5459,3,11,4,0,0.35308334,714.0125,2.85605,0.21,0.1666132,17.2,43,775,860
5460,3,12,4,0,0.32806668,716.7208,2.8668832,0.21,0.1674874,16.7,45,846,877
5461,3,13,4,0,0.37531668,685.3458,2.7413832,0.21,0.16845813,16.7,46,851,881
5462,3,14,4,0,0.37436667,570.38336,2.28153344,0.21,0.17468464,16.7,56,780,858
5463,3,15,4,0,0.0006667623,451.1625,1.80465,0.21,0.17340463,16.7,58,649,815
5464,3,16,4,0,0.44441673,293.30417,1.17321668,0.5,0.15909569,16.1,65,461,730
5465,3,17,4,0,0.3741,100.0125,0.40005,0.5,0.16061172,14.4,78,243,560
5466,3,18,4,0,0.09163339,10.504167,0.042016668,0.5,0.17154714,13.9,81,56,189
5467,3,19,4,0,0.461,0,0,0.5,0.17697851,12.8,90,0,0
5468,3,20,4,0,0.47875,0,0,0.5,0.17297658,14.4,81,0,0
5469,3,21,4,0,0.8196833,0,0,0.21,0.17376706,14.4,48,0,0
5470,3,22,4,0,0.58023334,0,0,0.21,0.15957405,13.9,47,0,0
5471,3,23,4,0,0.27766666,0,0,0.21,0.16130148,12.8,80,0,0
5472,3,24,4,0,0.25273332,0,0,0.21,0.15682133,13.9,84,0,0
5473,3,1,5,0,0.26745,0,0,0.21,0.15347074,11.7,86,0,0
5474,3,2,5,0,0.29523334,0,0,0.21,0.15478319,12.2,77,0,0
5475,3,3,5,0,0.3448,0,0,0.21,0.15609615,11.7,74,0,0
5476,3,4,5,0,0.31143335,0,0,0.21,0.1571645,11.7,74,0,0
5477,3,5,5,0,0.3599,0,0,0.21,0.16134423,10.6,80,0,0
5478,3,6,5,0,0.27673334,0,0,0.21,0.17515267,8.9,83,0,0
5479,3,7,5,0,0.40456668,79.120834,0.316483336,0.21,0.17878641,10.6,72,50,196
5480,3,8,5,0,1.2007834,335.625,1.3425,0.21,0.17895178,12.8,67,235,586
5481,3,9,5,0,1.9437667,516.925,2.0677,0.21,0.17069668,14.4,70,456,744
5482,3,10,5,0,2.39365,647.63336,2.59053344,0.21,0.1651846,16.1,63,644,844
5483,3,11,5,0,0.21133333,709.5,2.838,0.21,0.16533695,17.2,54,783,889
5484,3,12,5,0,0.32615,718.0292,2.8721168,0.21,0.16415359,18.9,59,851,902
5485,3,13,5,0,0.29233333,694.3417,2.7773668,0.21,0.16246527,17.8,61,856,905
5486,3,14,5,0,0.34931666,583.7375,2.33495,0.21,0.15826987,17.2,70,785,883
5487,3,15,5,0,0.16410008,438.92917,1.75571668,0.21,0.15454996,17.2,70,654,843
5488,3,16,5,0,0.39936674,273.7375,1.09495,0.5,0.16096593,16.7,67,471,770
5489,3,17,5,0,0.33456665,105.26667,0.42106668,0.5,0.16137548,15.6,72,254,613
5490,3,18,5,0,0.0606834,13.383333,0.053533332,0.5,0.16998455,13.9,90,58,240
5491,3,19,5,0,0.030200072,0,0,0.5,0.17384234,13.3,90,0,0
5492,3,20,5,0,0.13345005,0,0,0.5,0.1722559,12.8,93,0,0
5493,3,21,5,0,0.51345,0,0,0.21,0.16372012,12.8,93,0,0
5494,3,22,5,0,1.0479,0,0,0.21,0.1515329,12.8,90,0,0
5495,3,23,5,0,0.68161666,0,0,0.21,0.15575047,13.3,90,0,0
5496,3,24,5,0,0.29494166,0,0,0.21,0.16157733,11.7,83,0,0
5497,3,1,6,0,0.2504,0,0,0.21,0.16190797,13.9,84,0,0
5498,3,2,6,0,0.24758333,0,0,0.21,0.15512827,12.8,90,0,0
5499,3,3,6,0,0.29588333,0,0,0.21,0.14931041,12.8,90,0,0
5500,3,4,6,0,0.28555,0,0,0.21,0.15326618,11.1,93,0,0
5501,3,5,6,0,0.35969582,0,0,0.21,0.1582338,11.1,93,0,0
5502,3,6,6,0,0.23653333,0,0,0.21,0.15772189,10.6,93,0,0
5503,3,7,6,0,0.37941667,93.7,0.3748,0.21,0.15675835,11.1,90,30,1
5504,3,8,6,0,1.2758334,339.20416,1.35681664,0.21,0.15675548,12.8,83,180,271
5505,3,9,6,0,2.0403166,535.92084,2.14368336,0.21,0.16127354,13.9,84,344,325
5506,3,10,6,0,2.09445,658.55,2.6342,0.21,0.17240445,14.4,78,282,34
5507,3,11,6,0,0.31586668,719.65,2.8786,0.21,0.17017035,15,75,281,14
5508,3,12,6,0,0.33045,719.6042,2.8784168,0.21,0.17143834,15,75,399,9
5509,3,13,6,0,0.2832,686.39166,2.74556664,0.21,0.17193152,16.1,67,440,8
5510,3,14,6,0,0.27895,597.31665,2.3892666,0.21,0.16619378,16.7,65,701,666
5511,3,15,6,0,0.23730007,377.37918,1.50951672,0.21,0.16585097,15.6,72,439,278
5512,3,16,6,0,0.8128167,235.0375,0.94015,0.5,0.16854677,15.6,72,480,809
5513,3,17,6,0,0.34028333,126.8125,0.50725,0.5,0.17188722,15,75,263,666
5514,3,18,6,0,0.069483355,26.1625,0.10465,0.5,0.17931597,13.9,72,59,264
5515,3,19,6,0,0.00375008,0,0,0.5,0.1790669,13.3,75,0,0
5516,3,20,6,0,0.30395,0,0,0.5,0.17834608,13.3,78,0,0
5517,3,21,6,0,0.63486665,0,0,0.21,0.17884997,12.8,80,0,0
5518,3,22,6,0,0.27866668,0,0,0.21,0.17169063,12.8,83,0,0
5519,3,23,6,0,0.27045,0,0,0.21,0.15792859,12.2,83,0,0
5520,3,24,6,0,0.286125,0,0,0.21,0.15482986,12.8,36,0,0
5521,3,1,7,0,0.28786665,0,0,0.21,0.1556541,11.7,83,0,0
5522,3,2,7,0,0.27235,0,0,0.21,0.15472855,11.7,83,0,0
5523,3,3,7,0,0.2277,0,0,0.21,0.1515957,11.7,83,0,0
5524,3,4,7,0,0.41343334,0,0,0.21,0.15428206,11.1,86,0,0
5525,3,5,7,0,0.6077667,0,0,0.21,0.15852751,10,90,0,0
5526,3,6,7,0,0.2447,0,0,0.21,0.1661329,11.1,45,0,0
5527,3,7,7,0,0.49275,120.620834,0.482483336,0.21,0.16449963,11.7,43,53,230
5528,3,8,7,0,1.43145,382.22916,1.52891664,0.21,0.17146297,13.3,40,254,648
5529,3,9,7,0,2.0565834,540.85,2.1634,0.21,0.17798862,15,39,476,802
5530,3,10,7,0,1.5194167,658.8625,2.63545,0.21,0.17427474,15,48,660,868
5531,3,11,7,0,0.38591668,719.80414,2.87921656,0.21,0.17558922,16.1,46,787,913
5532,3,12,7,0,0.36173335,737.42084,2.94968336,0.21,0.17376752,15.6,52,870,930
5533,3,13,7,0,0.6383,698.04584,2.79218336,0.21,0.17149864,15.6,54,819,865
5534,3,14,7,0,0.4664625,596.40936,2.38563744,0.21,0.16745108,15,54,745,700
5535,3,15,7,0,9.1552735e-08,464.62082,1.85848328,0.21,0.16899261,15.6,56,541,469
5536,3,16,7,0,0.8208667,290.5375,1.16215,0.5,0.16773738,15,56,443,525
5537,3,17,7,0,0.3226,105.36667,0.42146668,0.5,0.17537785,13.3,64,210,275
5538,3,18,7,0,0.04540005,12.091666,0.048366664,0.5,0.18577045,12.2,72,55,191
5539,3,19,7,0,0.024016738,0,0,0.5,0.19029033,12.2,72,0,0
5540,3,20,7,0,0.1020834,0,0,0.5,0.19552402,12.2,64,0,0
5541,3,21,7,0,0.36508334,0,0,0.21,0.19714575,13.3,42,0,0
5542,3,22,7,0,0.76711667,0,0,0.21,0.17763545,12.8,37,0,0
5543,3,23,7,0,0.3824,0,0,0.21,0.16601665,13.3,37,0,0
5544,3,24,7,0,0.28888333,0,0,0.21,0.17916285,10.6,72,0,0
5545,3,1,1,0,0.2858,0,0,0.21,0.18263428,12.2,35,0,0
5546,3,2,1,0,0.27543333,0,0,0.21,0.18174481,11.7,38,0,0
5547,3,3,1,0,0.26823333,0,0,0.21,0.1816366,10,48,0,0
5548,3,4,1,0,0.37218332,0,0,0.21,0.1785954,8.3,77,0,0
5549,3,5,1,0,0.32621667,0,0,0.21,0.19094838,7.8,80,0,0
5550,3,6,1,0,0.26811665,0,0,0.21,0.1974649,8.3,77,0,0
5551,3,7,1,0,0.29375,7.0625,0.02825,0.21,0.19998886,9.4,74,44,115
5552,3,8,1,0,0.29641667,51.4875,0.20595,0.21,0.20104295,12.2,62,149,67
5553,3,9,1,0,0.39435,113.354164,0.453416656,0.21,0.20241308,13.9,55,367,365
5554,3,10,1,0,0.7849333,219.32083,0.87728332,0.21,0.19477761,15,54,550,485
5555,3,11,1,0,1.2161167,423.8625,1.69545,0.21,0.1870407,16.1,44,584,401
5556,3,12,1,0,2.3151834,762.35834,3.04943336,0.21,0.189925,16.7,52,751,586
5557,3,13,1,0,1.2912834,701.07086,2.80428344,0.21,0.19495803,16.1,58,808,736
5558,3,14,1,0,0.28145,650.7917,2.6031668,0.21,0.19111656,16.1,54,761,734
5559,3,15,1,0,0.33888337,494.525,1.9781,0.21,0.18395275,16.1,52,587,536
5560,3,16,1,0,1.2207032e-07,307.3,1.2292,0.5,0.18305682,16.1,52,357,286
5561,3,17,1,0,0.11076671,112.79583,0.45118332,0.5,0.18623465,17.2,54,197,201
5562,3,18,1,0,0.0006000974,14.4,0.0576,0.5,0.19272059,13.3,78,41,13
5563,3,19,1,0,0.0812834,0,0,0.5,0.19696395,12.2,77,0,0
5564,3,20,1,0,1.001358e-07,0,0,0.5,0.20254813,12.2,72,0,0
5565,3,21,1,0,0.031833407,0,0,0.21,0.19363193,11.7,69,0,0
5566,3,22,1,0,0.6420556,0,0,0.21,0.16977444,11.1,77,0,0
5567,3,23,1,0,0.45563334,0,0,0.21,0.16253243,11.1,72,0,0
5568,3,24,1,0,0.25495,0,0,0.21,0.15520322,8.3,56,0,0
5569,3,1,2,0,0.25901666,0,0,0.21,0.15424354,10.6,77,0,0
5570,3,2,2,0,0.2373,0,0,0.21,0.15603329,10.6,77,0,0
5571,3,3,2,0,0.24193333,0,0,0.21,0.15602101,10,80,0,0
5572,3,4,2,0,0.29653335,0,0,0.21,0.1591945,10,77,0,0
5573,3,5,2,0,0.26293334,0,0,0.21,0.1701727,10,77,0,0
5574,3,6,2,0,0.22461666,0,0,0.21,0.18261212,10,77,0,0
5575,3,7,2,0,0.87698334,23.945833,0.095783332,0.21,0.19150358,10.6,74,31,3
5576,3,8,2,0,1.09425,213.72084,0.85488336,0.21,0.19489115,10.6,80,47,1
5577,3,9,2,0,1.8622,498.0875,1.99235,0.21,0.19686243,12.2,69,275,57
5578,3,10,2,0,1.6335666,444.47083,1.77788332,0.21,0.19539067,12.2,75,176,11
5579,3,11,2,0,0.84031665,242.25,0.969,0.21,0.19111475,10.6,86,160,5
5580,3,12,2,0,0.70813334,216.68333,0.86673332,0.21,0.18116276,10,96,222,5
5581,3,13,2,0,0.52683336,168.25833,0.67303332,0.21,0.18042105,12.2,43,387,1
5582,3,14,2,0,0.09411677,201.6625,0.80665,0.21,0.1773331,12.2,42,308,7
5583,3,15,2,0,0.46940002,188.47084,0.75388336,0.21,0.17327055,12.2,43,476,193
5584,3,16,2,0,0.08930005,64.70417,0.25881668,0.5,0.17303774,9.4,50,226,143
5585,3,17,2,0,0.034933366,37.745834,0.150983336,0.5,0.17303166,11.7,45,139,61
5586,3,18,2,0,0.03765008,8.329166,0.033316664,0.5,0.17632997,11.1,47,49,116
5587,3,19,2,0,0.10815004,0,0,0.5,0.17961228,10.6,48,0,0
5588,3,20,2,0,0.01411676,0,0,0.5,0.18659689,10,50,0,0
5589,3,21,2,0,0.04986674,0,0,0.21,0.17908022,10,52,0,0
5590,3,22,2,0,0.86473334,0,0,0.21,0.15964535,10,50,0,0
5591,3,23,2,0,0.2687,0,0,0.21,0.15695961,8.9,54,0,0
5592,3,24,2,0,0.23963334,0,0,0.21,0.15824284,10.6,45,0,0
5593,3,1,3,0,0.7697833,0,0,0.21,0.1488045,7.8,58,0,0
5594,3,2,3,0,0.3251,0,0,0.21,0.14884856,8.3,56,0,0
5595,3,3,3,0,0.23531666,0,0,0.21,0.14794311,7.8,58,0,0
5596,3,4,3,0,0.8132833,0,0,0.21,0.1519756,6.7,60,0,0
5597,3,5,3,0,0.2223,0,0,0.21,0.16394235,7.2,61,0,0
5598,3,6,3,0,0.83425,0,0,0.21,0.18056811,7.8,58,0,0
5599,3,7,3,0,1.6305833,16.954166,0.067816664,0.21,0.18730365,8.9,50,55,170
5600,3,8,3,0,0.83173335,84.45417,0.33781668,0.21,0.19099736,11.1,47,248,535
5601,3,9,3,0,1.38095,306.31668,1.22526672,0.21,0.19027266,12.2,43,471,711
5602,3,10,3,0,1.3624834,396.75,1.587,0.21,0.18653156,13.9,39,668,805
5603,3,11,3,0,1.8178834,705.5833,2.8223332,0.21,0.18629077,15,36,804,847
5604,3,12,3,0,1.6578833,654.2167,2.6168668,0.21,0.18317355,14.4,36,878,869
5605,3,13,3,0,0.7241667,478.4,1.9136,0.21,0.1817629,15.6,31,878,869
5606,3,14,3,0,0.2137834,323.32083,1.29328332,0.21,0.17631459,15.6,35,811,852
5607,3,15,3,0,1.13932295e-07,250.00417,1.00001668,0.21,0.17591959,15.6,35,675,809
5608,3,16,3,0,0.6784667,187.4375,0.74975,0.5,0.18192485,15,38,482,720
5609,3,17,3,0,0.32295,115.1375,0.46055,0.5,0.1936659,13.9,34,260,554
5610,3,18,3,0,0.020233389,15.166667,0.060666668,0.5,0.19633532,13.3,40,61,189
5611,3,19,3,0,1.001358e-07,0,0,0.5,0.19729382,12.8,39,1,0
5612,3,20,3,0,0.16965008,0,0,0.5,0.2065302,12.8,39,0,0
5613,3,21,3,0,0.6624167,0,0,0.21,0.20201653,12.2,40,0,0
5614,3,22,3,0,1.1934167,0,0,0.21,0.19091786,13.3,33,0,0
5615,3,23,3,0,0.71571666,0,0,0.21,0.18831588,12.2,42,0,0
5616,3,24,3,0,1.0819833,0,0,0.21,0.18578054,12.8,51,0,0
5617,3,1,4,0,0.2983,0,0,0.21,0.18289115,10.6,45,0,0
5618,3,2,4,0,0.88056666,0,0,0.21,0.18509091,10,77,0,0
5619,3,3,4,0,0.85323334,0,0,0.21,0.18521,9.4,80,0,0
5620,3,4,4,0,0.78585,0,0,0.21,0.19411528,9.4,80,0,0
5621,3,5,4,0,0.97444165,0,0,0.21,0.20779313,10,69,0,0
5622,3,6,4,0,0.72761667,0,0,0.21,0.20891665,8.9,74,1,1
5623,3,7,4,0,1.7961333,87.42917,0.34971668,0.21,0.20341343,9.4,69,65,143
5624,3,8,4,0,1.4228,310.41666,1.24166664,0.21,0.20612648,12.8,55,218,413
5625,3,9,4,0,2.0386834,499.5375,1.99815,0.21,0.1990467,13.9,55,385,377
5626,3,10,4,0,2.9365666,738,2.952,0.21,0.19764367,15,62,493,366
5627,3,11,4,0,0.3561,780.57086,3.12228344,0.21,0.19247298,15,67,744,730
5628,3,12,4,0,0.41656667,653.20416,2.61281664,0.21,0.18914671,15.6,67,878,929
5629,3,13,4,0,0.14063333,732.1042,2.9284168,0.21,0.18810934,15.6,62,743,698
5630,3,14,4,0,0.32541665,594.43335,2.3777334,0.21,0.18702303,13.9,69,311,5
5631,3,15,4,0,0.2791667,420.7,1.6828,0.21,0.1869993,13.3,75,200,39
5632,3,16,4,0,0.0021001021,249.19167,0.99676668,0.5,0.19084734,13.3,75,191,9
5633,3,17,4,0,0.069016725,90.82917,0.36331668,0.5,0.19386005,12.8,80,107,5
5634,3,18,4,0,0.04800004,15.2,0.0608,0.5,0.20057072,12.8,83,27,21
5635,3,19,4,0,0.1367667,0,0,0.5,0.20532617,12.8,75,2,0
5636,3,20,4,0,0.0032000884,0,0,0.5,0.21284895,12.8,77,0,0
5637,3,21,4,0,0.045900054,0,0,0.21,0.20376363,12.2,80,0,0
5638,3,22,4,0,0.041300062,0,0,0.21,0.18542984,12.2,80,0,0
5639,3,23,4,0,0.71243334,0,0,0.21,0.17467734,12.8,53,0,0
5640,3,24,4,0,0.5653667,0,0,0.21,0.16588609,14.4,48,0,0
5641,3,1,5,0,0.6195667,0,0,0.21,0.16530462,12.8,53,0,0
5642,3,2,5,0,0.83643335,0,0,0.21,0.16997628,11.7,69,0,0
5643,3,3,5,0,1.1097,0,0,0.21,0.16714454,11.1,74,0,0
5644,3,4,5,0,0.37105,0,0,0.21,0.15796828,12.2,55,0,0
5645,3,5,5,0,1.0619333,0,0,0.21,0.16165282,12.2,53,0,0
5646,3,6,5,0,1.2528833,0.25833333,0.00103333332,0.21,0.16612953,12.2,53,2,2
5647,3,7,5,0,1.4111667,152.29584,0.60918336,0.21,0.1745226,11.1,74,68,296
5648,3,8,5,0,1.5650166,399.28333,1.59713332,0.21,0.17562827,12.2,72,273,644
5649,3,9,5,0,2.1807833,575.8125,2.30325,0.21,0.16754073,14.4,58,494,791
5650,3,10,5,0,2.6164834,691.1625,2.76465,0.21,0.17046793,16.7,45,685,868
5651,3,11,5,0,0.223775,752.4625,3.00985,0.21,0.17460223,16.7,46,816,900
5652,3,12,5,0,0.27138335,765.3125,3.06125,0.21,0.17598444,16.1,58,847,888
5653,3,13,5,0,0.26255,721.17084,2.88468336,0.21,0.16472574,16.7,54,860,806
5654,3,14,5,0,0.26746666,625,2.5,0.21,0.1607983,16.1,58,688,582
5655,3,15,5,0,0.36540002,480.52917,1.92211668,0.21,0.16455568,16.7,54,626,726
5656,3,16,5,0,0.0006001114,272.7625,1.09105,0.5,0.16353571,15,65,163,47
5657,3,17,5,0,0.047666747,113.75,0.455,0.5,0.16367142,16.7,54,217,326
5658,3,18,5,0,0.04596667,31.8,0.1272,0.5,0.16656564,17.2,43,60,58
5659,3,19,5,0,0.0128167365,0,0,0.5,0.16928342,15,54,1,3
5660,3,20,5,0,0.023666728,0,0,0.5,0.17362733,13.9,60,0,0
5661,3,21,5,0,0.22415,0,0,0.21,0.16671263,12.2,80,0,0
5662,3,22,5,0,0.036100045,0,0,0.21,0.14431386,12.8,75,0,0
5663,3,23,5,0,0.3642167,0,0,0.21,0.1288912,13.9,51,0,0
5664,3,24,5,0,0.2611,0,0,0.21,0.12678203,13.9,69,0,0
5665,3,1,6,0,0.39003333,0,0,0.21,0.12662546,13.9,40,0,0
5666,3,2,6,0,0.27998334,0,0,0.21,0.12771936,13.3,44,0,0
5667,3,3,6,0,0.25856668,0,0,0.21,0.12877753,10.6,74,0,0
5668,3,4,6,0,0.9934833,0,0,0.21,0.12636763,8.9,86,0,0
5669,3,5,6,0,0.48036668,0,0,0.21,0.13053942,10,77,0,0
5670,3,6,6,0,1.0882666,0,0,0.21,0.12876646,9.4,80,1,0
5671,3,7,6,0,1.2954167,137.51666,0.55006664,0.21,0.13067393,11.1,72,53,40
5672,3,8,6,0,0.7592667,216.6125,0.86645,0.21,0.1518626,15.6,48,222,297
5673,3,9,6,0,1.7060167,281.01666,1.12406664,0.21,0.1638123,18.9,36,437,479
5674,3,10,6,0,2.33885,688.0958,2.7523832,0.21,0.16964537,21.1,35,628,584
5675,3,11,6,0,1.34875,473.8,1.8952,0.21,0.16308896,20.6,41,768,643
5676,3,12,6,0,0.15241666,406.59167,1.62636668,0.21,0.16986671,20,36,844,673
5677,3,13,6,0,0.29986668,383.51666,1.53406664,0.21,0.15481709,20,36,847,678
5678,3,14,6,0,0.079466745,401.16666,1.60466664,0.21,0.14847173,20.6,32,774,650
5679,3,15,6,0,0.029766757,201.64166,0.80656664,0.21,0.15117209,18.9,57,629,583
5680,3,16,6,0,0.48666668,110.95,0.4438,0.5,0.15430328,18.9,47,438,479
5681,3,17,6,0,0.47326666,48.591667,0.194366668,0.5,0.16021435,18.9,45,223,296
5682,3,18,6,0,0.32673335,7.6541667,0.0306166668,0.5,0.1570973,16.7,56,53,41
5683,3,19,6,0,1.4023,0,0,0.5,0.16124596,17.8,45,1,0
5684,3,20,6,0,0.7448,0,0,0.5,0.16435044,17.8,40,0,0
5685,3,21,6,0,0.91583335,0,0,0.21,0.15928748,17.2,43,0,0
5686,3,22,6,0,0.6693,0,0,0.21,0.14237463,16.7,48,0,0
5687,3,23,6,0,0.41746667,0,0,0.21,0.14429292,15.6,58,0,0
5688,3,24,6,0,0.25225,0,0,0.21,0.14141844,12.2,90,0,0
5689,3,1,7,0,0.25986665,0,0,0.21,0.13802852,12.8,72,0,0
5690,3,2,7,0,0.22238334,0,0,0.21,0.13569547,11.7,83,0,0
5691,3,3,7,0,0.7382,0,0,0.21,0.13000342,11.1,80,0,0
5692,3,4,7,0,1.1049167,0,0,0.21,0.13448094,10.6,83,0,0
5693,3,5,7,0,0.5114,0,0,0.21,0.14007597,10,83,0,0
5694,3,6,7,0,1.0379833,0,0,0.21,0.12819971,11.7,62,1,0
5695,3,7,7,0,1.0259,13.479167,0.053916668,0.21,0.12953575,12.8,62,55,38
5696,3,8,7,0,0.78505,89.47083,0.35788332,0.21,0.13732105,16.1,44,224,285
5697,3,9,7,0,0.89555,187.3125,0.74925,0.21,0.1435258,19.4,35,440,467
5698,3,10,7,0,1.7634667,409.56668,1.63826672,0.21,0.14953889,22.2,25,635,576
5699,3,11,7,0,1.3883834,403.96667,1.61586668,0.21,0.15476969,22.2,30,773,634
5700,3,12,7,0,1.1368834,385.26666,1.54106664,0.21,0.15552598,20,53,801,612
5701,3,13,7,0,1.3523333,520.9708,2.0838832,0.21,0.1557316,18.9,68,806,617
5702,3,14,7,0,0.41446668,580.32086,2.32128344,0.21,0.1599451,19.4,51,735,589
5703,3,15,7,0,0.22081672,314.3375,1.25735,0.21,0.1599539,18.9,59,623,560
5704,3,16,7,0,0.09585008,140.92084,0.56368336,0.5,0.16252305,17.8,54,435,458
5705,3,17,7,0,0.12536667,78.604164,0.314416656,0.5,0.16518044,17.2,50,192,201
5706,3,18,7,0,0.014533419,20.408333,0.081633332,0.5,0.16346024,16.1,63,44,31
5707,3,19,7,0,1.001358e-07,0,0,0.5,0.16281652,14.4,87,1,0
5708,3,20,7,0,0.0024000918,0,0,0.5,0.164575,13.9,84,0,0
5709,3,21,7,0,0.7690833,0,0,0.21,0.15721639,13.3,87,0,0
5710,3,22,7,0,0.7901,0,0,0.21,0.13979316,13.3,87,0,0
5711,3,23,7,0,0.83316666,0,0,0.21,0.14033683,12.8,90,0,0
5712,3,24,7,0,0.48263332,0,0,0.21,0.13651672,13.3,93,0,0
5713,3,1,1,0,0.46806666,0,0,0.21,0.13135049,12.2,93,0,0
5714,3,2,1,0,0.25171667,0,0,0.21,0.13112281,11.7,100,0,0
5715,3,3,1,0,0.78205,0,0,0.21,0.13428803,11.7,96,0,0
5716,3,4,1,0,0.44046667,0,0,0.21,0.13435642,10.6,100,0,0
5717,3,5,1,0,0.66688335,0,0,0.21,0.14568302,10.6,100,0,0
5718,3,6,1,0,0.81313336,0,0,0.21,0.1629762,11.1,100,1,0
5719,3,7,1,0,0.4641,25.6875,0.10275,0.21,0.17949703,11.7,100,56,54
5720,3,8,1,0,1.0371333,145.88333,0.58353332,0.21,0.17983967,13.3,90,91,3
5721,3,9,1,0,1.9232,532.1625,2.12865,0.21,0.17938371,14.4,84,346,294
5722,3,10,1,0,1.63455,442.55832,1.77023328,0.21,0.18200487,16.7,70,399,198
5723,3,11,1,0,1.8242167,659.8458,2.6393832,0.21,0.18511872,17.2,73,777,659
5724,3,12,1,0,0.22611667,766.5125,3.06605,0.21,0.18495417,17.8,68,841,764
5725,3,13,1,0,0.41456667,746.31665,2.9852666,0.21,0.18333553,17.2,70,864,792
5726,3,14,1,0,0.42648333,574.7375,2.29895,0.21,0.1874624,17.2,73,800,778
5727,3,15,1,0,0.26535007,301.06668,1.20426672,0.21,0.18096644,16.1,78,594,522
5728,3,16,1,0,0.08926676,196.92917,0.78771668,0.5,0.17956616,15.6,81,454,602
5729,3,17,1,0,0.36403334,100.99167,0.40396668,0.5,0.18514886,15,84,255,468
5730,3,18,1,0,0.13178338,19.895834,0.079583336,0.5,0.18682663,13.3,93,64,144
5731,3,19,1,0,0.22161672,0,0,0.5,0.18141882,12.8,97,0,0
5732,3,20,1,0,1.1042833,0,0,0.5,0.18572842,12.8,97,0,0
5733,3,21,1,0,0.8637,0,0,0.21,0.17601013,12.2,100,0,0
5734,3,22,1,0,0.73503333,0,0,0.21,0.16033036,12.8,93,0,0
5735,3,23,1,0,0.44338334,0,0,0.21,0.15024605,12.8,97,0,0
5736,3,24,1,0,0.29054168,0,0,0.21,0.1477628,13.3,80,0,0
5737,3,1,2,0,0.2016,0,0,0.21,0.14889954,13.3,90,0,0
5738,3,2,2,0,0.20351666,0,0,0.21,0.14520007,13.3,87,0,0
5739,3,3,2,0,0.20148334,0,0,0.21,0.14079513,12.2,93,0,0
5740,3,4,2,0,0.8019,0,0,0.21,0.143616,11.7,93,0,0
5741,3,5,2,0,0.46565,0,0,0.21,0.15299179,11.1,93,0,0
5742,3,6,2,0,0.7467333,2.3291667,0.0093166668,0.21,0.17350025,11.1,96,3,3
5743,3,7,2,0,1.003875,185.03542,0.74014168,0.21,0.18023364,11.7,96,79,274
5744,3,8,2,0,1.6660334,433.11667,1.73246668,0.21,0.18533383,15,78,284,600
5745,3,9,2,0,2.4608834,613.7833,2.4551332,0.21,0.18803756,18.3,43,510,760
5746,3,10,2,0,2.213675,728.8125,2.91525,0.21,0.18903817,19.4,33,700,837
5747,3,11,2,0,2.2508583,804.8146,3.2192584,0.21,0.19099586,22.2,24,834,876
5748,3,12,2,0,0.63185,815.87085,3.2634834,0.21,0.18882048,22.8,32,898,887
5749,3,13,2,0,0.43043333,763.6042,3.0544168,0.21,0.188596,19.4,57,894,862
5750,3,14,2,0,0.53895,666.11664,2.66446656,0.21,0.1873547,19.4,59,823,865
5751,3,15,2,0,0.35258332,520.2167,2.0808668,0.21,0.18545161,17.2,75,686,821
5752,3,16,2,0,0.03476677,327.3875,1.30955,0.5,0.18831761,16.7,78,497,743
5753,3,17,2,0,1.07828775e-07,113.20417,0.45281668,0.5,0.1937188,16.1,67,280,599
5754,3,18,2,0,0.0060500815,12.554167,0.050216668,0.5,0.19627604,15,65,75,265
5755,3,19,2,0,0.034833398,0,0,0.5,0.19409074,14.4,62,2,2
5756,3,20,2,0,0.23415,0,0,0.5,0.19253543,14.4,67,0,0
5757,3,21,2,0,0.09115004,0,0,0.21,0.18147221,13.9,81,0,0
5758,3,22,2,0,0.36908337,0,0,0.21,0.15554813,15,52,0,0
5759,3,23,2,0,0.51821667,0,0,0.21,0.14226377,13.9,67,0,0
5760,3,24,2,0,0.67191666,0,0,0.21,0.14300722,15.6,36,0,0
5761,3,1,3,0,0.37416667,0,0,0.21,0.14648086,11.7,83,0,0
5762,3,2,3,0,0.30515,0,0,0.21,0.14754175,11.1,86,0,0
5763,3,3,3,0,0.28733334,0,0,0.21,0.14652784,11.7,72,0,0
5764,3,4,3,0,0.30136666,0,0,0.21,0.14344971,11.7,55,0,0
5765,3,5,3,0,0.32988334,0,0,0.21,0.15873905,11.1,55,0,0
5766,3,6,3,0,0.30051666,3.0666666,0.0122666664,0.21,0.17642206,11.1,53,5,12
5767,3,7,3,0,1.4875833,186.27916,0.74511664,0.21,0.18526426,13.3,45,93,405
5768,3,8,3,0,1.69725,428.3625,1.71345,0.21,0.1879058,17.8,33,310,713
5769,3,9,3,0,2.3680334,608.12915,2.4325166,0.21,0.19192529,19.4,22,536,847
5770,3,10,3,0,1.8060167,726.5208,2.9060832,0.21,0.19096853,21.1,19,726,912
5771,3,11,3,0,0.54296666,792.5125,3.17005,0.21,0.1862555,22.8,17,863,948
5772,3,12,3,0,0.54326665,798.57086,3.19428344,0.21,0.17807806,22.2,28,923,953
5773,3,13,3,0,0.8114833,740.67914,2.96271656,0.21,0.17952564,22.2,27,923,953
5774,3,14,3,0,0.53748333,638.3458,2.5533832,0.21,0.17885159,20,55,820,900
5775,3,15,3,0,0.1729334,501.2,2.0048,0.21,0.17782553,20.6,38,674,856
5776,3,16,3,0,0.6250667,311.54584,1.24618336,0.5,0.17439274,18.9,47,468,663
5777,3,17,3,0,0.46260002,112.645836,0.450583344,0.5,0.17766778,18.3,39,256,421
5778,3,18,3,0,0.027283398,15.079166,0.060316664,0.5,0.18120015,17.2,35,71,123
5779,3,19,3,0,0.031066718,0,0,0.5,0.18962778,17.2,33,4,4
5780,3,20,3,0,0.5259834,0,0,0.5,0.19091898,17.2,33,0,0
5781,3,21,3,0,0.90945,0,0,0.21,0.18300216,15.6,39,0,0
5782,3,22,3,0,0.9137167,0,0,0.21,0.15765655,16.7,37,0,0
5783,3,23,3,0,0.7883,0,0,0.21,0.14329092,16.7,35,0,0
5784,3,24,3,0,0.30108333,0,0,0.21,0.1388123,15.6,35,0,0
5785,3,1,4,0,0.28976667,0,0,0.21,0.13904566,14.4,41,0,0
5786,3,2,4,0,0.27648333,0,0,0.21,0.14010431,13.9,42,0,0
5787,3,3,4,0,0.27978334,0,0,0.21,0.1387341,13.9,40,0,0
5788,3,4,4,0,0.30158332,0,0,0.21,0.13977002,15,32,0,0
5789,3,5,4,0,0.28541666,0,0,0.21,0.15330276,14.4,28,0,0
5790,3,6,4,0,0.30465,3.025,0.0121,0.21,0.16639581,12.8,33,2,0
5791,3,7,4,0,1.3767834,181.025,0.7241,0.21,0.17065795,15.6,26,67,20
5792,3,8,4,0,1.6403,412.25418,1.64901672,0.21,0.17644097,17.8,21,217,254
5793,3,9,4,0,2.2139666,582.60834,2.33043336,0.21,0.17752293,20.6,14,451,332
5794,3,10,4,0,2.7291834,689.7833,2.7591332,0.21,0.17453279,22.2,12,637,509
5795,3,11,4,0,0.406,755.99585,3.0239834,0.21,0.17611566,23.3,14,777,595
5796,3,12,4,0,0.7190833,781.88336,3.12753344,0.21,0.17329834,25.6,14,741,448
5797,3,13,4,0,0.46056667,743.625,2.9745,0.21,0.17778891,25,16,875,610
5798,3,14,4,0,0.45945,665.31665,2.6612666,0.21,0.1792305,23.3,15,681,436
5799,3,15,4,0,0.35960004,499.26666,1.99706664,0.21,0.17564046,20.6,28,673,472
5800,3,16,4,0,1.180013e-07,268.20416,1.07281664,0.5,0.17651948,20,30,413,301
5801,3,17,4,0,0.06318339,72.63333,0.29053332,0.5,0.17691976,18.9,33,245,245
5802,3,18,4,0,0.056966703,7.116667,0.028466668,0.5,0.1813541,16.7,43,58,60
5803,3,19,4,0,3.34318e-05,0,0,0.5,0.18202883,16.7,38,1,0
5804,3,20,4,0,0.03235006,0,0,0.5,0.18026017,15.6,56,0,0
5805,3,21,4,0,0.072116695,0,0,0.21,0.16968584,15.6,56,0,0
5806,3,22,4,0,0.02018339,0,0,0.21,0.14187926,15.6,50,0,0
5807,3,23,4,0,0.20971671,0,0,0.21,0.12601583,15,44,0,0
5808,3,24,4,0,0.5777083,0,0,0.21,0.12828644,13.6,87,0,0
5809,3,1,5,0,0.36476666,0,0,0.21,0.13480443,15,35,0,0
5810,3,2,5,0,0.29741666,0,0,0.21,0.13273111,13.9,36,0,0
5811,3,3,5,0,0.28733334,0,0,0.21,0.13283323,14.4,32,0,0
5812,3,4,5,0,0.31191668,0,0,0.21,0.13013984,14.4,31,0,0
5813,3,5,5,0,0.55976665,0,0,0.21,0.14163433,13.3,27,0,0
5814,3,6,5,0,0.5187333,3.4208333,0.0136833332,0.21,0.15444995,12.8,29,7,6
5815,3,7,5,0,1.72105,177.35,0.7094,0.21,0.15866922,17.8,18,96,265
5816,3,8,5,0,1.98155,422.775,1.6911,0.21,0.16097395,20,19,307,618
5817,3,9,5,0,2.3601167,608.12085,2.4324834,0.21,0.16910423,22.2,17,506,772
5818,3,10,5,0,2.74435,720.36664,2.88146656,0.21,0.17131774,25,13,695,820
5819,3,11,5,0,2.2371333,783.1667,3.1326668,0.21,0.16712083,25.6,14,789,814
5820,3,12,5,0,0.74965,790.9083,3.1636332,0.21,0.16802654,25,22,867,806
5821,3,13,5,0,0.82771665,745.8,2.9832,0.21,0.16659346,22.8,32,883,754
5822,3,14,5,0,0.44556665,648.12085,2.5924834,0.21,0.16900685,24.4,19,813,785
5823,3,15,5,0,0.365,507.3625,2.02945,0.21,0.17143807,23.9,18,672,823
5824,3,16,5,0,0.014666757,321.37918,1.28551672,0.5,0.17372838,22.8,15,496,609
5825,3,17,5,0,0.0917167,118.10833,0.47243332,0.5,0.17552936,20,21,298,526
5826,3,18,5,0,0.049166698,19.829166,0.079316664,0.5,0.17614898,17.2,34,67,95
5827,3,19,5,0,0.056533363,0,0,0.5,0.18138175,15.6,60,4,4
5828,3,20,5,0,0.006333417,0,0,0.5,0.17917955,15.6,67,0,0
5829,3,21,5,0,0.13956672,0,0,0.21,0.17441458,15,84,0,0
5830,3,22,5,0,1.001358e-07,0,0,0.21,0.15302072,14.5,90,0,0
5831,3,23,5,0,0.24456005,0,0,0.21,0.13626543,14.1,87,0,0
5832,3,24,5,0,0.35249168,0,0,0.21,0.15008046,13.3,72,0,0
5833,4,1,6,0,0.24015,0,0,0.21,0.14718255,13.1,78,0,0
5834,4,2,6,0,0.21901667,0,0,0.21,0.14004333,12.6,77,0,0
5835,4,3,6,0,0.48038334,0,0,0.21,0.1354726,12.2,77,0,0
5836,4,4,6,0,0.48336667,0,0,0.21,0.1374319,11.7,80,0,0
5837,4,5,6,0,0.822475,0,0,0.21,0.14206322,11.7,77,0,0
5838,4,6,6,0,0.98733336,4.733333,0.018933332,0.21,0.13927512,12.2,80,2,0
5839,4,7,6,0,1.88755,197.12917,0.78851668,0.21,0.14487131,12.8,83,37,2
5840,4,8,6,0,1.8030334,428.73334,1.71493336,0.21,0.15592633,13.3,83,111,2
5841,4,9,6,0,2.3034666,601.9625,2.40785,0.21,0.17060341,15,75,238,2
5842,4,10,6,0,2.7728834,715.3333,2.8613332,0.21,0.17891383,16.1,67,258,1
5843,4,11,6,0,1.2211666,776.175,3.1047,0.21,0.17587705,15,75,419,2
5844,4,12,6,0,0.45728335,780.5917,3.1223668,0.21,0.17487232,15.6,72,514,70
5845,4,13,6,0,0.35598335,737.5125,2.95005,0.21,0.16970274,16.7,67,823,515
5846,4,14,6,0,0.49545,638.87085,2.5554834,0.21,0.16682157,16.7,65,656,411
5847,4,15,6,0,0.33506668,503.4375,2.01375,0.21,0.16752595,15.6,62,355,52
5848,4,16,6,0,0.000100118,319.80832,1.27923328,0.5,0.1662127,14.4,70,448,430
5849,4,17,6,0,0.08786672,112.1875,0.44875,0.5,0.17012602,13.9,69,233,195
5850,4,18,6,0,0.020033423,13.879167,0.055516668,0.5,0.17389202,13.9,69,59,35
5851,4,19,6,0,0.03186673,0,0,0.5,0.16984352,13.9,69,3,0
5852,4,20,6,0,0.15575004,0,0,0.5,0.17051257,13.3,72,0,0
5853,4,21,6,0,1.001358e-07,0,0,0.21,0.16443995,13.3,69,0,0
5854,4,22,6,0,0.32261673,0,0,0.21,0.16347976,13.9,67,0,0
5855,4,23,6,0,0.45931667,0,0,0.21,0.1614437,13.9,67,0,0
5856,4,24,6,0,0.456725,0,0,0.21,0.16325518,10.6,74,0,0
5857,4,1,7,0,0.34181666,0,0,0.21,0.15560672,13.3,72,0,0
5858,4,2,7,0,0.33996665,0,0,0.21,0.14278108,13.3,72,0,0
5859,4,3,7,0,0.33585,0,0,0.21,0.1459187,12.2,77,0,0
5860,4,4,7,0,0.36773333,0,0,0.21,0.14352278,11.1,80,0,0
5861,4,5,7,0,0.32295,0,0,0.21,0.14048986,10.6,77,0,0
5862,4,6,7,0,0.27810833,5.045833,0.020183332,0.21,0.14508107,11.1,72,4,1
5863,4,7,7,0,0.9846333,194.15416,0.77661664,0.21,0.13060838,11.1,72,88,167
5864,4,8,7,0,1.66275,419.42084,1.67768336,0.21,0.14062952,12.2,67,247,329
5865,4,9,7,0,2.0812833,583.94165,2.3357666,0.21,0.14689223,13.3,60,469,559
5866,4,10,7,0,2.64525,697.125,2.7885,0.21,0.15674315,13.3,60,649,603
5867,4,11,7,0,1.2135333,753.75,3.015,0.21,0.15218528,13.9,60,703,670
5868,4,12,7,0,0.40346667,758.92914,3.03571656,0.21,0.14497001,14.4,58,821,694
5869,4,13,7,0,0.5542333,719.45416,2.87781664,0.21,0.13925807,15,58,886,847
5870,4,14,7,0,0.6813,640.1625,2.56065,0.21,0.1349961,15,56,821,822
5871,4,15,7,0,0.25155005,495.75,1.983,0.21,0.13846643,15,60,686,715
5872,4,16,7,0,0.43381673,321.70416,1.28681664,0.5,0.1414463,13.9,64,475,459
5873,4,17,7,0,0.27890006,118.24167,0.47296668,0.5,0.15195853,13.9,51,137,101
5874,4,18,7,0,0.0028667522,18.270834,0.073083336,0.5,0.1514837,12.8,57,77,120
5875,4,19,7,0,1.12405,0,0,0.5,0.15501195,11.7,64,6,12
5876,4,20,7,0,0.99665,0,0,0.5,0.16951765,12.8,59,0,0
5877,4,21,7,0,0.9651833,0,0,0.21,0.16946352,12.8,64,0,0
5878,4,22,7,0,0.5161833,0,0,0.21,0.15083404,11.7,66,0,0
5879,4,23,7,0,0.3873,0,0,0.21,0.14511319,11.1,74,0,0
5880,4,24,7,0,0.36335,0,0,0.21,0.14400457,12.2,72,0,0
5881,4,1,1,0,0.30255,0,0,0.21,0.14638135,11.7,69,0,0
5882,4,2,1,0,0.29745,0,0,0.21,0.14739217,11.1,69,0,0
5883,4,3,1,0,0.2958,0,0,0.21,0.14464118,10,71,0,0
5884,4,4,1,0,0.31733334,0,0,0.21,0.14403974,10,71,0,0
5885,4,5,1,0,0.31503335,0,0,0.21,0.1548491,9.4,74,0,0
5886,4,6,1,0,0.33860832,4.641667,0.018566668,0.21,0.18771586,9.4,74,10,20
5887,4,7,1,0,1.515,200.23334,0.80093336,0.21,0.19207366,11.1,69,106,382
5888,4,8,1,0,1.7222333,427.91666,1.71166664,0.21,0.17732167,12.8,69,269,428
5889,4,9,1,0,2.0200667,601.8375,2.40735,0.21,0.17553788,14.4,62,549,815
5890,4,10,1,0,2.6614833,716.5958,2.8663832,0.21,0.17389578,16.1,58,679,677
5891,4,11,1,0,1.9999334,775.67084,3.10268336,0.21,0.17050646,16.7,58,806,686
5892,4,12,1,0,0.69803333,769.76666,3.07906664,0.21,0.16575783,15.6,70,815,660
5893,4,13,1,0,0.8509333,716.5875,2.86635,0.21,0.16329433,16.1,58,918,916
5894,4,14,1,0,0.5964,631.42084,2.52568336,0.21,0.16325782,15.6,62,846,898
5895,4,15,1,0,0.21900006,482.7375,1.93095,0.21,0.16574588,15.6,52,710,861
5896,4,16,1,0,0.6162167,291.08334,1.16433336,0.5,0.16677792,15.6,54,530,807
5897,4,17,1,0,0.31416667,116.208336,0.464833344,0.5,0.168448,14.4,67,304,666
5898,4,18,1,0,0.082133405,20.6125,0.08245,0.5,0.17080091,13.3,72,93,365
5899,4,19,1,0,0.00056676514,0,0,0.5,0.17272414,12.8,75,6,11
5900,4,20,1,0,0.0018334318,0,0,0.5,0.17545295,12.8,75,0,0
5901,4,21,1,0,0.06591668,0,0,0.21,0.16949141,12.2,75,0,0
5902,4,22,1,0,0.07940003,0,0,0.21,0.15699463,12.8,72,0,0
5903,4,23,1,0,0.0012000934,0,0,0.21,0.14412639,12.8,75,0,0
5904,4,24,1,0,0.16188337,0,0,0.21,0.1339639,16.1,58,0,0
5905,4,1,2,0,0.25455,0,0,0.21,0.12925696,11.7,74,0,0
5906,4,2,2,0,0.2364,0,0,0.21,0.12944369,11.1,77,0,0
5907,4,3,2,0,0.2576,0,0,0.21,0.12877372,11.1,77,0,0
5908,4,4,2,0,0.29223335,0,0,0.21,0.12963223,10.6,77,0,0
5909,4,5,2,0,0.41866666,0,0,0.21,0.13665912,10,77,0,0
5910,4,6,2,0,0.28395,4.8791666,0.0195166664,0.21,0.1557378,10,74,12,39
5911,4,7,2,0,1.6205,173.8125,0.69525,0.21,0.1576846,11.7,72,119,480
5912,4,8,2,0,1.8150834,417.6125,1.67045,0.21,0.15683948,13.9,62,339,740
5913,4,9,2,0,2.1452668,590.4708,2.3618832,0.21,0.16543162,16.7,52,560,853
5914,4,10,2,0,2.6380668,692.86664,2.77146656,0.21,0.16520323,19.4,45,743,910
5915,4,11,2,0,1.4955833,746.975,2.9879,0.21,0.17113829,18.9,54,869,936
5916,4,12,2,0,0.85305,741.4792,2.9659168,0.21,0.16975312,19.4,53,933,947
5917,4,13,2,0,0.33415,710.05,2.8402,0.21,0.16353838,20,49,932,949
5918,4,14,2,0,0.32113335,617.6667,2.4706668,0.21,0.16326685,18.3,54,860,935
5919,4,15,2,0,0.26860005,479.24167,1.91696668,0.21,0.16759296,19.4,47,726,904
5920,4,16,2,0,1.2207032e-07,299.7125,1.19885,0.5,0.16652459,18.9,52,538,842
5921,4,17,2,0,0.07656671,104.89167,0.41956668,0.5,0.16318467,18.9,49,316,722
5922,4,18,2,0,0.029233396,31.95,0.1278,0.5,0.1684616,17.2,54,100,436
5923,4,19,2,0,0.012033405,0,0,0.5,0.17344266,20,31,7,22
5924,4,20,2,0,1.001358e-07,0,0,0.5,0.16905047,18.3,50,0,0
5925,4,21,2,0,1.001358e-07,0,0,0.21,0.1599126,16.1,63,0,0
5926,4,22,2,0,1.001358e-07,0,0,0.21,0.15096724,15.6,65,0,0
5927,4,23,2,0,0.13196671,0,0,0.21,0.13780153,16.7,60,0,0
5928,4,24,2,0,0.33626667,0,0,0.21,0.13752031,17.2,48,0,0
5929,4,1,3,0,0.30825,0,0,0.21,0.1425383,15.6,56,0,0
5930,4,2,3,0,0.28921667,0,0,0.21,0.14167437,15,54,0,0
5931,4,3,3,0,0.47201666,0,0,0.21,0.1335884,14.4,49,0,0
5932,4,4,3,0,0.42461666,0,0,0.21,0.13092099,13.9,47,0,0
5933,4,5,3,0,0.29931667,0,0,0.21,0.14900438,13.3,49,0,0
5934,4,6,3,0,0.25656667,6.9125,0.02765,0.21,0.15777549,13.9,46,9,9
5935,4,7,3,0,0.849,171.32916,0.68531664,0.21,0.16411582,16.7,40,108,321
5936,4,8,3,0,1.19115,321.32916,1.28531664,0.21,0.16978955,20.6,26,325,616
5937,4,9,3,0,2.0477166,550.05,2.2002,0.21,0.18195106,23.3,22,548,754
5938,4,10,3,0,2.5304167,665.65,2.6626,0.21,0.1798315,26.7,19,737,828
5939,4,11,3,0,0.48458335,742.0833,2.9683332,0.21,0.17800742,28.3,15,874,872
5940,4,12,3,0,0.28358334,738.3875,2.95355,0.21,0.17609958,28.9,14,940,887
5941,4,13,3,0,0.35288334,706.6583,2.8266332,0.21,0.16952626,28.3,13,939,890
5942,4,14,3,0,0.29975,619.0292,2.4761168,0.21,0.1645751,27.2,16,861,867
5943,4,15,3,0,0.22823337,479.76666,1.91906664,0.21,0.16768643,26.7,16,721,825
5944,4,16,3,0,0.66663337,303.48334,1.21393336,0.5,0.16835952,26.7,16,527,747
5945,4,17,3,0,0.7148167,112.45,0.4498,0.5,0.16980706,23.3,28,298,590
5946,4,18,3,0,0.6035,16.6875,0.06675,0.5,0.17055574,19.4,45,88,271
5947,4,19,3,0,0.030333389,0,0,0.5,0.17228793,18.9,47,5,3
5948,4,20,3,0,0.61595005,0,0,0.5,0.17585258,18.9,47,0,0
5949,4,21,3,0,1.3147334,0,0,0.21,0.16725993,18.9,45,0,0
5950,4,22,3,0,1.4236,0,0,0.21,0.14019793,18.9,43,0,0
5951,4,23,3,0,0.46168333,0,0,0.21,0.13059352,18.9,43,0,0
5952,4,24,3,0,0.42538333,0,0,0.21,0.13405758,13.3,75,0,0
5953,4,1,4,0,0.31356665,0,0,0.21,0.15354088,17.2,46,0,0
5954,4,2,4,0,0.26388332,0,0,0.21,0.14411695,16.7,45,0,0
5955,4,3,4,0,0.29335,0,0,0.21,0.124512054,16.1,48,0,0
5956,4,4,4,0,0.26888335,0,0,0.21,0.1302293,15,51,0,0
5957,4,5,4,0,0.22825,0,0,0.21,0.13075548,14.4,46,0,0
5958,4,6,4,0,0.29016668,11.983334,0.047933336,0.21,0.14007485,15,44,13,22
5959,4,7,4,0,0.64776665,121.63333,0.48653332,0.21,0.15213993,17.2,40,119,402
5960,4,8,4,0,1.1712166,314.83334,1.25933336,0.21,0.15457484,19.4,39,338,674
5961,4,9,4,0,1.5934833,405.05417,1.62021668,0.21,0.1551582,20.6,38,559,798
5962,4,10,4,0,2.4172583,686.8063,2.7472252,0.21,0.16918887,22.8,40,742,860
5963,4,11,4,0,1.5652833,700.075,2.8003,0.21,0.167632,22.2,51,866,887
5964,4,12,4,0,0.6878,799.04584,3.19618336,0.21,0.1700265,21.7,49,932,904
5965,4,13,4,0,0.38976666,759.05414,3.03621656,0.21,0.17794947,20.6,61,924,899
5966,4,14,4,0,0.5204,583.4167,2.3336668,0.21,0.18342431,21.1,49,855,887
5967,4,15,4,0,0.47061673,405.54166,1.62216664,0.21,0.1831527,18.9,54,721,853
5968,4,16,4,0,0.7004167,199.68333,0.79873332,0.5,0.18542463,17.8,56,531,781
5969,4,17,4,0,0.63268334,122.15,0.4886,0.5,0.19277337,16.7,70,307,644
5970,4,18,4,0,0.20856671,43.5625,0.17425,0.5,0.18593085,16.1,65,96,343
5971,4,19,4,0,0.03141674,0,0,0.5,0.18326516,15.6,60,7,10
5972,4,20,4,0,0.0025667385,0,0,0.5,0.18442729,14.4,67,0,0
5973,4,21,4,0,0.19851671,0,0,0.21,0.17971173,13.9,72,0,0
5974,4,22,4,0,0.67615,0,0,0.21,0.17409228,13.9,78,0,0
5975,4,23,4,0,0.83183336,0,0,0.21,0.15957779,13.3,78,0,0
5976,4,24,4,0,0.49645832,0,0,0.21,0.14106373,13.9,72,0,0
5977,4,1,5,0,0.51375,0,0,0.21,0.1486526,12.8,77,0,0
5978,4,2,5,0,0.34118333,0,0,0.21,0.14800909,12.8,75,0,0
5979,4,3,5,0,0.30266666,0,0,0.21,0.1508633,12.8,72,0,0
5980,4,4,5,0,0.34395,0,0,0.21,0.15087536,12.8,75,0,0
5981,4,5,5,0,0.32803333,0,0,0.21,0.14083453,12.8,72,0,0
5982,4,6,5,0,0.34694168,0.20833333,0.00083333332,0.21,0.15263931,12.8,72,11,14
5983,4,7,5,0,0.67478335,45.8625,0.18345,0.21,0.16574937,13.9,62,88,99
5984,4,8,5,0,1.6397166,348.6,1.3944,0.21,0.17446992,14.4,60,241,262
5985,4,9,5,0,2.1958666,562.1375,2.24855,0.21,0.17394383,15,60,320,145
5986,4,10,5,0,2.516,643.525,2.5741,0.21,0.1731056,15.6,54,522,177
5987,4,11,5,0,0.97083336,723.4708,2.8938832,0.21,0.17513071,16.7,52,621,196
5988,4,12,5,0,0.2504,759.94165,3.0397666,0.21,0.16967848,16.7,52,621,235
5989,4,13,5,0,0.43086666,688.31665,2.7532666,0.21,0.16870861,17.2,50,717,390
5990,4,14,5,0,0.39166668,614.6583,2.4586332,0.21,0.16691671,17.8,48,867,877
5991,4,15,5,0,0.3055834,497.55,1.9902,0.21,0.15631495,17.2,50,696,735
5992,4,16,5,0,0.0062501095,279.675,1.1187,0.5,0.15770221,15.6,60,517,735
5993,4,17,5,0,0.18173334,123.60833,0.49443332,0.5,0.15793563,15,62,250,363
5994,4,18,5,0,0.043600053,38.258335,0.15303334,0.5,0.15765876,13.3,72,73,95
5995,4,19,5,0,1.001358e-07,0,0,0.5,0.15957503,13.3,72,2,0
5996,4,20,5,0,1.001358e-07,0,0,0.5,0.16048652,13.3,72,0,0
5997,4,21,5,0,1.001358e-07,0,0,0.21,0.1473102,13.9,69,0,0
5998,4,22,5,0,0.28995007,0,0,0.21,0.12796202,13.9,69,0,0
5999,4,23,5,0,0.44908,0,0,0.21,0.12581389,13.9,72,0,0
6000,4,24,5,0,0.27985832,0,0,0.21,0.11750239,13.9,75,0,0
6001,4,1,6,0,0.3478,0,0,0.21,0.117198065,13.9,62,0,0
6002,4,2,6,0,0.27225,0,0,0.21,0.11925962,13.9,62,0,0
6003,4,3,6,0,0.26055,0,0,0.21,0.1158799,13.9,60,0,0
6004,4,4,6,0,0.24845,0,0,0.21,0.11765261,13.9,60,0,0
6005,4,5,6,0,0.2569,0,0,0.21,0.11550916,13.9,57,0,0
6006,4,6,6,0,0.24251667,0,0,0.21,0.119124725,13.9,60,11,0
6007,4,7,6,0,1.1580833,13.1125,0.05245,0.21,0.12379346,14.4,58,90,107
6008,4,8,6,0,0.96786666,53.9875,0.21595,0.21,0.13519242,15.6,56,278,332
6009,4,9,6,0,0.8794,94.025,0.3761,0.21,0.13718212,16.7,56,440,304
6010,4,10,6,0,1.4154834,257.92084,1.03168336,0.21,0.13455921,17.2,56,681,598
6011,4,11,6,0,1.18435,209.51666,0.83806664,0.21,0.14237243,17.2,58,805,673
6012,4,12,6,0,1.3014333,502.14166,2.00856664,0.21,0.14385483,16.7,58,864,697
6013,4,13,6,0,2.15225,650.1042,2.6004168,0.21,0.13603602,17.2,56,849,681
6014,4,14,6,0,2.04675,553.825,2.2153,0.21,0.13418369,16.7,67,801,686
6015,4,15,6,0,0.872,280.84167,1.12336668,0.21,0.12915066,16.1,70,667,627
6016,4,16,6,0,0.19916667,108.25,0.433,0.5,0.12160747,15.6,72,457,501
6017,4,17,6,0,0.1278,64.84167,0.25936668,0.5,0.124971576,15,72,259,346
6018,4,18,6,0,0.0021334137,20.495832,0.081983328,0.5,0.12745808,13.9,78,77,111
6019,4,19,6,0,0.04701676,0,0,0.5,0.14062677,13.3,83,6,0
6020,4,20,6,0,0.14661671,0,0,0.5,0.1425418,13.3,80,0,0
6021,4,21,6,0,0.44985005,0,0,0.21,0.13445415,12.8,80,0,0
6022,4,22,6,0,0.6472333,0,0,0.21,0.11894613,13.9,72,0,0
6023,4,23,6,0,0.44235,0,0,0.21,0.11871485,13.9,72,0,0
6024,4,24,6,0,0.40226668,0,0,0.21,0.11744311,13.9,78,0,0
6025,4,1,7,0,0.92615,0,0,0.21,0.11854979,13.3,78,0,0
6026,4,2,7,0,1.0405333,0,0,0.21,0.118958004,12.8,77,0,0
6027,4,3,7,0,1.15895,0,0,0.21,0.12141485,12.2,83,0,0
6028,4,4,7,0,1.45905,0,0,0.21,0.12802473,12.8,80,0,0
6029,4,5,7,0,0.6814833,0,0,0.21,0.13081099,12.2,77,0,0
6030,4,6,7,0,1.0214334,4.2458334,0.0169833336,0.21,0.12995596,11.7,80,14,3
6031,4,7,7,0,2.3351333,127.24167,0.50896668,0.21,0.13125694,12.8,77,98,175
6032,4,8,7,0,1.3602667,316.55,1.2662,0.21,0.1369214,14.4,75,275,330
6033,4,9,7,0,2.0460835,502.44168,2.00976672,0.21,0.13612175,16.1,63,393,165
6034,4,10,7,0,1.6765333,477.85,1.9114,0.21,0.13248938,16.7,65,490,240
6035,4,11,7,0,1.70215,462.15417,1.84861668,0.21,0.13594447,17.8,63,817,647
6036,4,12,7,0,2.2317834,610.39166,2.44156664,0.21,0.13387528,17.8,63,909,765
6037,4,13,7,0,1.3407167,669.1375,2.67655,0.21,0.13175766,17.8,65,887,745
6038,4,14,7,0,0.28083333,598.6875,2.39475,0.21,0.13228321,17.2,65,829,741
6039,4,15,7,0,0.021066716,521.0958,2.0843832,0.21,0.13618545,16.7,67,664,659
6040,4,16,7,0,0.9663333,328.0625,1.31225,0.5,0.14490438,16.7,70,490,456
6041,4,17,7,0,0.22175005,122.9,0.4916,0.5,0.15044482,15.6,72,263,412
6042,4,18,7,0,1.00247064e-07,19.8,0.0792,0.5,0.1563032,14.4,75,83,155
6043,4,19,7,0,1.001358e-07,0,0,0.5,0.15541586,13.3,83,7,1
6044,4,20,7,0,0.008900086,0,0,0.5,0.16822529,13.3,80,0,0
6045,4,21,7,0,0.03588337,0,0,0.21,0.15515296,13.3,80,0,0
6046,4,22,7,0,0.05913337,0,0,0.21,0.13382106,13.3,80,0,0
6047,4,23,7,0,0.021050097,0,0,0.21,0.11991131,13.3,80,0,0
6048,4,24,7,0,0.7098,0,0,0.21,0.11671127,14.4,81,0,0
6049,4,1,1,0,0.31045,0,0,0.21,0.11346092,13.9,78,0,0
6050,4,2,1,0,0.25,0,0,0.21,0.11364551,13.9,78,0,0
6051,4,3,1,0,0.26826334,0,0,0.21,0.11245808,13.9,78,0,0
6052,4,4,1,0,0.27475,0,0,0.21,0.115633965,13.9,78,0,0
6053,4,5,1,0,1.0055166,0,0,0.21,0.1283637,14.4,75,0,0
6054,4,6,1,0,0.42715,14.225,0.0569,0.21,0.1443109,14.4,75,10,0
6055,4,7,1,0,2.2472334,226.07083,0.90428332,0.21,0.14579146,15,70,52,4
6056,4,8,1,0,2.1999,469.39166,1.87756664,0.21,0.13962847,15,70,133,5
6057,4,9,1,0,2.4538667,626.50415,2.5060166,0.21,0.1465088,15.6,67,223,3
6058,4,10,1,0,2.8533666,721.0875,2.88435,0.21,0.14954394,16.1,65,331,5
6059,4,11,1,0,0.9950333,749.20416,2.99681664,0.21,0.15024221,16.1,67,353,1
6060,4,12,1,0,0.9619167,768.825,3.0753,0.21,0.15666719,16.1,67,353,0
6061,4,13,1,0,1.0598,732.0833,2.9283332,0.21,0.16101524,16.1,65,433,2
6062,4,14,1,0,0.51855,650.89166,2.60356664,0.21,0.16398533,17.2,63,369,2
6063,4,15,1,0,0.37933335,512.025,2.0481,0.21,0.1749686,16.7,65,332,1
6064,4,16,1,0,0.04570007,328.01666,1.31206664,0.5,0.18560071,16.7,65,296,69
6065,4,17,1,0,0.28471667,122,0.488,0.5,0.15809005,16.1,65,157,66
6066,4,18,1,0,0.25330004,19.920834,0.079683336,0.5,0.15742579,14.4,72,77,104
6067,4,19,1,0,0.11481671,0,0,0.5,0.16205059,13.9,80,4,0
6068,4,20,1,0,0.0052667516,0,0,0.5,0.17280644,14.4,78,0,0
6069,4,21,1,0,0.004150087,0,0,0.21,0.16026936,14.4,81,0,0
6070,4,22,1,0,0.19655006,0,0,0.21,0.1290696,15,72,0,0
6071,4,23,1,0,0.38323334,0,0,0.21,0.117913395,14.4,78,0,0
6072,4,24,1,0,0.297425,0,0,0.21,0.116379075,13.3,80,0,0
6073,4,1,2,0,0.269,0,0,0.21,0.12148029,12.8,86,0,0
6074,4,2,2,0,0.27986667,0,0,0.21,0.121337704,13.9,80,0,0
6075,4,3,2,0,0.28978333,0,0,0.21,0.11935419,14.4,78,0,0
6076,4,4,2,0,0.30238333,0,0,0.21,0.12126662,13.9,80,0,0
6077,4,5,2,0,0.22571667,0,0,0.21,0.13110296,13.9,78,0,0
6078,4,6,2,0,0.2301,4.475,0.0179,0.21,0.1327043,13.9,83,14,1
6079,4,7,2,0,1.5809833,221.9125,0.88765,0.21,0.13520746,14.4,81,58,15
6080,4,8,2,0,1.6537833,420.20416,1.68081664,0.21,0.14028937,15,81,95,2
6081,4,9,2,0,2.3223667,607.32916,2.42931664,0.21,0.1456736,16.1,78,251,43
6082,4,10,2,0,2.5865333,678.5333,2.7141332,0.21,0.14682326,17.2,68,739,648
6083,4,11,2,0,1.0703666,713.2292,2.8529168,0.21,0.14651532,17.8,63,788,523
6084,4,12,2,0,0.33095,739.05,2.9562,0.21,0.1410614,18.3,56,678,252
6085,4,13,2,0,0.5513167,650.0917,2.6003668,0.21,0.14821313,18.9,54,921,651
6086,4,14,2,0,0.46656668,508.7375,2.03495,0.21,0.14981756,17.2,60,668,305
6087,4,15,2,0,0.00033340658,509.32916,2.03731664,0.21,0.1586344,17.8,58,553,387
6088,4,16,2,0,0.90645003,314.00833,1.25603332,0.5,0.16887705,16.1,63,329,155
6089,4,17,2,0,0.42811668,124.36667,0.49746668,0.5,0.16575544,16.1,63,272,305
6090,4,18,2,0,0.05513336,29.341667,0.117366668,0.5,0.1684934,14.4,72,66,30
6091,4,19,2,0,0.029316721,0,0,0.5,0.17385097,13.9,78,8,1
6092,4,20,2,0,0.09695007,0,0,0.5,0.17917958,13.9,75,0,0
6093,4,21,2,0,1.001358e-07,0,0,0.21,0.15721814,13.9,75,0,0
6094,4,22,2,0,0.0058167633,0,0,0.21,0.12987703,13.3,78,0,0
6095,4,23,2,0,0.10278342,0,0,0.21,0.120308176,13.3,80,0,0
6096,4,24,2,0,0.570225,0,0,0.21,0.1152966,13.9,78,0,0
6097,4,1,3,0,0.27235,0,0,0.21,0.116578296,13.3,78,0,0
6098,4,2,3,0,0.27636668,0,0,0.21,0.11605739,12.8,80,0,0
6099,4,3,3,0,0.25591666,0,0,0.21,0.118991144,12.2,80,0,0
6100,4,4,3,0,0.25053334,0,0,0.21,0.11803324,12.2,80,0,0
6101,4,5,3,0,0.266,0,0,0.21,0.124093056,12.2,83,0,0
6102,4,6,3,0,0.29293334,18.333334,0.073333336,0.21,0.1304308,11.7,83,16,1
6103,4,7,3,0,1.6379334,231.15416,0.92461664,0.21,0.13301192,12.8,83,97,31
6104,4,8,3,0,1.79315,449.81042,1.79924168,0.21,0.14201777,14.4,81,176,18
6105,4,9,3,0,2.3299,612.87915,2.4515166,0.21,0.1450645,16.1,70,368,77
6106,4,10,3,0,2.5007,716.32086,2.86528344,0.21,0.14681984,17.8,63,471,117
6107,4,11,3,0,0.53223336,770.5292,3.0821168,0.21,0.15212606,18.9,63,521,119
6108,4,12,3,0,0.21418333,773.2792,3.0931168,0.21,0.15995887,19.4,61,834,395
6109,4,13,3,0,0.23948333,735.6625,2.94265,0.21,0.16416812,19.4,59,849,505
6110,4,14,3,0,0.33213332,648.81665,2.5952666,0.21,0.16466558,18.3,63,783,518
6111,4,15,3,0,0.3161167,506.83334,2.02733336,0.21,0.1599506,17.8,68,676,595
6112,4,16,3,0,1.2207032e-07,316.29584,1.26518336,0.5,0.15888369,17.2,65,469,436
6113,4,17,3,0,0.015866753,121.025,0.4841,0.5,0.15848543,16.7,70,244,244
6114,4,18,3,0,0.00295009,21.604166,0.086416664,0.5,0.15891968,15,75,75,120
6115,4,19,3,0,0.054833412,0,0,0.5,0.15760149,13.9,78,9,0
6116,4,20,3,0,0.011083405,0,0,0.5,0.15774275,13.3,80,0,0
6117,4,21,3,0,0.015516735,0,0,0.21,0.14610592,13.3,80,0,0
6118,4,22,3,0,1.001358e-07,0,0,0.21,0.12640268,13.9,80,0,0
6119,4,23,3,0,0.39951673,0,0,0.21,0.11220785,13.9,78,0,0
6120,4,24,3,0,0.8683583,0,0,0.21,0.11137252,13.3,87,0,0
6121,4,1,4,0,0.4606,0,0,0.21,0.11200703,13.3,78,0,0
6122,4,2,4,0,0.31875,0,0,0.21,0.10994811,12.8,80,0,0
6123,4,3,4,0,0.27788332,0,0,0.21,0.11027316,11.1,86,0,0
6124,4,4,4,0,0.28346667,0,0,0.21,0.11304289,12.2,86,0,0
6125,4,5,4,0,0.3031,0,0,0.21,0.118935734,13.3,83,0,0
6126,4,6,4,0,0.33666667,0.94166666,0.00376666664,0.21,0.13052006,13.9,78,9,0
6127,4,7,4,0,0.6746333,79.520836,0.318083344,0.21,0.14459705,14.4,75,37,1
6128,4,8,4,0,0.78855,170.69583,0.68278332,0.21,0.15109558,15,72,210,8
6129,4,9,4,0,1.2747667,345.97916,1.38391664,0.21,0.14709346,15.6,70,212,0
6130,4,10,4,0,0.9360167,250.2875,1.00115,0.21,0.14454247,17.2,65,653,470
6131,4,11,4,0,0.5624167,172.74167,0.69096668,0.21,0.14121549,17.8,65,827,679
6132,4,12,4,0,0.7283667,207.30833,0.82923332,0.21,0.1421236,17.8,65,935,845
6133,4,13,4,0,1.2679,477.49582,1.90998328,0.21,0.14031698,17.8,65,937,852
6134,4,14,4,0,2.3534334,621.00415,2.4840166,0.21,0.13448729,17.8,65,862,834
6135,4,15,4,0,0.83685,407.97916,1.63191664,0.21,0.14108661,17.2,65,724,794
6136,4,16,4,0,0.04821677,178.3875,0.71355,0.5,0.14214279,17.2,63,529,710
6137,4,17,4,0,0.06330005,86.933334,0.347733336,0.5,0.14732051,16.1,70,309,570
6138,4,18,4,0,0.30765003,17.616667,0.070466668,0.5,0.14683323,15,75,101,283
6139,4,19,4,0,1.001358e-07,0,0,0.5,0.15234657,14.4,84,9,6
6140,4,20,4,0,0.05431676,0,0,0.5,0.16132677,14.4,84,0,0
6141,4,21,4,0,0.4444667,0,0,0.21,0.14762539,13.9,83,0,0
6142,4,22,4,0,1.0293666,0,0,0.21,0.122348964,13.3,87,0,0
6143,4,23,4,0,1.05805,0,0,0.21,0.11006392,13.3,87,0,0
6144,4,24,4,0,0.793675,0,0,0.21,0.109008305,12.8,83,0,0
6145,4,1,5,0,0.37171668,0,0,0.21,0.10639252,13.3,83,0,0
6146,4,2,5,0,0.46645,0,0,0.21,0.10862452,13.3,80,0,0
6147,4,3,5,0,0.65066665,0,0,0.21,0.11234897,13.3,80,0,0
6148,4,4,5,0,1.1538167,0,0,0.21,0.11722153,13.3,83,0,0
6149,4,5,5,0,1.2761166,0,0,0.21,0.12987371,13.9,80,0,0
6150,4,6,5,0,1.05185,22.570833,0.090283332,0.21,0.14160167,13.9,78,14,0
6151,4,7,5,0,1.8846,246.66667,0.98666668,0.21,0.14292887,13.9,80,82,0
6152,4,8,5,0,1.8626,449.1,1.7964,0.21,0.14967866,14.4,78,164,6
6153,4,9,5,0,2.2873166,588.4625,2.35385,0.21,0.14814734,16.7,70,243,98
6154,4,10,5,0,2.8276834,725.92914,2.90371656,0.21,0.14907521,17.2,70,662,586
6155,4,11,5,0,1.4984334,788.19586,3.15278344,0.21,0.14848642,17.2,68,653,411
6156,4,12,5,0,0.9727333,798.73334,3.19493336,0.21,0.14422864,16.7,67,962,941
6157,4,13,5,0,0.765,750.025,3.0001,0.21,0.14365244,15.6,70,940,923
6158,4,14,5,0,0.3787,655.32916,2.62131664,0.21,0.14308743,16.7,65,883,927
6159,4,15,5,0,0.40180004,512.17914,2.04871656,0.21,0.14424713,16.1,70,742,888
6160,4,16,5,0,1.2207032e-07,325.67917,1.30271668,0.5,0.14659746,15.6,70,561,832
6161,4,17,5,0,0.305,124.8125,0.49925,0.5,0.14666343,15,72,322,669
6162,4,18,5,0,0.002433416,24.616667,0.098466668,0.5,0.14485402,13.9,78,100,216
6163,4,19,5,0,0.0073334016,0,0,0.5,0.14799611,13.9,80,13,2
6164,4,20,5,0,0.0045500835,0,0,0.5,0.1496623,13.9,80,0,0
6165,4,21,5,0,0.04906671,0,0,0.21,0.14417775,13.3,80,0,0
6166,4,22,5,0,1.001358e-07,0,0,0.21,0.13594188,12.8,83,0,0
6167,4,23,5,0,1.001358e-07,0,0,0.21,0.12353212,12.8,83,0,0
6168,4,24,5,0,0.38945004,0,0,0.21,0.1126797,13.3,83,0,0
6169,4,1,6,0,0.46178332,0,0,0.21,0.115673274,12.8,80,0,0
6170,4,2,6,0,0.30948332,0,0,0.21,0.12003157,12.8,80,0,0
6171,4,3,6,0,0.296,0,0,0.21,0.11970572,12.2,83,0,0
6172,4,4,6,0,0.30866668,0,0,0.21,0.113401726,12.2,83,0,0
6173,4,5,6,0,0.2866,0,0,0.21,0.1160412,12.2,83,0,0
6174,4,6,6,0,0.75525,28.270834,0.113083336,0.21,0.1295492,12.8,80,6,1
6175,4,7,6,0,2.0749166,252.39166,1.00956664,0.21,0.15383846,12.8,83,59,5
6176,4,8,6,0,1.86935,462.225,1.8489,0.21,0.14344491,13.3,80,144,0
6177,4,9,6,0,2.3821332,618.43335,2.4737334,0.21,0.13225484,13.9,78,213,0
6178,4,10,6,0,2.9039667,721.325,2.8853,0.21,0.12607229,15.6,72,315,2
6179,4,11,6,0,1.4483833,771.8,3.0872,0.21,0.12753315,15.6,72,690,444
6180,4,12,6,0,0.34071666,771.9083,3.0876332,0.21,0.12925835,16.1,67,921,848
6181,4,13,6,0,0.35128334,729.175,2.9167,0.21,0.1266168,16.1,67,950,789
6182,4,14,6,0,0.38153332,642.725,2.5709,0.21,0.12472897,15.6,72,685,372
6183,4,15,6,0,0.2704167,499.9,1.9996,0.21,0.122720376,15,75,477,133
6184,4,16,6,0,0.19620009,322.6625,1.29065,0.5,0.12228734,14.4,78,324,66
6185,4,17,6,0,0.3290167,127.145836,0.508583344,0.5,0.12866934,14.4,78,291,452
6186,4,18,6,0,0.0056500705,22.133333,0.088533332,0.5,0.13184208,13.3,83,48,1
6187,4,19,6,0,0.13800006,0,0,0.5,0.13757636,13.3,83,6,1
6188,4,20,6,0,1.001358e-07,0,0,0.5,0.134433,13.3,83,0,0
6189,4,21,6,0,0.85018337,0,0,0.21,0.123510785,13.9,80,0,0
6190,4,22,6,0,0.058800083,0,0,0.21,0.12019144,14.4,78,0,0
6191,4,23,6,0,0.7898333,0,0,0.21,0.11620022,13.3,83,0,0
6192,4,24,6,0,0.35305,0,0,0.21,0.10721169,13.9,83,0,0
6193,4,1,7,0,0.3156,0,0,0.21,0.10620842,12.8,83,0,0
6194,4,2,7,0,0.29176667,0,0,0.21,0.10248578,12.8,80,0,0
6195,4,3,7,0,0.29478332,0,0,0.21,0.10267528,12.2,83,0,0
6196,4,4,7,0,0.30605,0,0,0.21,0.104224324,12.8,83,0,0
6197,4,5,7,0,0.331,0,0,0.21,0.10840903,12.8,83,0,0
6198,4,6,7,0,0.2681,28.983334,0.115933336,0.21,0.109270886,12.8,86,16,0
6199,4,7,7,0,1.1352333,255.475,1.0219,0.21,0.105719924,13.3,83,110,16
6200,4,8,7,0,1.4186833,382.8,1.5312,0.21,0.108224794,13.9,78,200,10
6201,4,9,7,0,1.9996667,516.4708,2.0658832,0.21,0.12068212,15.6,75,351,98
6202,4,10,7,0,2.47175,670.95416,2.68381664,0.21,0.12819426,16.7,70,718,678
6203,4,11,7,0,1.0868167,786.2625,3.14505,0.21,0.12867656,16.7,70,867,891
6204,4,12,7,0,0.40758333,782.76666,3.13106664,0.21,0.12870507,16.7,67,969,944
6205,4,13,7,0,0.48256665,737.50415,2.9500166,0.21,0.12855318,17.2,68,899,803
6206,4,14,7,0,0.56661665,624.99585,2.4999834,0.21,0.1310905,16.7,73,520,189
6207,4,15,7,0,0.42873335,514.8458,2.0593832,0.21,0.12692785,16.1,72,818,843
6208,4,16,7,0,0.71691674,320.02084,1.28008336,0.5,0.13066728,16.1,75,517,638
6209,4,17,7,0,0.13898341,142.8875,0.57155,0.5,0.13272402,15.6,78,275,332
6210,4,18,7,0,0.058400042,35.954166,0.143816664,0.5,0.13577051,15,81,98,134
6211,4,19,7,0,0.0063723074,0.20833333,0.00083333332,0.5,0.1358873,13.9,83,13,7
6212,4,20,7,0,0.034333408,0,0,0.5,0.14228748,15,81,0,0
6213,4,21,7,0,0.03995008,0,0,0.21,0.13945965,15,81,0,0
6214,4,22,7,0,0.9703,0,0,0.21,0.1254982,15,78,0,0
6215,4,23,7,0,0.3458,0,0,0.21,0.12322938,15,78,0,0
6216,4,24,7,0,0.30785835,0,0,0.21,0.114897266,14.4,81,0,0
6217,4,1,1,0,0.30503333,0,0,0.21,0.117637925,13.9,83,0,0
6218,4,2,1,0,0.27933332,0,0,0.21,0.12071089,15,81,0,0
6219,4,3,1,0,0.29443333,0,0,0.21,0.120299846,15,78,0,0
6220,4,4,1,0,0.32396665,0,0,0.21,0.116027296,14.4,78,0,0
6221,4,5,1,0,0.3275,0,0,0.21,0.124728665,14.4,78,0,0
6222,4,6,1,0,0.32245,25.129168,0.100516672,0.21,0.13820003,14.4,78,4,0
6223,4,7,1,0,0.9421333,212.02916,0.84811664,0.21,0.13597174,15,78,52,2
6224,4,8,1,0,1.8070834,424.75418,1.69901672,0.21,0.14397176,15.6,75,116,2
6225,4,9,1,0,2.3766668,570.57086,2.28228344,0.21,0.15769234,15.6,78,213,8
6226,4,10,1,0,2.9681334,680.9792,2.7239168,0.21,0.14831686,17.2,70,354,3
6227,4,11,1,0,0.8655,755.225,3.0209,0.21,0.14753477,17.2,70,655,374
6228,4,12,1,0,0.601,711.0958,2.8443832,0.21,0.15310219,18.3,68,781,413
6229,4,13,1,0,0.1202,757.4625,3.02985,0.21,0.15049125,18.3,65,655,269
6230,4,14,1,0,0.35858336,563.475,2.2539,0.21,0.14687671,17.8,68,630,304
6231,4,15,1,0,0.2588667,510.39584,2.04158336,0.21,0.14384623,17.2,70,248,7
6232,4,16,1,0,1.6416,325.62918,1.30251672,0.5,0.14342482,16.7,73,191,5
6233,4,17,1,0,0.8593,107.34583,0.42938332,0.5,0.1495556,16.1,75,235,66
6234,4,18,1,0,0.3517,25.875,0.1035,0.5,0.15422475,15.6,75,69,0
6235,4,19,1,0,0.6526,0,0,0.5,0.15714785,15,78,12,0
6236,4,20,1,0,0.7047167,0,0,0.5,0.16050182,15,78,0,0
6237,4,21,1,0,1.00835,0,0,0.21,0.15093441,15,78,0,0
6238,4,22,1,0,0.8692333,0,0,0.21,0.1391742,14.4,81,0,0
6239,4,23,1,0,0.46316665,0,0,0.21,0.12549761,14.4,81,0,0
6240,4,24,1,0,0.26051667,0,0,0.21,0.10811049,12.2,83,0,0
6241,4,1,2,0,0.25228333,0,0,0.21,0.10630044,14.4,81,0,0
6242,4,2,2,0,0.27091667,0,0,0.21,0.10711726,13.9,83,0,0
6243,4,3,2,0,0.24623333,0,0,0.21,0.1069769,13.3,90,0,0
6244,4,4,2,0,0.2636,0,0,0.21,0.108657055,13.3,90,0,0
6245,4,5,2,0,0.30108333,0,0,0.21,0.11936608,13.3,83,0,0
6246,4,6,2,0,0.28915,5.775,0.0231,0.21,0.13820057,13.3,87,9,0
6247,4,7,2,0,0.36168334,40.254166,0.161016664,0.21,0.14650689,13.9,83,43,2
6248,4,8,2,0,0.26448333,66.5,0.266,0.21,0.15296192,13.9,83,105,3
6249,4,9,2,0,0.29226667,90.51667,0.36206668,0.21,0.15869044,12.2,90,157,5
6250,4,10,2,0,0.8854667,244.7875,0.97915,0.21,0.16142182,13.9,72,471,139
6251,4,11,2,0,1.0519834,293.45416,1.17381664,0.21,0.16376136,15,67,604,301
6252,4,12,2,0,1.2097167,517.7625,2.07105,0.21,0.16246554,16.1,65,705,257
6253,4,13,2,0,2.4461668,705.39166,2.82156664,0.21,0.1629182,16.1,63,499,141
6254,4,14,2,0,1.3205167,434.45416,1.73781664,0.21,0.162864,16.7,60,754,404
6255,4,15,2,0,0.19856673,289.50833,1.15803332,0.21,0.16037332,16.1,63,416,148
6256,4,16,2,0,0.020283395,135.75,0.543,0.5,0.16089986,15.6,67,442,286
6257,4,17,2,0,0.21516667,62.3625,0.24945,0.5,0.1634892,15,62,191,55
6258,4,18,2,0,0.10700001,25.308332,0.101233328,0.5,0.15751912,14.4,67,67,9
6259,4,19,2,0,0.05068336,0,0,0.5,0.1564533,13.3,72,7,1
6260,4,20,2,0,0.04576671,0,0,0.5,0.15703651,13.3,72,0,0
6261,4,21,2,0,0.01916675,0,0,0.21,0.15207197,11.7,80,0,0
6262,4,22,2,0,0.026150063,0,0,0.21,0.13289465,12.8,77,0,0
6263,4,23,2,0,0.41068336,0,0,0.21,0.1232255,13.3,75,0,0
6264,4,24,2,0,0.315075,0,0,0.21,0.10643975,11.7,83,0,0
6265,4,1,3,0,0.2789,0,0,0.21,0.10084794,12.2,83,0,0
6266,4,2,3,0,0.28771666,0,0,0.21,0.09496778,12.2,83,0,0
6267,4,3,3,0,0.27026665,0,0,0.21,0.09512456,11.7,83,0,0
6268,4,4,3,0,0.31153333,0,0,0.21,0.0964353,11.7,86,0,0
6269,4,5,3,0,0.3218,0,0,0.21,0.10611637,12.2,83,0,0
6270,4,6,3,0,0.38891667,22.7625,0.09105,0.21,0.12593566,12.2,86,13,1
6271,4,7,3,0,1.6760666,256.2,1.0248,0.21,0.1308704,12.8,83,31,5
6272,4,8,3,0,1.7487833,466.25,1.865,0.21,0.14452182,12.8,83,96,6
6273,4,9,3,0,2.3771334,633.0875,2.53235,0.21,0.14828733,13.3,80,139,7
6274,4,10,3,0,2.0925167,735.1458,2.9405832,0.21,0.14530447,13.3,78,289,3
6275,4,11,3,0,0.2549,778.81665,3.1152666,0.21,0.14803362,13.9,78,338,1
6276,4,12,3,0,0.2834,789.6625,3.15865,0.21,0.14819771,13.9,72,398,1
6277,4,13,3,0,0.31493333,742.0958,2.9683832,0.21,0.14660463,13.9,78,297,1
6278,4,14,3,0,0.45706666,644.3125,2.57725,0.21,0.14623132,13.9,75,348,1
6279,4,15,3,0,0.32510003,502.54584,2.01018336,0.21,0.14524187,13.9,75,188,2
6280,4,16,3,0,1.2207032e-07,317.95,1.2718,0.5,0.14914937,13.3,80,165,1
6281,4,17,3,0,0.19535002,125.625,0.5025,0.5,0.15966162,13.3,80,113,65
6282,4,18,3,0,0.010966731,26.6375,0.10655,0.5,0.15974219,13.3,78,67,30
6283,4,19,3,0,1.001358e-07,0,0,0.5,0.15575752,13.3,80,2,1
6284,4,20,3,0,0.007400085,0,0,0.5,0.15407583,13.3,78,0,0
6285,4,21,3,0,0.021300074,0,0,0.21,0.15185206,12.8,77,0,0
6286,4,22,3,0,0.033800095,0,0,0.21,0.13130225,12.8,80,0,0
6287,4,23,3,0,0.27953336,0,0,0.21,0.11921733,12.2,80,0,0
6288,4,24,3,0,0.32398334,0,0,0.21,0.10863872,13.9,87,0,0
6289,4,1,4,0,0.29278332,0,0,0.21,0.10650144,11.1,83,0,0
6290,4,2,4,0,0.27635,0,0,0.21,0.105483234,11.7,80,0,0
6291,4,3,4,0,0.28333333,0,0,0.21,0.1070647,11.1,80,0,0
6292,4,4,4,0,0.38975,0,0,0.21,0.10905687,11.1,80,0,0
6293,4,5,4,0,0.324,0,0,0.21,0.11815677,9.4,86,0,0
6294,4,6,4,0,0.37659582,39.904167,0.159616668,0.21,0.13353495,10,86,28,28
6295,4,7,4,0,1.1472833,257.56668,1.03026672,0.21,0.14128563,12.2,83,148,302
6296,4,8,4,0,1.9199,469.50833,1.87803332,0.21,0.15102012,13.9,78,325,296
6297,4,9,4,0,2.3662834,626.74585,2.5069834,0.21,0.1559131,15.6,70,426,345
6298,4,10,4,0,2.5446167,725,2.9,0.21,0.1567642,17.2,63,696,599
6299,4,11,4,0,0.25651667,769.05414,3.07621656,0.21,0.15575549,17.2,63,849,720
6300,4,12,4,0,0.30073333,784.475,3.1379,0.21,0.14854689,17.8,61,680,503
6301,4,13,4,0,0.40465,738.17084,2.95268336,0.21,0.14790449,17.8,56,918,818
6302,4,14,4,0,0.36286667,636.1458,2.5445832,0.21,0.1527292,17.8,52,850,762
6303,4,15,4,0,0.2638667,498.09167,1.99236668,0.21,0.15374033,17.8,58,689,674
6304,4,16,4,0,0.025116762,317.45416,1.26981664,0.5,0.15506157,16.1,65,364,244
6305,4,17,4,0,0.35366666,124.21667,0.49686668,0.5,0.15545551,15.6,65,303,385
6306,4,18,4,0,0.031800084,22.845833,0.091383332,0.5,0.15238333,15,67,106,130
6307,4,19,4,0,0.0019500868,0,0,0.5,0.15569367,15,65,6,2
6308,4,20,4,0,0.08986671,0,0,0.5,0.15153892,15,67,0,0
6309,4,21,4,0,0.07838339,0,0,0.21,0.1443456,15,70,0,0
6310,4,22,4,0,0.045050073,0,0,0.21,0.12696111,16.1,65,0,0
6311,4,23,4,0,0.48053333,0,0,0.21,0.11574048,14.4,72,0,0
6312,4,24,4,0,0.5110833,0,0,0.21,0.10947005,15.6,78,0,0
6313,4,1,5,0,0.35173333,0,0,0.21,0.10582327,13.3,83,0,0
6314,4,2,5,0,0.31215,0,0,0.21,0.10304643,12.8,80,0,0
6315,4,3,5,0,0.3122,0,0,0.21,0.10229983,12.2,83,0,0
6316,4,4,5,0,0.33301666,0,0,0.21,0.10375039,11.7,80,0,0
6317,4,5,5,0,0.3322,0,0,0.21,0.111224994,11.7,80,0,0
6318,4,6,5,0,0.32551667,43.283333,0.173133332,0.21,0.1234304,11.7,80,31,87
6319,4,7,5,0,0.9683,263.87082,1.05548328,0.21,0.13012818,14.4,72,179,503
6320,4,8,5,0,1.78105,477.76666,1.91106664,0.21,0.14215834,16.7,65,397,692
6321,4,9,5,0,2.4452834,643.00836,2.57203344,0.21,0.14888467,19.4,57,616,802
6322,4,10,5,0,1.4267,757.3125,3.02925,0.21,0.14788514,21.1,51,746,759
6323,4,11,5,0,0.20783333,809.7708,3.2390832,0.21,0.15109713,20,61,838,689
6324,4,12,5,0,0.35871667,806.0208,3.2240832,0.21,0.1508656,18.9,65,839,565
6325,4,13,5,0,0.34193334,751.12085,3.0044834,0.21,0.14790875,20,63,835,506
6326,4,14,5,0,0.5736167,641.8958,2.5675832,0.21,0.1498429,21.1,55,794,613
6327,4,15,5,0,0.31865004,498.0125,1.99205,0.21,0.14695033,20,55,678,589
6328,4,16,5,0,1.2207032e-07,322.07916,1.28831664,0.5,0.15122351,18.9,63,531,558
6329,4,17,5,0,0.3648,126.1,0.5044,0.5,0.15181515,18.9,63,296,280
6330,4,18,5,0,0.0816334,23.758333,0.095033332,0.5,0.14597529,18.3,65,115,200
6331,4,19,5,0,0.013233427,0,0,0.5,0.14800875,16.7,75,14,15
6332,4,20,5,0,0.032166746,0,0,0.5,0.1529162,16.1,78,0,0
6333,4,21,5,0,0.23621668,0,0,0.21,0.14184345,17.2,73,0,0
6334,4,22,5,0,0.9585,0,0,0.21,0.12621923,16.7,75,0,0
6335,4,23,5,0,1.9444166,0,0,0.21,0.12212246,16.1,75,0,0
6336,4,24,5,0,0.23200834,0,0,0.21,0.11488646,15.6,84,0,0
6337,4,1,6,0,0.19633333,0,0,0.21,0.11089522,15,81,0,0
6338,4,2,6,0,0.18828334,0,0,0.21,0.107166976,13.3,87,0,0
6339,4,3,6,0,0.18515,0,0,0.21,0.1079827,13.9,87,0,0
6340,4,4,6,0,0.19795,0,0,0.21,0.106965475,13.9,90,0,0
6341,4,5,6,0,0.22538333,0,0,0.21,0.10647739,13.3,90,0,0
6342,4,6,6,0,0.2937,46.525,0.1861,0.21,0.11197286,14.4,87,17,1
6343,4,7,6,0,0.8132167,263.83334,1.05533336,0.21,0.11908218,15,87,99,49
6344,4,8,6,0,1.5449,450.95834,1.80383336,0.21,0.12305276,17.2,78,343,321
6345,4,9,6,0,1.9807667,530.57916,2.12231664,0.21,0.1305904,18.9,73,503,455
6346,4,10,6,0,2.5809,687.26666,2.74906664,0.21,0.13408901,20.6,66,753,687
6347,4,11,6,0,0.33995,747.12085,2.9884834,0.21,0.13490783,20.6,66,881,733
6348,4,12,6,0,0.4316,739.73334,2.95893336,0.21,0.13364902,20.6,66,935,744
6349,4,13,6,0,0.29406667,713.2833,2.8531332,0.21,0.13477708,20.6,61,930,746
6350,4,14,6,0,0.49803334,627.56665,2.5102666,0.21,0.13535164,21.1,59,822,653
6351,4,15,6,0,1.0111166,490.95416,1.96381664,0.21,0.14151722,20,63,707,631
6352,4,16,6,0,0.7676167,317.2125,1.26885,0.5,0.15129064,19.4,70,532,560
6353,4,17,6,0,0.3924,123.166664,0.492666656,0.5,0.1482001,18.3,73,310,410
6354,4,18,6,0,0.40081668,19.775,0.0791,0.5,0.1415866,17.8,75,109,165
6355,4,19,6,0,1.2527167,0,0,0.5,0.14203747,16.1,84,11,2
6356,4,20,6,0,1.3429166,0,0,0.5,0.14363423,16.1,87,0,0
6357,4,21,6,0,1.9027,0,0,0.21,0.13355957,15.6,87,0,0
6358,4,22,6,0,1.0752667,0,0,0.21,0.12047311,15.6,87,0,0
6359,4,23,6,0,0.8879167,0,0,0.21,0.116945274,15.6,87,0,0
6360,4,24,6,0,0.54583335,0,0,0.21,0.108567186,15.6,81,0,0
6361,4,1,7,0,0.31983334,0,0,0.21,0.10717456,15.6,84,0,0
6362,4,2,7,0,0.31,0,0,0.21,0.10830652,15.6,84,0,0
6363,4,3,7,0,0.30295,0,0,0.21,0.10923267,16.1,84,0,0
6364,4,4,7,0,0.29136667,0,0,0.21,0.10951417,16.1,84,0,0
6365,4,5,7,0,0.31428334,0,0,0.21,0.11035497,16.1,81,0,0
6366,4,6,7,0,0.30235,11.995833,0.047983332,0.21,0.109675884,16.1,81,17,0
6367,4,7,7,0,0.44116667,164.70416,0.65881664,0.21,0.10997421,16.7,81,80,15
6368,4,8,7,0,0.49848333,455.20416,1.82081664,0.21,0.10939415,17.2,78,136,7
6369,4,9,7,0,0.6505833,608.5125,2.43405,0.21,0.10903629,17.8,75,266,4
6370,4,10,7,0,0.8483833,708.0292,2.8321168,0.21,0.110781,18.3,73,368,2
6371,4,11,7,0,1.5479333,764.00836,3.05603344,0.21,0.11132886,20,68,806,571
6372,4,12,7,0,1.5624334,771.7708,3.0870832,0.21,0.11063193,19.4,68,900,710
6373,4,13,7,0,1.3735833,736.3375,2.94535,0.21,0.11034239,19.4,70,899,712
6374,4,14,7,0,0.66485,643.86664,2.57546656,0.21,0.11092741,18.9,70,822,641
6375,4,15,7,0,0.49451667,497.02084,1.98808336,0.21,0.114905454,18.9,70,680,581
6376,4,16,7,0,1.7950667,313.22083,1.25288332,0.5,0.119700916,17.8,75,408,312
6377,4,17,7,0,3.4552,128.225,0.5129,0.5,0.12754877,15.6,87,140,2
6378,4,18,7,0,1.22515,25.85,0.1034,0.5,0.12816224,15,84,73,1
6379,4,19,7,0,0.55975,0,0,0.5,0.13276328,14.4,87,8,0
6380,4,20,7,0,0.73036665,0,0,0.5,0.13619755,14.4,87,0,0
6381,4,21,7,0,0.022566762,0,0,0.21,0.13332413,14.4,87,0,0
6382,4,22,7,0,0.91745,0,0,0.21,0.12458343,15,84,0,0
6383,4,23,7,0,1.3714167,0,0,0.21,0.116690226,15,84,0,0
6384,4,24,7,0,0.63359165,0,0,0.21,0.11384794,15.6,81,0,0
6385,4,1,1,0,0.36898333,0,0,0.21,0.11398266,15,84,0,0
6386,4,2,1,0,0.34655,0,0,0.21,0.115640454,15,84,0,0
6387,4,3,1,0,0.31765,0,0,0.21,0.118111074,15,84,0,0
6388,4,4,1,0,0.3232,0,0,0.21,0.12210393,15,84,0,0
6389,4,5,1,0,0.3201,0,0,0.21,0.1262115,15,81,0,0
6390,4,6,1,0,0.30266666,0,0,0.21,0.14648317,15,84,16,1
6391,4,7,1,0,0.40353334,38.15,0.1526,0.21,0.15290685,15,81,79,5
6392,4,8,1,0,0.36243334,45.816666,0.183266664,0.21,0.15417525,15,84,103,7
6393,4,9,1,0,0.42523333,150.1625,0.60065,0.21,0.15837573,15.6,81,148,1
6394,4,10,1,0,0.41588333,264.48334,1.05793336,0.21,0.15688875,16.7,75,357,3
6395,4,11,1,0,0.42548335,282.04166,1.12816664,0.21,0.15717103,17.8,70,425,1
6396,4,12,1,0,0.44653332,254.85834,1.01943336,0.21,0.15833256,17.2,73,485,1
6397,4,13,1,0,0.47275,310.89584,1.24358336,0.21,0.16016473,17.8,73,479,1
6398,4,14,1,0,0.40293333,311.4125,1.24565,0.21,0.15961526,18.3,73,801,585
6399,4,15,1,0,0.3958,220.79584,0.88318336,0.21,0.15841648,17.8,73,703,710
6400,4,16,1,0,0.37905,91.566666,0.366266664,0.5,0.1585286,17.2,75,537,747
6401,4,17,1,0,0.5593,81.52917,0.32611668,0.5,0.15796837,16.1,78,248,137
6402,4,18,1,0,0.5477667,40.9125,0.16365,0.5,0.15493912,15.6,81,71,20
6403,4,19,1,0,0.59,0,0,0.5,0.15462059,15,84,11,0
6404,4,20,1,0,0.48898333,0,0,0.5,0.1595573,15,81,0,0
6405,4,21,1,0,0.7124,0,0,0.21,0.1542814,15,84,0,0
6406,4,22,1,0,0.59438336,0,0,0.21,0.13468401,15,81,0,0
6407,4,23,1,0,0.63235,0,0,0.21,0.11998883,15.6,81,0,0
6408,4,24,1,0,0.6980917,0,0,0.21,0.11102988,15.6,81,0,0
6409,4,1,2,0,0.3166,0,0,0.21,0.10868116,15.6,81,0,0
6410,4,2,2,0,0.45071667,0,0,0.21,0.106097564,15.6,78,0,0
6411,4,3,2,0,0.357,0,0,0.21,0.107942544,15.6,81,0,0
6412,4,4,2,0,0.30911666,0,0,0.21,0.107491806,15.6,78,0,0
6413,4,5,2,0,0.26541665,0,0,0.21,0.12061416,15.6,78,0,0
6414,4,6,2,0,0.2783,11.595834,0.046383336,0.21,0.14143229,15.6,78,25,6
6415,4,7,2,0,1.2776166,113.8625,0.45545,0.21,0.15097211,16.1,78,98,5
6416,4,8,2,0,0.2844,180.50417,0.72201668,0.21,0.15919755,16.7,73,148,6
6417,4,9,2,0,0.29468334,427.45834,1.70983336,0.21,0.16130552,17.2,73,295,3
6418,4,10,2,0,0.29116666,446.7625,1.78705,0.21,0.15876721,17.2,73,396,8
6419,4,11,2,0,0.27445,701.0292,2.8041168,0.21,0.16507037,18.3,68,616,354
6420,4,12,2,0,0.26363334,462.0125,1.84805,0.21,0.1588041,18.9,68,923,841
6421,4,13,2,0,0.6167,486.72916,1.94691664,0.21,0.15876566,19.4,63,966,877
6422,4,14,2,0,0.47541666,516.925,2.0677,0.21,0.15858142,18.9,63,891,862
6423,4,15,2,0,0.23036666,399.15833,1.59663332,0.21,0.1538397,18.3,68,805,754
6424,4,16,2,0,0.24941666,310.77084,1.24308336,0.5,0.15377127,17.2,75,380,195
6425,4,17,2,0,0.33858332,137.8875,0.55155,0.5,0.15750231,16.1,75,204,157
6426,4,18,2,0,0.36695,51.245834,0.204983336,0.5,0.15640822,16.1,78,96,41
6427,4,19,2,0,0.52218336,0.45416668,0.00181666672,0.5,0.1532501,15,87,8,0
6428,4,20,2,0,0.78833336,0,0,0.5,0.15321457,15,84,0,0
6429,4,21,2,0,1.1580666,0,0,0.21,0.15174004,15,84,0,0
6430,4,22,2,0,0.79693335,0,0,0.21,0.13047741,15,84,0,0
6431,4,23,2,0,0.6088667,0,0,0.21,0.121519744,15.6,81,0,0
6432,4,24,2,0,0.324975,0,0,0.21,0.11649942,15,78,0,0
6433,4,1,3,0,0.29936665,0,0,0.21,0.11765727,15,81,0,0
6434,4,2,3,0,0.30158332,0,0,0.21,0.11595632,15.6,81,0,0
6435,4,3,3,0,0.28791666,0,0,0.21,0.117931195,15,81,0,0
6436,4,4,3,0,0.38946667,0,0,0.21,0.11999362,15.6,78,0,0
6437,4,5,3,0,0.38043332,0,0,0.21,0.13036111,15,81,0,0
6438,4,6,3,0,0.31508332,26.875,0.1075,0.21,0.14169295,15,84,17,1
6439,4,7,3,0,0.28621668,170,0.68,0.21,0.15229122,15.6,81,110,7
6440,4,8,3,0,0.2575,243.47084,0.97388336,0.21,0.16011462,15.6,78,178,5
6441,4,9,3,0,0.28946668,255.48334,1.02193336,0.21,0.16278328,15.6,78,244,1
6442,4,10,3,0,0.48095,391.825,1.5673,0.21,0.16894844,17.2,78,663,302
6443,4,11,3,0,1.0476,640.775,2.5631,0.21,0.16761644,18.9,65,793,548
6444,4,12,3,0,1.24325,716.14166,2.86456664,0.21,0.16445568,18.9,65,814,511
6445,4,13,3,0,1.1690834,708.1375,2.83255,0.21,0.16118383,18.3,70,860,403
6446,4,14,3,0,0.3071,395.44168,1.58176672,0.21,0.16393292,18.9,70,461,90
6447,4,15,3,0,0.28765,356.14166,1.42456664,0.21,0.16480213,18.3,68,727,572
6448,4,16,3,0,0.27143332,186.2625,0.74505,0.5,0.16474813,18.3,68,508,481
6449,4,17,3,0,0.29328334,76.808334,0.307233336,0.5,0.16495104,17.8,68,302,399
6450,4,18,3,0,0.28243333,47.879166,0.191516664,0.5,0.16478336,16.1,72,133,317
6451,4,19,3,0,0.28275,3.4416666,0.0137666664,0.5,0.1624233,16.1,78,16,19
6452,4,20,3,0,0.39785,0,0,0.5,0.16132368,15.6,84,0,0
6453,4,21,3,0,0.117000006,0,0,0.21,0.15574375,15,81,0,0
6454,4,22,3,0,0.053733394,0,0,0.21,0.13043065,15.6,81,0,0
6455,4,23,3,0,0.42243338,0,0,0.21,0.11900655,15,81,0,0
6456,4,24,3,0,0.38489166,0,0,0.21,0.115914434,15.6,72,0,0
6457,4,1,4,0,0.29083332,0,0,0.21,0.11384656,14.4,78,0,0
6458,4,2,4,0,0.2431,0,0,0.21,0.11357427,13.9,80,0,0
6459,4,3,4,0,0.23908333,0,0,0.21,0.1132856,13.9,80,0,0
6460,4,4,4,0,0.28983334,0,0,0.21,0.1173157,12.8,83,0,0
6461,4,5,4,0,0.33866668,0,0,0.21,0.1316861,13.3,80,0,0
6462,4,6,4,0,0.28078333,16.829166,0.067316664,0.21,0.14790711,13.3,83,34,100
6463,4,7,4,0,0.4313,166.025,0.6641,0.21,0.1525966,15.6,81,184,464
6464,4,8,4,0,0.28571665,416.125,1.6645,0.21,0.15578972,17.2,70,388,590
6465,4,9,4,0,0.27608332,563.73334,2.25493336,0.21,0.16077323,18.9,61,605,703
6466,4,10,4,0,0.8478,623.4667,2.4938668,0.21,0.16345352,20.6,55,774,780
6467,4,11,4,0,1.2634833,721.73334,2.88693336,0.21,0.16137406,20,59,917,872
6468,4,12,4,0,1.1820667,662.54584,2.65018336,0.21,0.16372837,19.4,51,979,889
6469,4,13,4,0,1.2356666,592.62915,2.3705166,0.21,0.16154586,20.6,39,984,904
6470,4,14,4,0,0.26856667,506.97916,2.02791664,0.21,0.15979162,20.6,38,902,881
6471,4,15,4,0,0.2517,287.28333,1.14913332,0.21,0.1614967,20,42,728,805
6472,4,16,4,0,0.22783333,310.8625,1.24345,0.5,0.16492884,20,41,554,734
6473,4,17,4,0,0.21318333,141.09166,0.56436664,0.5,0.16198106,20,44,335,530
6474,4,18,4,0,0.21158333,53.7375,0.21495,0.5,0.15854421,18.3,56,125,322
6475,4,19,4,0,0.35463333,0.7125,0.00285,0.5,0.15713026,16.7,67,20,37
6476,4,20,4,0,0.9948,0,0,0.5,0.15525039,16.7,63,0,0
6477,4,21,4,0,0.084833354,0,0,0.21,0.15287583,16.7,73,0,0
6478,4,22,4,0,0.045616698,0,0,0.21,0.13742866,16.7,75,0,0
6479,4,23,4,0,0.006166752,0,0,0.21,0.13166691,16.7,73,0,0
6480,4,24,4,0,1.001358e-07,0,0,0.21,0.12836249,17.8,68,0,0
6481,4,1,5,0,0.25983334,0,0,0.21,0.12394334,15,72,0,0
6482,4,2,5,0,0.31098333,0,0,0.21,0.12206294,13.9,75,0,0
6483,4,3,5,0,0.25068334,0,0,0.21,0.120915085,13.9,80,0,0
6484,4,4,5,0,0.27408335,0,0,0.21,0.12424719,13.3,87,0,0
6485,4,5,5,0,0.31823334,0,0,0.21,0.12553443,13.9,90,0,0
6486,4,6,5,0,0.24828333,32.391666,0.129566664,0.21,0.13640821,15.6,84,39,138
6487,4,7,5,0,0.3796,260.25,1.041,0.21,0.14605433,17.8,75,203,540
6488,4,8,5,0,0.28625,381.7875,1.52715,0.21,0.15909843,20.6,66,426,726
6489,4,9,5,0,0.292,638.5917,2.5543668,0.21,0.16544062,22.2,59,637,819
6490,4,10,5,0,1.8524834,748.175,2.9927,0.21,0.16950963,22.8,53,809,869
6491,4,11,5,0,2.15885,801.43335,3.2057334,0.21,0.17191121,22.8,57,928,896
6492,4,12,5,0,2.1677833,804.2708,3.2170832,0.21,0.17268656,24.4,52,985,907
6493,4,13,5,0,0.6005167,737.57086,2.95028344,0.21,0.17519507,25.6,40,979,910
6494,4,14,5,0,0.26715,633.8375,2.53535,0.21,0.17463286,25.6,42,903,894
6495,4,15,5,0,0.1927,483.35416,1.93341664,0.21,0.17798024,23.3,52,764,858
6496,4,16,5,0,0.19641666,318.31668,1.27326672,0.5,0.1737427,22.8,53,579,799
6497,4,17,5,0,0.19791667,131.45416,0.52581664,0.5,0.16933976,21.7,53,361,689
6498,4,18,5,0,0.20623334,27.454166,0.109816664,0.5,0.16867836,21.7,49,143,456
6499,4,19,5,0,1.3785833,0.65416664,0.00261666656,0.5,0.16857679,20.6,53,22,53
6500,4,20,5,0,0.050716758,0,0,0.5,0.16540335,21.7,49,0,0
6501,4,21,5,0,0.011933413,0,0,0.21,0.16025265,21.1,51,0,0
6502,4,22,5,0,0.0007167551,0,0,0.21,0.14842296,20.6,49,0,0
6503,4,23,5,0,1.001358e-07,0,0,0.21,0.13987441,18.9,63,0,0
6504,4,24,5,0,1.001358e-07,0,0,0.21,0.12780483,17.2,78,0,0
6505,4,1,6,0,1.001358e-07,0,0,0.21,0.12572636,17.2,75,0,0
6506,4,2,6,0,1.001358e-07,0,0,0.21,0.12302373,17.8,78,0,0
6507,4,3,6,0,0.010116745,0,0,0.21,0.12490475,16.7,84,0,0
6508,4,4,6,0,0.28135,0,0,0.21,0.122734554,16.7,78,0,0
6509,4,5,6,0,0.30813333,0,0,0.21,0.12667905,16.7,78,0,0
6510,4,6,6,0,0.26416665,62.883335,0.25153334,0.21,0.12775491,17.2,81,33,71
6511,4,7,6,0,0.27198333,300.24582,1.20098328,0.21,0.12756854,18.9,76,191,358
6512,4,8,6,0,0.29041666,505.42917,2.02171668,0.21,0.14177607,20.6,66,418,671
6513,4,9,6,0,0.26466668,662.74164,2.65096656,0.21,0.1498331,23.9,50,610,742
6514,4,10,6,0,1.9208833,766.17084,3.06468336,0.21,0.1531569,26.7,36,794,816
6515,4,11,6,0,2.4288332,818.2875,3.27315,0.21,0.15589528,29.4,31,929,864
6516,4,12,6,0,2.4691167,815.3,3.2612,0.21,0.15957552,32.2,23,989,881
6517,4,13,6,0,0.86695,766.5292,3.0661168,0.21,0.15874608,29.4,36,967,865
6518,4,14,6,0,0.52381665,671.2917,2.6851668,0.21,0.16274819,25,52,892,850
6519,4,15,6,0,0.5787,526.5,2.106,0.21,0.17037565,22.2,64,755,813
6520,4,16,6,0,0.66525,343.39584,1.37358336,0.5,0.17249739,21.7,64,570,748
6521,4,17,6,0,0.87708336,136.02083,0.54408332,0.5,0.16862619,21.1,66,351,626
6522,4,18,6,0,0.78963333,21.225,0.0849,0.5,0.17204486,21.1,66,136,381
6523,4,19,6,0,0.6478,0,0,0.5,0.16831084,19.4,73,20,30
6524,4,20,6,0,0.04505009,0,0,0.5,0.16380182,18.3,78,0,0
6525,4,21,6,0,0.029816741,0,0,0.21,0.16969424,17.8,78,0,0
6526,4,22,6,0,0.049016725,0,0,0.21,0.16372457,18.3,75,0,0
6527,4,23,6,0,1.001358e-07,0,0,0.21,0.15778162,17.2,78,0,0
6528,4,24,6,0,0.0023000885,0,0,0.21,0.14441758,14.2,87,0,0
6529,4,1,7,0,1.001358e-07,0,0,0.21,0.13681883,16.7,81,0,0
6530,4,2,7,0,0.0016500918,0,0,0.21,0.1287432,17.2,78,0,0
6531,4,3,7,0,1.001358e-07,0,0,0.21,0.12428718,17.2,78,0,0
6532,4,4,7,0,0.24548335,0,0,0.21,0.124835916,17.8,75,0,0
6533,4,5,7,0,0.31683335,0,0,0.21,0.12902743,17.8,75,0,0
6534,4,6,7,0,0.32905,64.583336,0.258333344,0.21,0.12739012,17.8,75,32,1
6535,4,7,7,0,0.25068334,295.2625,1.18105,0.21,0.12645315,18.3,73,121,12
6536,4,8,7,0,0.24435,486.90833,1.94763332,0.21,0.1226813,19.4,68,142,1
6537,4,9,7,0,0.24911667,629.5292,2.5181168,0.21,0.12486157,20,66,318,3
6538,4,10,7,0,1.9430833,734.8458,2.9393832,0.21,0.12832715,21.1,66,508,189
6539,4,11,7,0,2.0231166,769.5875,3.07835,0.21,0.13407207,22.8,59,921,866
6540,4,12,7,0,2.0207334,775.19165,3.1007666,0.21,0.14006196,22.2,62,981,883
6541,4,13,7,0,0.8425,734.24585,2.9369834,0.21,0.14506933,21.7,61,970,880
6542,4,14,7,0,0.40071666,643.05414,2.57221656,0.21,0.14816783,21.7,61,892,861
6543,4,15,7,0,0.27701667,507.72916,2.03091664,0.21,0.14856757,20.6,68,712,710
6544,4,16,7,0,0.9166,332.4875,1.32995,0.5,0.15325244,19.4,68,570,759
6545,4,17,7,0,0.9342,133.11667,0.53246668,0.5,0.15111518,18.9,70,375,650
6546,4,18,7,0,1.2380834,23.4625,0.09385,0.5,0.15291692,17.8,75,135,343
6547,4,19,7,0,1.0867,0,0,0.5,0.15657783,16.7,81,17,31
6548,4,20,7,0,0.23343338,0,0,0.5,0.1584682,16.1,84,0,0
6549,4,21,7,0,0.0120667415,0,0,0.21,0.15394476,16.1,84,0,0
6550,4,22,7,0,1.001358e-07,0,0,0.21,0.13996756,15.5,84,0,0
6551,4,23,7,0,1.001358e-07,0,0,0.21,0.13475145,14.8,81,0,0
6552,4,24,7,0,1.001358e-07,0,0,0.21,0.12564927,12.8,80,0,0
6553,5,1,1,0,0.0038667552,0,0,0.21,0.12863049,13.6,75,0,0
6554,5,2,1,0,0.0064500733,0,0,0.21,0.12647057,13,77,0,0
6555,5,3,1,0,0.00775007,0,0,0.21,0.12695183,12.3,83,0,0
6556,5,4,1,0,0.002666755,0,0,0.21,0.13235949,11.7,83,0,0
6557,5,5,1,0,0.08116672,0,0,0.21,0.14592949,10.6,86,0,0
6558,5,6,1,0,0.28208333,64.95417,0.25981668,0.21,0.16608326,11.7,83,28,125
6559,5,7,1,0,0.27743334,286.47916,1.14591664,0.21,0.17733869,13.9,72,207,440
6560,5,8,1,0,0.28071666,479.3125,1.91725,0.21,0.17619713,15.6,67,426,530
6561,5,9,1,0,0.24628334,619.325,2.4773,0.21,0.17298894,17.8,63,173,12
6562,5,10,1,0,2.13715,712.8458,2.8513832,0.21,0.17923231,17.8,58,222,0
6563,5,11,1,0,2.2407334,756.85834,3.02743336,0.21,0.18115291,18.3,56,248,6
6564,5,12,1,0,1.9993167,760.73334,3.04293336,0.21,0.180687,17.8,60,263,6
6565,5,13,1,0,0.9014,722.32916,2.88931664,0.21,0.18145084,17.2,67,260,6
6566,5,14,1,0,0.32733333,632.49585,2.5299834,0.21,0.1813761,17.2,67,245,0
6567,5,15,1,0,0.25048333,497.1125,1.98845,0.21,0.18234406,16.7,67,210,0
6568,5,16,1,0,1.27315,324.86667,1.29946668,0.5,0.18290691,16.1,67,162,0
6569,5,17,1,0,1.2001166,130.67917,0.52271668,0.5,0.18421409,14,77,113,0
6570,5,18,1,0,1.6345167,23.479166,0.093916664,0.5,0.1817778,14.4,75,50,0
6571,5,19,1,0,1.95795,0,0,0.5,0.1777969,13.3,77,1,0
6572,5,20,1,0,0.1695667,0,0,0.5,0.18583338,13.3,77,0,0
6573,5,21,1,0,0.20886669,0,0,0.21,0.18100172,13,77,0,0
6574,5,22,1,0,0.025983403,0,0,0.21,0.18372723,13.3,80,0,0
6575,5,23,1,0,0.046033423,0,0,0.21,0.1719575,13,82,0,0
6576,5,24,1,0,0.32178333,0,0,0.21,0.15277782,13.9,80,0,0
6577,5,1,2,0,0.30381668,0,0,0.21,0.14906593,12.8,80,0,0
6578,5,2,2,0,0.25993332,0,0,0.21,0.14762074,12.2,83,0,0
6579,5,3,2,0,0.25913334,0,0,0.21,0.14911431,12.2,83,0,0
6580,5,4,2,0,0.29588333,0,0,0.21,0.14729148,13.3,80,0,0
6581,5,5,2,0,0.39638335,0,0,0.21,0.14879768,13.3,80,0,0
6582,5,6,2,0,0.26778668,61.255,0.24502,0.21,0.15281752,13.9,74,9,0
6583,5,7,2,0,0.37158334,277.7,1.1108,0.21,0.16497423,13.9,74,63,0
6584,5,8,2,0,0.7668,466.2375,1.86495,0.21,0.16495827,14.4,72,86,0
6585,5,9,2,0,0.417,604.9042,2.4196168,0.21,0.17079397,15,69,163,0
6586,5,10,2,0,1.8631667,704.10834,2.81643336,0.21,0.17525293,15,72,227,0
6587,5,11,2,0,1.9967,701.00415,2.8040166,0.21,0.17573811,15.6,67,398,42
6588,5,12,2,0,1.9559833,751.50836,3.00603344,0.21,0.17937261,16.7,65,586,138
6589,5,13,2,0,1.94765,713.57086,2.85428344,0.21,0.18044904,17.2,63,464,42
6590,5,14,2,0,0.31705,626.45416,2.50581664,0.21,0.17411132,16.7,65,464,49
6591,5,15,2,0,1.389,491.75,1.967,0.21,0.17676176,16,72,407,37
6592,5,16,2,0,1.94035,320.875,1.2835,0.5,0.17376839,16.1,72,272,13
6593,5,17,2,0,3.2569168,129.05833,0.51623332,0.5,0.17455931,14.4,75,191,7
6594,5,18,2,0,0.74695,23.183332,0.092733328,0.5,0.1720797,13.9,74,97,0
6595,5,19,2,0,2.0287333,0,0,0.5,0.17460817,13.3,77,2,0
6596,5,20,2,0,0.04760008,0,0,0.5,0.17688087,13.9,77,0,0
6597,5,21,2,0,0.03510008,0,0,0.21,0.1687257,13.9,77,0,0
6598,5,22,2,0,0.02560006,0,0,0.21,0.15512586,13.3,84,0,0
6599,5,23,2,0,0.003650095,0,0,0.21,0.14559452,13.9,80,0,0
6600,5,24,2,0,1.001358e-07,0,0,0.21,0.14866607,12.8,83,0,0
6601,5,1,3,0,1.001358e-07,0,0,0.21,0.15442538,13.9,77,0,0
6602,5,2,3,0,0.27666667,0,0,0.21,0.14755772,14.4,75,0,0
6603,5,3,3,0,0.30538332,0,0,0.21,0.1489241,13.9,77,0,0
6604,5,4,3,0,0.3072,0,0,0.21,0.15017682,14.4,75,0,0
6605,5,5,3,0,0.24595,0,0,0.21,0.15472932,13.9,77,0,0
6606,5,6,3,0,0.28563333,57.520832,0.230083328,0.21,0.15480219,14.4,75,18,0
6607,5,7,3,0,0.34276667,262.30417,1.04921668,0.21,0.15398914,15,75,161,160
6608,5,8,3,0,0.29918334,445.4875,1.78195,0.21,0.16075222,16.1,70,221,34
6609,5,9,3,0,0.47171667,595.05835,2.3802334,0.21,0.16082263,15.6,72,404,135
6610,5,10,3,0,1.69045,683.67084,2.73468336,0.21,0.1658246,17.2,63,449,89
6611,5,11,3,0,1.8993833,737.82916,2.95131664,0.21,0.16847783,16.7,67,745,418
6612,5,12,3,0,1.9603333,742.7167,2.9708668,0.21,0.16507056,17.2,63,861,528
6613,5,13,3,0,1.3502,700.0958,2.8003832,0.21,0.16481128,18.3,61,867,567
6614,5,14,3,0,0.25536665,614.6542,2.4586168,0.21,0.16550191,17.8,63,830,595
6615,5,15,3,0,0.9224667,483.17917,1.93271668,0.21,0.16540843,17.8,63,711,607
6616,5,16,3,0,3.6254666,312.59583,1.25038332,0.5,0.16867656,17.2,65,543,495
6617,5,17,3,0,2.4937668,127.166664,0.508666656,0.5,0.1733785,16.7,67,346,411
6618,5,18,3,0,1.4873667,23.4875,0.09395,0.5,0.17260052,15.6,69,175,163
6619,5,19,3,0,2.2779,0,0,0.5,0.17509146,14.4,75,4,39
6620,5,20,3,0,0.15513341,0,0,0.5,0.17295684,14.4,78,0,0
6621,5,21,3,0,0.14673336,0,0,0.21,0.16569172,13.9,77,0,0
6622,5,22,3,0,0.1348834,0,0,0.21,0.15709093,13.9,77,0,0
6623,5,23,3,0,0.5818667,0,0,0.21,0.15509245,13.3,77,0,0
6624,5,24,3,0,0.6850917,0,0,0.21,0.14842547,13.3,80,0,0
6625,5,1,4,0,0.3513,0,0,0.21,0.1496115,12.8,83,0,0
6626,5,2,4,0,0.3248,0,0,0.21,0.14932708,12.2,83,0,0
6627,5,3,4,0,0.26933333,0,0,0.21,0.15025781,12.8,80,0,0
6628,5,4,4,0,0.30883333,0,0,0.21,0.15122306,12.8,80,0,0
6629,5,5,4,0,0.43713334,0,0,0.21,0.15581506,12.8,80,0,0
6630,5,6,4,0,0.33785,60.020832,0.240083328,0.21,0.17292613,13.3,80,30,58
6631,5,7,4,0,0.29936665,269.725,1.0789,0.21,0.16980484,14.4,78,190,282
6632,5,8,4,0,0.50615,457.88333,1.83153332,0.21,0.16840398,16.1,67,236,46
6633,5,9,4,0,0.371,595.1875,2.38075,0.21,0.16810761,16.7,65,263,29
6634,5,10,4,0,1.71145,681.825,2.7273,0.21,0.16689569,17.2,65,771,569
6635,5,11,4,0,2.1189833,727.0417,2.9081668,0.21,0.17024413,18.9,61,849,561
6636,5,12,4,0,2.5698166,731.3542,2.9254168,0.21,0.16966471,18.3,61,945,702
6637,5,13,4,0,2.6599834,692.23334,2.76893336,0.21,0.16687742,18.3,63,953,766
6638,5,14,4,0,2.1092,614.7792,2.4591168,0.21,0.16462384,17.2,63,875,740
6639,5,15,4,0,0.9224167,481.70834,1.92683336,0.21,0.1629522,16.7,65,751,724
6640,5,16,4,0,2.1182,314.075,1.2563,0.5,0.16364601,17.2,60,579,608
6641,5,17,4,0,3.0318167,131.45416,0.52581664,0.5,0.16337916,16.7,60,362,477
6642,5,18,4,0,1.4203,27.220833,0.108883332,0.5,0.16704911,15.6,67,172,170
6643,5,19,4,0,1.1559334,0.87916666,0.00351666664,0.5,0.17226689,13.9,77,5,43
6644,5,20,4,0,0.17833342,0,0,0.5,0.17257108,13.9,77,0,0
6645,5,21,4,0,0.04650009,0,0,0.21,0.15645374,13.9,77,0,0
6646,5,22,4,0,0.17698337,0,0,0.21,0.14208077,14.4,75,0,0
6647,5,23,4,0,0.3675667,0,0,0.21,0.13942748,13.9,77,0,0
6648,5,24,4,0,0.28344166,0,0,0.21,0.13535991,15.6,80,0,0
6649,5,1,5,0,0.2857,0,0,0.21,0.14366968,12.2,80,0,0
6650,5,2,5,0,0.27908334,0,0,0.21,0.14586508,13.3,77,0,0
6651,5,3,5,0,0.2788,0,0,0.21,0.14095813,13.3,80,0,0
6652,5,4,5,0,0.3298,0,0,0.21,0.14078712,11.7,83,0,0
6653,5,5,5,0,0.27576667,0,0,0.21,0.14614473,11.1,86,0,0
6654,5,6,5,0,0.28238332,66,0.264,0.21,0.1576768,12.8,83,36,160
6655,5,7,5,0,0.40233332,273.19168,1.09276672,0.21,0.16416416,14.4,81,211,406
6656,5,8,5,0,0.52601665,414.33334,1.65733336,0.21,0.16947557,16.1,70,434,600
6657,5,9,5,0,0.48076665,593.73334,2.37493336,0.21,0.17714398,18.3,61,637,726
6658,5,10,5,0,1.88595,714.5125,2.85805,0.21,0.17703068,19.4,61,805,776
6659,5,11,5,0,1.9464166,715.4125,2.86165,0.21,0.17936891,20,59,924,799
6660,5,12,5,0,1.8758167,714.5208,2.8580832,0.21,0.17681819,18.9,63,993,846
6661,5,13,5,0,1.5834833,667.94586,2.67178344,0.21,0.17101365,18.9,63,972,814
6662,5,14,5,0,0.29468334,603.175,2.4127,0.21,0.17278507,19.4,61,882,704
6663,5,15,5,0,0.48048332,373.60834,1.49443336,0.21,0.17167039,20,59,690,546
6664,5,16,5,0,1.7138,366.67084,1.46668336,0.5,0.17883845,18.9,63,586,626
6665,5,17,5,0,1.35825,163.9375,0.65575,0.5,0.1769847,17.8,70,370,503
6666,5,18,5,0,1.0316334,65.1875,0.26075,0.5,0.1728638,16.7,75,185,186
6667,5,19,5,0,1.2431,6.2125,0.02485,0.5,0.16642484,16.1,81,6,49
6668,5,20,5,0,0.055200063,0,0,0.5,0.16452537,15.6,83,0,0
6669,5,21,5,0,0.032716755,0,0,0.21,0.1489078,15,83,0,0
6670,5,22,5,0,8.34318e-05,0,0,0.21,0.13447315,15.6,80,0,0
6671,5,23,5,0,0.017966732,0,0,0.21,0.12650993,15,83,0,0
6672,5,24,5,0,0.011283409,0,0,0.21,0.11902719,15,87,0,0
6673,5,1,6,0,0.00033342678,0,0,0.21,0.10955723,15.6,78,0,0
6674,5,2,6,0,0.13376673,0,0,0.21,0.10426282,15,81,0,0
6675,5,3,6,0,0.29578334,0,0,0.21,0.12000322,15,77,0,0
6676,5,4,6,0,0.28406668,0,0,0.21,0.119995184,13.9,83,0,0
6677,5,5,6,0,0.27546668,0,0,0.21,0.12056926,14.4,81,0,0
6678,5,6,6,0,0.30693334,0,0,0.21,0.1286882,15,77,39,184
6679,5,7,6,0,0.44688332,24.729166,0.098916664,0.21,0.12025282,17.2,65,224,481
6680,5,8,6,0,0.5479,80.083336,0.320333344,0.21,0.12647095,18.9,63,439,652
6681,5,9,6,0,0.42366666,93.5375,0.37415,0.21,0.15497644,20,57,642,744
6682,5,10,6,0,0.38101667,50.525,0.2021,0.21,0.16261707,20.6,54,816,776
6683,5,11,6,0,0.35956666,138.12083,0.55248332,0.21,0.15290397,21.1,53,907,728
6684,5,12,6,0,0.5168333,289.44583,1.15778332,0.21,0.13948788,21.1,53,927,618
6685,5,13,6,0,0.48738334,133.85834,0.53543336,0.21,0.13392156,21.1,51,860,537
6686,5,14,6,0,0.54695,103.96667,0.41586668,0.21,0.12549753,21.1,49,894,734
6687,5,15,6,0,0.62583333,57.591667,0.230366668,0.21,0.12522207,21.1,49,744,693
6688,5,16,6,0,0.6088,76.57083,0.30628332,0.5,0.12562457,18.9,63,578,626
6689,5,17,6,0,0.5681,57.095833,0.228383332,0.5,0.13404818,18.3,70,377,528
6690,5,18,6,0,0.8775833,8.004167,0.032016668,0.5,0.13902085,17.2,72,182,210
6691,5,19,6,0,1.11815,2.9291666,0.0117166664,0.5,0.14665903,16.7,78,6,57
6692,5,20,6,0,0.77445,0,0,0.5,0.15639693,16.7,80,0,0
6693,5,21,6,0,0.6810833,0,0,0.21,0.14879538,16.7,75,0,0
6694,5,22,6,0,0.7194,0,0,0.21,0.13512887,15.6,80,0,0
6695,5,23,6,0,0.9037667,0,0,0.21,0.12885724,15.6,83,0,0
6696,5,24,6,0,0.79823333,0,0,0.21,0.1143643,15.6,83,0,0
6697,5,1,7,0,0.91326666,0,0,0.21,0.11219821,15.6,83,0,0
6698,5,2,7,0,1.0660583,0,0,0.21,0.112869434,14.4,87,0,0
6699,5,3,7,0,0.99408334,0,0,0.21,0.11382453,15,87,0,0
6700,5,4,7,0,0.5115167,0,0,0.21,0.11398692,14.4,87,0,0
6701,5,5,7,0,1.0690334,0,0,0.21,0.11599906,14.4,84,0,0
6702,5,6,7,0,0.92885,17.154167,0.068616668,0.21,0.115456134,15,90,40,175
6703,5,7,7,0,1.1455834,79.34167,0.31736668,0.21,0.113552086,16.1,83,224,487
6704,5,8,7,0,0.9979,181.63333,0.72653332,0.21,0.11838174,17.2,81,430,618
6705,5,9,7,0,0.4274,264.44168,1.05776672,0.21,0.12584105,20,65,632,697
6706,5,10,7,0,1.3967834,406.54584,1.62618336,0.21,0.1302983,20.6,63,800,752
6707,5,11,7,0,1.1491834,505.56668,2.02226672,0.21,0.13163191,20,63,907,746
6708,5,12,7,0,0.8038333,415.69583,1.66278332,0.21,0.12955683,19.4,66,957,738
6709,5,13,7,0,0.83278334,298.90417,1.19561668,0.21,0.12389369,19.4,68,978,796
6710,5,14,7,0,0.77385,33.6,0.1344,0.21,0.1237459,20,65,881,728
6711,5,15,7,0,0.6076667,424.65,1.6986,0.21,0.12381993,19.4,68,757,730
6712,5,16,7,0,0.49953333,283.49167,1.13396668,0.5,0.13156752,18.3,70,584,613
6713,5,17,7,0,0.48671666,103.11667,0.41246668,0.5,0.13716516,18.3,70,368,482
6714,5,18,7,0,0.9126,33.266666,0.133066664,0.5,0.13997039,16.7,80,179,192
6715,5,19,7,0,0.69993335,0.65416664,0.00261666656,0.5,0.14238504,15.6,86,7,54
6716,5,20,7,0,0.40110004,0,0,0.5,0.15406793,15.6,86,0,0
6717,5,21,7,0,1.0110834,0,0,0.21,0.1584968,15.6,86,0,0
6718,5,22,7,0,0.72815,0,0,0.21,0.14224873,16.1,81,0,0
6719,5,23,7,0,1.5659667,0,0,0.21,0.13001199,16.1,81,0,0
6720,5,24,7,0,0.8819417,0,0,0.21,0.12733859,16.1,75,0,0
6721,5,1,1,0,1.1884834,0,0,0.21,0.12868303,15.6,83,0,0
6722,5,2,1,0,1.1748,0,0,0.21,0.12526721,15.6,83,0,0
6723,5,3,1,0,1.2184666,0,0,0.21,0.12585638,15.6,80,0,0
6724,5,4,1,0,1.3058167,0,0,0.21,0.13036148,15.6,80,0,0
6725,5,5,1,0,1.11335,0,0,0.21,0.14506575,15.6,80,0,0
6726,5,6,1,0,1.29235,78.708336,0.314833344,0.21,0.16742757,15.6,78,13,0
6727,5,7,1,0,0.39975,313.29584,1.25318336,0.21,0.17370413,16.1,75,52,0
6728,5,8,1,0,1.0079666,414.3,1.6572,0.21,0.17216633,16.1,75,174,11
6729,5,9,1,0,0.8559667,378.94583,1.51578332,0.21,0.16220541,16.7,72,285,23
6730,5,10,1,0,1.8189334,706.925,2.8277,0.21,0.16520344,18.3,65,606,261
6731,5,11,1,0,2.1063666,785.7292,3.1429168,0.21,0.1688418,18.9,63,665,274
6732,5,12,1,0,2.1145666,789.5375,3.15815,0.21,0.16941556,19.4,61,443,66
6733,5,13,1,0,0.8118333,746.35834,2.98543336,0.21,0.16630939,19.4,61,675,277
6734,5,14,1,0,0.42738333,648.37915,2.5935166,0.21,0.15999915,20,59,328,42
6735,5,15,1,0,0.34701666,497.59167,1.99036668,0.21,0.16482441,19.4,61,676,441
6736,5,16,1,0,0.29645,331.27084,1.32508336,0.5,0.1667806,19.4,59,577,519
6737,5,17,1,0,0.3166125,138.57292,0.55429168,0.5,0.16546349,17.8,67,196,20
6738,5,18,1,0,0.56163335,28.841667,0.115366668,0.5,0.16521287,17.2,72,147,83
6739,5,19,1,0,0.9501,0.65,0.0026,0.5,0.16901413,16.1,78,6,24
6740,5,20,1,0,0.05536674,0,0,0.5,0.18265365,16.7,75,0,0
6741,5,21,1,0,0.13818339,0,0,0.21,0.17941278,16.7,75,0,0
6742,5,22,1,0,1.001358e-07,0,0,0.21,0.15435116,16.7,75,0,0
6743,5,23,1,0,1.001358e-07,0,0,0.21,0.13396464,16.7,72,0,0
6744,5,24,1,0,1.6765134e-05,0,0,0.21,0.13540882,15,77,0,0
6745,5,1,2,0,1.001358e-07,0,0,0.21,0.1343207,16.1,75,0,0
6746,5,2,2,0,0.1650667,0,0,0.21,0.13376486,15.6,78,0,0
6747,5,3,2,0,0.25643334,0,0,0.21,0.13708363,15.6,80,0,0
6748,5,4,2,0,0.33215,0,0,0.21,0.14120124,15.6,80,0,0
6749,5,5,2,0,0.44015,0,0,0.21,0.15898226,15,81,0,0
6750,5,6,2,0,1.08575,60.55,0.2422,0.21,0.17900628,15.6,80,19,0
6751,5,7,2,0,0.39688334,254.87917,1.01951668,0.21,0.17673299,15.6,80,121,32
6752,5,8,2,0,0.42701668,282.12082,1.12848328,0.21,0.17761192,16.7,75,412,435
6753,5,9,2,0,0.9389833,182.62917,0.73051668,0.21,0.17339958,17.2,70,622,609
6754,5,10,2,0,0.73663336,329.59583,1.31838332,0.21,0.17186505,18.3,63,795,681
6755,5,11,2,0,2.393,753.2292,3.0129168,0.21,0.17171721,18.9,63,780,471
6756,5,12,2,0,2.24155,770.54584,3.08218336,0.21,0.17518611,18.3,65,957,672
6757,5,13,2,0,1.7853,721.92914,2.88771656,0.21,0.17434092,18.9,63,848,512
6758,5,14,2,0,0.29196668,633.85834,2.53543336,0.21,0.17556292,18.9,63,849,601
6759,5,15,2,0,0.35528332,512.2375,2.04895,0.21,0.17682856,18.9,63,682,515
6760,5,16,2,0,0.34261668,256.9375,1.02775,0.5,0.17414314,17.8,67,576,625
6761,5,17,2,0,0.40128332,168.22917,0.67291668,0.5,0.17194545,16.7,70,374,494
6762,5,18,2,0,0.54805,63.15,0.2526,0.5,0.17602502,16.7,67,188,206
6763,5,19,2,0,0.4986,0,0,0.5,0.17458984,15.6,72,9,63
6764,5,20,2,0,0.02731674,0,0,0.5,0.17845276,14.4,78,0,0
6765,5,21,2,0,0.0048667635,0,0,0.21,0.17603222,15.6,78,0,0
6766,5,22,2,0,0.06733341,0,0,0.21,0.16078618,14.4,81,0,0
6767,5,23,2,0,0.5935167,0,0,0.21,0.1453551,15,81,0,0
6768,5,24,2,0,0.41903332,0,0,0.21,0.14216489,15.6,75,0,0
6769,5,1,3,0,0.31608334,0,0,0.21,0.14245932,15,75,0,0
6770,5,2,3,0,0.3018,0,0,0.21,0.14124647,13.9,80,0,0
6771,5,3,3,0,0.29925,0,0,0.21,0.14013173,15,77,0,0
6772,5,4,3,0,0.2523,0,0,0.21,0.14037983,14.4,81,0,0
6773,5,5,3,0,0.23853333,0,0,0.21,0.14945059,14.4,81,0,0
6774,5,6,3,0,0.27651668,0,0,0.21,0.1729206,15.6,75,20,0
6775,5,7,3,0,0.4549,15.558333,0.062233332,0.21,0.17728046,16.7,72,207,269
6776,5,8,3,0,0.3295,82.97083,0.33188332,0.21,0.17308153,17.2,67,432,573
6777,5,9,3,0,0.32638332,228.15416,0.91261664,0.21,0.17685255,17.2,70,623,639
6778,5,10,3,0,0.4294,305.93332,1.22373328,0.21,0.1757273,17.8,67,795,705
6779,5,11,3,0,0.87775,180.28334,0.72113336,0.21,0.18044859,18.9,63,890,674
6780,5,12,3,0,0.81983334,102.1,0.4084,0.21,0.17700933,19.4,59,957,714
6781,5,13,3,0,0.44663334,214.8625,0.85945,0.21,0.17837244,18.9,61,897,549
6782,5,14,3,0,0.40701666,280.90833,1.12363332,0.21,0.17974538,19.4,61,881,716
6783,5,15,3,0,0.38571668,172.63333,0.69053332,0.21,0.17847824,18.9,63,763,736
6784,5,16,3,0,0.64718336,183.9625,0.73585,0.5,0.17686963,17.8,67,583,544
6785,5,17,3,0,0.5653833,100.604164,0.402416656,0.5,0.17957932,17.2,70,314,211
6786,5,18,3,0,0.42343333,30.95,0.1238,0.5,0.18203172,16.1,75,143,41
6787,5,19,3,0,0.43891665,0,0,0.5,0.17978872,15.6,78,7,13
6788,5,20,3,0,0.52313334,0,0,0.5,0.18862703,15,77,0,0
6789,5,21,3,0,1.4315,0,0,0.21,0.1791973,15.6,75,0,0
6790,5,22,3,0,1.7087834,0,0,0.21,0.16175623,15.6,78,0,0
6791,5,23,3,0,0.73911667,0,0,0.21,0.14957325,16.1,75,0,0
6792,5,24,3,0,0.3414,0,0,0.21,0.14108424,16.1,83,0,0
6793,5,1,4,0,0.31698334,0,0,0.21,0.13476837,15.6,75,0,0
6794,5,2,4,0,0.27533334,0,0,0.21,0.13269785,15,75,0,0
6795,5,3,4,0,0.77066666,0,0,0.21,0.13077272,15,75,0,0
6796,5,4,4,0,0.29416665,0,0,0.21,0.13002129,15,77,0,0
6797,5,5,4,0,0.57255,0,0,0.21,0.1372164,13.3,84,0,0
6798,5,6,4,0,1.17,68.254166,0.273016664,0.21,0.1586811,15.6,78,46,191
6799,5,7,4,0,0.3299,278.95416,1.11581664,0.21,0.16717818,16.7,75,228,452
6800,5,8,4,0,0.49883333,463.8625,1.85545,0.21,0.1654185,17.8,70,428,567
6801,5,9,4,0,0.43223333,623.19165,2.4927666,0.21,0.1695891,18.3,70,576,486
6802,5,10,4,0,1.8965167,713.7708,2.8550832,0.21,0.17603356,19.4,66,812,723
6803,5,11,4,0,2.07175,762.3417,3.0493668,0.21,0.17683741,19.4,63,931,799
6804,5,12,4,0,2.1162667,762.1125,3.04845,0.21,0.17617714,19.4,63,987,810
6805,5,13,4,0,1.5719334,720.7917,2.8831668,0.21,0.17738803,20.6,59,978,808
6806,5,14,4,0,0.73546666,632.8958,2.5315832,0.21,0.17804064,20,59,887,728
6807,5,15,4,0,0.8707167,504.40833,2.01763332,0.21,0.17809606,20,63,756,711
6808,5,16,4,0,0.33398333,338.72083,1.35488332,0.5,0.1767562,18.9,65,597,669
6809,5,17,4,0,0.25078332,145.79167,0.58316668,0.5,0.17600526,18.3,70,381,500
6810,5,18,4,0,0.45413333,30.5375,0.12215,0.5,0.17314485,17.2,75,197,228
6811,5,19,4,0,0.6932,2.175,0.0087,0.5,0.17527291,16.7,78,11,74
6812,5,20,4,0,0.029150061,0,0,0.5,0.18093552,16.7,80,0,0
6813,5,21,4,0,0.027066719,0,0,0.21,0.17530811,16.7,80,0,0
6814,5,22,4,0,1.001358e-07,0,0,0.21,0.1556238,16.7,80,0,0
6815,5,23,4,0,1.001358e-07,0,0,0.21,0.13536817,16.1,83,0,0
6816,5,24,4,0,1.001358e-07,0,0,0.21,0.12847915,16.7,80,0,0
6817,5,1,5,0,1.001358e-07,0,0,0.21,0.1294623,16.1,83,0,0
6818,5,2,5,0,1.001358e-07,0,0,0.21,0.12893586,15.6,83,0,0
6819,5,3,5,0,0.28696668,0,0,0.21,0.13031845,15.6,83,0,0
6820,5,4,5,0,0.31288335,0,0,0.21,0.12614408,15,90,0,0
6821,5,5,5,0,0.44615,0,0,0.21,0.1315569,15,87,0,0
6822,5,6,5,0,0.3134,72.23333,0.28893332,0.21,0.1559821,16,82,23,0
6823,5,7,5,0,0.36623332,292.59167,1.17036668,0.21,0.16581506,16.7,80,102,0
6824,5,8,5,0,0.35455,479.29584,1.91718336,0.21,0.17015184,17.8,78,311,172
6825,5,9,5,0,0.54405,629.6583,2.5186332,0.21,0.1724174,19.4,70,613,545
6826,5,10,5,0,1.94645,725.2875,2.90115,0.21,0.17358473,20,70,679,409
6827,5,11,5,0,2.09465,774.7375,3.09895,0.21,0.17011905,20,68,619,203
6828,5,12,5,0,2.0999668,778.07086,3.11228344,0.21,0.171279,20,68,509,78
6829,5,13,5,0,1.0118333,738.4875,2.95395,0.21,0.16496406,19.4,70,575,121
6830,5,14,5,0,0.35958335,650.81665,2.6032666,0.21,0.16779657,19.4,68,450,36
6831,5,15,5,0,0.30096668,520.54584,2.08218336,0.21,0.16638511,18.3,73,371,25
6832,5,16,5,0,0.6947167,348.37918,1.39351672,0.5,0.1672373,17.8,75,313,25
6833,5,17,5,0,1.7535334,149.69583,0.59878332,0.5,0.16876195,17.2,78,245,66
6834,5,18,5,0,0.5089833,29.325,0.1173,0.5,0.16731282,16.1,81,139,32
6835,5,19,5,0,0.45786667,2.1625,0.00865,0.5,0.16306695,16.1,81,8,11
6836,5,20,5,0,0.034366727,0,0,0.5,0.16861236,16.1,83,0,0
6837,5,21,5,0,0.103950016,0,0,0.21,0.16197895,16.7,80,0,0
6838,5,22,5,0,0.0013334302,0,0,0.21,0.13569194,16.7,80,0,0
6839,5,23,5,0,1.001358e-07,0,0,0.21,0.124734946,17.2,78,0,0
6840,5,24,5,0,1.001358e-07,0,0,0.21,0.12156076,16.7,75,0,0
6841,5,1,6,0,1.001358e-07,0,0,0.21,0.10990115,16.1,87,0,0
6842,5,2,6,0,0.20983337,0,0,0.21,0.11206498,16.1,83,0,0
6843,5,3,6,0,0.31466666,0,0,0.21,0.11325887,16.1,81,0,0
6844,5,4,6,0,0.3164,0,0,0.21,0.11867062,16.1,81,0,0
6845,5,5,6,0,0.30415,0,0,0.21,0.12145217,15.6,83,0,0
6846,5,6,6,0,0.27518332,93.27917,0.37311668,0.21,0.12477396,16.1,78,15,0
6847,5,7,6,0,0.30745,209.21666,0.83686664,0.21,0.12857114,16.7,75,94,0
6848,5,8,6,0,0.44325,488.4875,1.95395,0.21,0.13905762,16.7,78,297,143
6849,5,9,6,0,0.5174,639.0875,2.55635,0.21,0.15389131,17.2,75,518,299
6850,5,10,6,0,2.1529167,754.7625,3.01905,0.21,0.15489775,19.4,66,701,468
6851,5,11,6,0,2.6144,801.12915,3.2045166,0.21,0.15873657,19.4,68,729,346
6852,5,12,6,0,2.2254,798.7242,3.1948968,0.21,0.1599805,20,65,939,630
6853,5,13,6,0,0.70545,747.8875,2.99155,0.21,0.15601073,20.6,63,940,657
6854,5,14,6,0,0.97543335,654.87085,2.6194834,0.21,0.15652658,20,65,790,479
6855,5,15,6,0,0.45266667,516.2833,2.0651332,0.21,0.15566266,19.4,70,614,331
6856,5,16,6,0,1.4537667,345.10416,1.38041664,0.5,0.15587714,17.8,75,479,281
6857,5,17,6,0,0.83015,149.42084,0.59768336,0.5,0.15747575,17.8,75,244,72
6858,5,18,6,0,0.2943,32.1625,0.12865,0.5,0.1578069,17.2,78,165,121
6859,5,19,6,0,0.6964667,3.1125,0.01245,0.5,0.15785618,17.2,75,10,42
6860,5,20,6,0,0.259,0,0,0.5,0.1585862,17.2,72,0,0
6861,5,21,6,0,0.3546,0,0,0.21,0.158785,16.7,75,0,0
6862,5,22,6,0,0.12935005,0,0,0.21,0.13923208,16.7,75,0,0
6863,5,23,6,0,0.10486671,0,0,0.21,0.13507077,16.7,78,0,0
6864,5,24,6,0,0.17592502,0,0,0.21,0.12641537,15.6,75,0,0
6865,5,1,7,0,0.49403334,0,0,0.21,0.11488195,16.7,75,0,0
6866,5,2,7,0,0.32195,0,0,0.21,0.11572716,16.1,75,0,0
6867,5,3,7,0,0.3896,0,0,0.21,0.10917774,16.1,75,0,0
6868,5,4,7,0,0.33788332,0,0,0.21,0.1102854,15.6,75,0,0
6869,5,5,7,0,0.35118333,0,0,0.21,0.1098851,15,81,0,0
6870,5,6,7,0,0.30306667,82.2375,0.32895,0.21,0.11156475,15.6,80,32,20
6871,5,7,7,0,0.29711667,305.85834,1.22343336,0.21,0.11293291,16.7,78,234,384
6872,5,8,7,0,0.43746668,501.17917,2.00471668,0.21,0.11584839,17.8,70,449,591
6873,5,9,7,0,0.4213,645.25836,2.58103344,0.21,0.13004677,19.4,63,656,744
6874,5,10,7,0,1.98085,742.99164,2.97196656,0.21,0.13368678,20,61,813,759
6875,5,11,7,0,2.27245,793.61664,3.17446656,0.21,0.13604607,20,59,937,805
6876,5,12,7,0,2.3933334,795.19586,3.18078344,0.21,0.13216478,20,61,999,834
6877,5,13,7,0,1.1198167,751.3625,3.00545,0.21,0.13138819,20,63,978,802
6878,5,14,7,0,0.5023,649.5,2.598,0.21,0.12954494,20,61,893,752
6879,5,15,7,0,0.4141,514.37085,2.0574834,0.21,0.12895632,19.4,63,768,735
6880,5,16,7,0,0.38395,347.4875,1.38995,0.5,0.13296382,18.3,63,595,618
6881,5,17,7,0,0.39485,153.64583,0.61458332,0.5,0.13684958,17.8,67,387,492
6882,5,18,7,0,0.47031668,35.641666,0.142566664,0.5,0.13792163,17.2,65,190,216
6883,5,19,7,0,1.1451666,3.375,0.0135,0.5,0.13348168,16.1,75,13,77
6884,5,20,7,0,0.20768334,0,0,0.5,0.13538402,15.6,78,0,0
6885,5,21,7,0,0.017400034,0,0,0.21,0.14108904,16.1,72,0,0
6886,5,22,7,0,0.059616685,0,0,0.21,0.13196415,16.1,72,0,0
6887,5,23,7,0,0.031200033,0,0,0.21,0.11739977,15.6,75,0,0
6888,5,24,7,0,0.0016167534,0,0,0.21,0.10317928,14.4,81,0,0
6889,5,1,1,0,0.01121675,0,0,0.21,0.10049888,16,72,0,0
6890,5,2,1,0,0.007283405,0,0,0.21,0.09995599,15,77,0,0
6891,5,3,1,0,0.11505005,0,0,0.21,0.10020886,15,81,0,0
6892,5,4,1,0,0.32195,0,0,0.21,0.105827644,15.6,75,0,0
6893,5,5,1,0,0.5093333,0,0,0.21,0.11799488,15.6,75,0,0
6894,5,6,1,0,0.35198334,4.7208333,0.0188833332,0.21,0.13414486,15.6,75,28,0
6895,5,7,1,0,0.32323334,32.870834,0.131483336,0.21,0.14101769,16.1,72,251,444
6896,5,8,1,0,0.69845,65.0375,0.26015,0.21,0.15169284,17,68,449,619
6897,5,9,1,0,0.7797,126.59583,0.50638332,0.21,0.15711325,18.9,59,645,698
6898,5,10,1,0,0.55985,303.90833,1.21563332,0.21,0.15298343,18.3,63,824,765
6899,5,11,1,0,1.1447333,369.35,1.4774,0.21,0.14902326,18.9,63,937,800
6900,5,12,1,0,0.8526,438.175,1.7527,0.21,0.15238038,19.4,59,999,828
6901,5,13,1,0,0.32971674,287.00418,1.14801672,0.21,0.15428814,18.9,59,984,814
6902,5,14,1,0,0.44726667,332.29584,1.32918336,0.21,0.15213457,19.4,57,899,746
6903,5,15,1,0,0.5484333,557.99585,2.2319834,0.21,0.1538401,18.9,56,761,711
6904,5,16,1,0,0.5280833,284.93332,1.13973328,0.5,0.15094976,18.3,61,587,587
6905,5,17,1,0,0.8976167,186.58333,0.74633332,0.5,0.15436368,17.8,63,386,498
6906,5,18,1,0,0.8257833,39.954166,0.159816664,0.5,0.15756173,16.7,67,201,231
6907,5,19,1,0,0.44085,3.3833334,0.0135333336,0.5,0.15907474,16.1,72,14,84
6908,5,20,1,0,0.54403335,0,0,0.5,0.16493578,15.6,75,0,0
6909,5,21,1,0,0.83955,0,0,0.21,0.15466288,15,75,0,0
6910,5,22,1,0,1.0053667,0,0,0.21,0.14073144,16.1,67,0,0
6911,5,23,1,0,0.91265,0,0,0.21,0.124283,15.6,75,0,0
6912,5,24,1,0,0.9938,0,0,0.21,0.1233443,16.1,78,0,0
6913,5,1,2,0,0.34526667,0,0,0.21,0.12657332,14.4,78,0,0
6914,5,2,2,0,1.3490334,0,0,0.21,0.11334408,15,75,0,0
6915,5,3,2,0,0.56278336,0,0,0.21,0.10755664,14.4,78,0,0
6916,5,4,2,0,0.8811333,0,0,0.21,0.10668152,14.4,78,0,0
6917,5,5,2,0,0.8668333,0,0,0.21,0.116441876,13.9,80,0,0
6918,5,6,2,0,0.61185,15.166667,0.060666668,0.21,0.13492353,14.4,81,58,220
6919,5,7,2,0,1.0914667,120.84167,0.48336668,0.21,0.14779857,16.1,72,240,466
6920,5,8,2,0,0.38406667,194.77083,0.77908332,0.21,0.15400192,16.7,70,454,637
6921,5,9,2,0,0.87446666,215.79167,0.86316668,0.21,0.16079201,18.3,63,614,580
6922,5,10,2,0,0.40688333,293.82916,1.17531664,0.21,0.16600828,19.4,57,746,563
6923,5,11,2,0,0.5938,375.04584,1.50018336,0.21,0.16865575,19.4,59,845,549
6924,5,12,2,0,1.39095,501.55832,2.00623328,0.21,0.16705757,20,59,993,744
6925,5,13,2,0,0.31733337,311.7,1.2468,0.21,0.16542807,19.4,61,866,524
6926,5,14,2,0,0.33901668,217.01666,0.86806664,0.21,0.17619567,20,61,777,497
6927,5,15,2,0,0.31181666,120.38333,0.48153332,0.21,0.18074428,19.4,61,680,496
6928,5,16,2,0,0.29996666,59.979168,0.239916672,0.5,0.1866104,19.4,59,543,437
6929,5,17,2,0,0.5226833,29.945833,0.119783332,0.5,0.18091314,18.9,59,368,425
6930,5,18,2,0,0.67588335,10.158334,0.040633336,0.5,0.17310959,17.2,67,199,246
6931,5,19,2,0,0.50491667,0,0,0.5,0.1793548,16.7,65,15,92
6932,5,20,2,0,0.68331665,0,0,0.5,0.18481342,16.7,72,0,0
6933,5,21,2,0,2.0005167,0,0,0.21,0.18468857,16.1,75,0,0
6934,5,22,2,0,0.8448333,0,0,0.21,0.16904213,16.7,75,0,0
6935,5,23,2,0,1.1605333,0,0,0.21,0.14936063,16.1,81,0,0
6936,5,24,2,0,0.553425,0,0,0.21,0.15070544,16.7,84,0,0
6937,5,1,3,0,0.85246664,0,0,0.21,0.14294022,16.1,78,0,0
6938,5,2,3,0,0.26166666,0,0,0.21,0.13944355,15,81,0,0
6939,5,3,3,0,1.0441,0,0,0.21,0.1375945,14.4,84,0,0
6940,5,4,3,0,0.51865,0,0,0.21,0.13777983,15,81,0,0
6941,5,5,3,0,0.9841,0,0,0.21,0.13986924,15,83,0,0
6942,5,6,3,0,0.62621665,0.6375,0.00255,0.21,0.15747921,15.6,80,61,239
6943,5,7,3,0,0.88035,26.708334,0.106833336,0.21,0.16614117,17.8,70,257,526
6944,5,8,3,0,0.82565,66.375,0.2655,0.21,0.16844554,19.4,61,460,654
6945,5,9,3,0,0.29181665,83.78333,0.33513332,0.21,0.17141385,20,65,657,727
6946,5,10,3,0,1.0631833,90.71667,0.36286668,0.21,0.1790463,21.1,63,830,776
6947,5,11,3,0,0.48946667,86.90417,0.34761668,0.21,0.18128891,21.7,59,943,811
6948,5,12,3,0,1.1001333,66.7,0.2668,0.21,0.18588124,22.2,55,993,810
6949,5,13,3,0,0.9503,59.070835,0.23628334,0.21,0.18867713,22.2,53,971,778
6950,5,14,3,0,0.7521333,44.241665,0.17696666,0.21,0.19400544,22.2,57,905,783
6951,5,15,3,0,0.6676,56.258335,0.22503334,0.21,0.1992758,21.7,59,774,741
6952,5,16,3,0,0.3042,40.966667,0.163866668,0.5,0.2045911,21.1,61,608,680
6953,5,17,3,0,0.31421667,21.2375,0.08495,0.5,0.21136038,20.6,65,401,530
6954,5,18,3,0,0.9135,19.466667,0.077866668,0.5,0.21651372,18.9,73,197,252
6955,5,19,3,0,0.9841667,3.8,0.0152,0.5,0.21275143,18.3,76,16,97
6956,5,20,3,0,0.45613334,0,0,0.5,0.21540958,18.3,73,0,0
6957,5,21,3,0,1.2065166,0,0,0.21,0.21027866,17.2,84,0,0
6958,5,22,3,0,1.0724833,0,0,0.21,0.19833085,17.2,81,0,0
6959,5,23,3,0,1.7375,0,0,0.21,0.1873247,16.7,84,0,0
6960,5,24,3,0,0.714,0,0,0.21,0.18096398,17.8,78,0,0
6961,5,1,4,0,1.0844834,0,0,0.21,0.16708675,16.1,83,0,0
6962,5,2,4,0,0.52535,0,0,0.21,0.1662245,16.1,83,0,0
6963,5,3,4,0,1.0916,0,0,0.21,0.16479605,15.6,86,0,0
6964,5,4,4,0,1.4062667,0,0,0.21,0.15813826,15.6,86,0,0
6965,5,5,4,0,0.7129833,0,0,0.21,0.16329797,15,90,0,0
6966,5,6,4,0,1.1242334,95.166664,0.380666656,0.21,0.17988506,16.1,90,41,38
6967,5,7,4,0,0.28398332,320.72916,1.28291664,0.21,0.1951596,17.2,84,249,434
6968,5,8,4,0,0.99163336,516.05414,2.06421656,0.21,0.20087957,18.9,73,396,367
6969,5,9,4,0,0.3507,665.0125,2.66005,0.21,0.21275635,20.6,70,652,651
6970,5,10,4,0,1.8084333,756.4167,3.0256668,0.21,0.21849637,21.1,66,819,747
6971,5,11,4,0,2.11325,793.25415,3.1730166,0.21,0.22521354,21.1,66,949,823
6972,5,12,4,0,2.0888333,788,3.152,0.21,0.2278295,21.1,66,1011,846
6973,5,13,4,0,1.0952333,744.0917,2.9763668,0.21,0.23146275,21.7,63,983,808
6974,5,14,4,0,0.21041666,656.475,2.6259,0.21,0.23106979,20.6,68,911,770
6975,5,15,4,0,0.22185,518.74164,2.07496656,0.21,0.23340979,20.6,68,747,625
6976,5,16,4,0,0.2352,343.0375,1.37215,0.5,0.2390589,20,70,571,543
6977,5,17,4,0,0.24320833,149.9875,0.59995,0.5,0.2435218,18.9,75,358,366
6978,5,18,4,0,0.22591667,30.858334,0.123433336,0.5,0.24615741,17.8,80,208,298
6979,5,19,4,0,0.33185,3.0708334,0.0122833336,0.5,0.23965144,17.2,78,18,117
6980,5,20,4,0,0.029766755,0,0,0.5,0.24040918,17.2,81,0,0
6981,5,21,4,0,0.037233364,0,0,0.21,0.23151933,17.2,81,0,0
6982,5,22,4,0,0.025583403,0,0,0.21,0.22063847,17.2,78,0,0
6983,5,23,4,0,0.00050009345,0,0,0.21,0.21194689,17.8,78,0,0
6984,5,24,4,0,9.512901e-08,0,0,0.21,0.20256604,16.1,75,0,0
6985,5,1,5,0,1.001358e-07,0,0,0.21,0.18749101,17.8,75,0,0
6986,5,2,5,0,1.001358e-07,0,0,0.21,0.17854106,17.8,75,0,0
6987,5,3,5,0,0.17185001,0,0,0.21,0.17091182,17.2,78,0,0
6988,5,4,5,0,0.283,0,0,0.21,0.17329465,17.2,75,0,0
6989,5,5,5,0,0.30651668,0,0,0.21,0.17880754,17.2,72,0,0
6990,5,6,5,0,0.30873334,100.79583,0.40318332,0.21,0.18660529,17.2,72,16,0
6991,5,7,5,0,0.28519166,323.61874,1.29447496,0.21,0.1929064,17.2,72,67,0
6992,5,8,5,0,0.28698334,515.54584,2.06218336,0.21,0.20298907,17.8,70,108,0
6993,5,9,5,0,0.38828334,662.98334,2.65193336,0.21,0.21121132,17.8,70,238,12
6994,5,10,5,0,2.0700834,760.32086,3.04128344,0.21,0.21985683,18.9,68,384,30
6995,5,11,5,0,2.33545,806.76666,3.22706664,0.21,0.22513072,19.4,63,284,12
6996,5,12,5,0,2.2570167,804.1875,3.21675,0.21,0.23191059,20,63,550,114
6997,5,13,5,0,0.5438,751.16876,3.00467504,0.21,0.23578565,21.1,59,810,446
6998,5,14,5,0,0.25561666,649.6042,2.5984168,0.21,0.23880683,21.1,61,853,588
6999,5,15,5,0,0.28491667,517.5125,2.07005,0.21,0.24273406,20.6,65,767,717
7000,5,16,5,0,0.25353333,347.6375,1.39055,0.5,0.24068421,19.4,68,593,586
7001,5,17,5,0,1.35205,150.0875,0.60035,0.5,0.23922285,18.3,70,390,496
7002,5,18,5,0,1.0122666,27.304167,0.109216668,0.5,0.2391109,17.2,72,206,234
7003,5,19,5,0,0.63271666,1.8375,0.00735,0.5,0.23743622,16.1,75,18,94
7004,5,20,5,0,0.051566735,0,0,0.5,0.2263917,16.1,78,0,0
7005,5,21,5,0,0.00053342344,0,0,0.21,0.2102098,16.1,78,0,0
7006,5,22,5,0,0.06533335,0,0,0.21,0.19653098,16.1,78,0,0
7007,5,23,5,0,0.007916719,0,0,0.21,0.1824556,16.1,75,0,0
7008,5,24,5,0,0.0044834185,0,0,0.21,0.16535756,15.6,75,0,0
7009,5,1,6,0,1.001358e-07,0,0,0.21,0.15002696,16.1,75,0,0
7010,5,2,6,0,0.011066762,0,0,0.21,0.13423255,16.7,75,0,0
7011,5,3,6,0,0.29898334,0,0,0.21,0.12947702,15.6,78,0,0
7012,5,4,6,0,0.2722,0,0,0.21,0.12465516,15.6,78,0,0
7013,5,5,6,0,0.29453334,0,0,0.21,0.11781291,15.6,78,0,0
7014,5,6,6,0,0.25846666,99.6125,0.39845,0.21,0.12128384,15.6,78,16,0
7015,5,7,6,0,0.2788,315.48334,1.26193336,0.21,0.121051006,16.1,75,63,0
7016,5,8,6,0,0.4942,492.29584,1.96918336,0.21,0.12131825,17.2,70,260,75
7017,5,9,6,0,0.3401,625.37915,2.5015166,0.21,0.12687275,17.2,70,477,229
7018,5,10,6,0,1.7484334,722.2833,2.8891332,0.21,0.12747413,17.8,65,786,587
7019,5,11,6,0,1.9774667,764.9625,3.05985,0.21,0.13381796,19.4,63,920,722
7020,5,12,6,0,1.9438,753.6042,3.0144168,0.21,0.13265719,20,59,957,684
7021,5,13,6,0,1.2321167,719.37915,2.8775166,0.21,0.1259649,20,59,903,542
7022,5,14,6,0,0.27736667,635.1625,2.54065,0.21,0.122201145,19.4,61,892,716
7023,5,15,6,0,1.7366667,504.41666,2.01766664,0.21,0.1269659,18.9,63,767,710
7024,5,16,6,0,2.4895833,339.6625,1.35865,0.5,0.12664288,18.3,63,599,605
7025,5,17,6,0,2.4169,149.84584,0.59938336,0.5,0.13031416,17.8,65,390,489
7026,5,18,6,0,1.9864334,27.220833,0.108883332,0.5,0.13001485,16.7,70,203,226
7027,5,19,6,0,1.7047334,2.0708334,0.0082833336,0.5,0.13296263,16.1,72,19,92
7028,5,20,6,0,0.18331671,0,0,0.5,0.13576718,16.1,72,0,0
7029,5,21,6,0,0.11675008,0,0,0.21,0.130372,16.1,78,0,0
7030,5,22,6,0,0.46535003,0,0,0.21,0.12451905,15.6,80,0,0
7031,5,23,6,0,0.22018339,0,0,0.21,0.119758,15.6,78,0,0
7032,5,24,6,0,0.27035,0,0,0.21,0.110734195,16.1,64,0,0
7033,5,1,7,0,0.28563333,0,0,0.21,0.11601021,16.1,70,0,0
7034,5,2,7,0,0.42378333,0,0,0.21,0.10972998,16.1,70,0,0
7035,5,3,7,0,0.29648334,0,0,0.21,0.10497762,16.1,67,0,0
7036,5,4,7,0,0.26551667,0,0,0.21,0.10400502,16.1,67,0,0
7037,5,5,7,0,0.24741666,0,0,0.21,0.10903585,16.7,65,0,0
7038,5,6,7,0,0.20466666,96.620834,0.386483336,0.21,0.109405525,16.7,65,21,0
7039,5,7,7,0,0.43671668,308.3625,1.23345,0.21,0.11011995,17.2,65,92,0
7040,5,8,7,0,0.75838333,484.08334,1.93633336,0.21,0.1093938,17.8,63,186,11
7041,5,9,7,0,0.45383334,617.525,2.4701,0.21,0.11054098,17.2,70,138,0
7042,5,10,7,0,2.1661,706.06665,2.8242666,0.21,0.11288096,17.2,67,284,24
7043,5,11,7,0,2.5929832,754.55,3.0182,0.21,0.11444478,17.8,63,573,161
7044,5,12,7,0,2.5755,760.18335,3.0407334,0.21,0.11214736,17.8,65,790,384
7045,5,13,7,0,4.071,718.55,2.8742,0.21,0.12145251,18.9,61,587,133
7046,5,14,7,0,2.22985,640.07916,2.56031664,0.21,0.12714292,18.9,59,584,152
7047,5,15,7,0,3.6685,514.75836,2.05903344,0.21,0.12260601,18.3,61,477,104
7048,5,16,7,0,1.9186,344.74167,1.37896668,0.5,0.123771526,17.8,63,390,81
7049,5,17,7,0,2.3794334,150.46666,0.60186664,0.5,0.12879938,17.2,65,273,78
7050,5,18,7,0,1.1223,27.383333,0.109533332,0.5,0.126266,17.2,65,139,31
7051,5,19,7,0,0.93553334,0,0,0.5,0.12989423,16.7,67,14,13
7052,5,20,7,0,0.17036669,0,0,0.5,0.14168802,16.7,65,0,0
7053,5,21,7,0,0.07675002,0,0,0.21,0.13757998,16.7,65,0,0
7054,5,22,7,0,0.22066668,0,0,0.21,0.13129497,16.1,64,0,0
7055,5,23,7,0,0.30351672,0,0,0.21,0.119514264,16.1,64,0,0
7056,5,24,7,0,0.2506667,0,0,0.21,0.10427398,16.1,72,0,0
7057,5,1,1,0,0.26603332,0,0,0.21,0.097097635,16.1,64,0,0
7058,5,2,1,0,0.26713333,0,0,0.21,0.09708522,16.1,64,0,0
7059,5,3,1,0,0.30166668,0,0,0.21,0.098534,15.6,67,0,0
7060,5,4,1,0,0.3015,0,0,0.21,0.0990595,15.6,67,0,0
7061,5,5,1,0,0.46215,0,0,0.21,0.10823803,15.6,69,0,0
7062,5,6,1,0,0.42408332,95.36667,0.38146668,0.21,0.12366582,15.6,67,46,30
7063,5,7,1,0,0.46241668,305.64584,1.22258336,0.21,0.13952188,15.6,64,172,82
7064,5,8,1,0,0.67226666,482.89166,1.93156664,0.21,0.14850633,16.7,60,295,98
7065,5,9,1,0,0.46565,610.25836,2.44103344,0.21,0.15262495,16.7,60,408,106
7066,5,10,1,0,1.5659167,700.0333,2.8001332,0.21,0.15762492,17.2,58,496,101
7067,5,11,1,0,1.8835666,740.85,2.9634,0.21,0.1555212,17.8,56,561,131
7068,5,12,1,0,1.8891166,743.2917,2.9731668,0.21,0.14982282,17.8,58,592,132
7069,5,13,1,0,1.4501,703.3875,2.81355,0.21,0.1509519,18.3,56,587,133
7070,5,14,1,0,0.23936667,611.1125,2.44445,0.21,0.14868194,18.9,52,545,121
7071,5,15,1,0,1.02955,499.33334,1.99733336,0.21,0.15053831,19.4,51,652,367
7072,5,16,1,0,2.2946334,331.25,1.325,0.5,0.14789997,18.9,54,555,480
7073,5,17,1,0,3.1906834,149.00417,0.59601668,0.5,0.14945537,18.9,50,380,437
7074,5,18,1,0,2.9455166,31.175,0.1247,0.5,0.14801823,17.8,63,212,309
7075,5,19,1,0,1.5214833,4.25,0.017,0.5,0.14701945,16.7,67,22,131
7076,5,20,1,0,0.20466672,0,0,0.5,0.14210893,16.1,72,0,0
7077,5,21,1,0,0.085050054,0,0,0.21,0.13964754,16.1,72,0,0
7078,5,22,1,0,0.05163338,0,0,0.21,0.12778741,16.7,72,0,0
7079,5,23,1,0,0.05215005,0,0,0.21,0.10992381,16.1,72,0,0
7080,5,24,1,0,0.068416715,0,0,0.21,0.09258745,15.6,86,0,0
7081,5,1,2,0,0.4405,0,0,0.21,0.09484717,16.1,75,0,0
7082,5,2,2,0,0.25023332,0,0,0.21,0.08639764,16,77,0,0
7083,5,3,2,0,0.2504,0,0,0.21,0.08250259,15.6,75,0,0
7084,5,4,2,0,0.23703334,0,0,0.21,0.08228942,15.6,78,0,0
7085,5,5,2,0,0.26161668,0,0,0.21,0.094574936,16.1,81,0,0
7086,5,6,2,0,0.25855,94.325,0.3773,0.21,0.114443354,16,77,22,0
7087,5,7,2,0,0.2426,299.475,1.1979,0.21,0.1263395,16.1,81,76,0
7088,5,8,2,0,0.26055,476.76666,1.90706664,0.21,0.13343817,16.1,81,133,0
7089,5,9,2,0,0.33738333,604.29584,2.41718336,0.21,0.13366017,16.1,81,175,0
7090,5,10,2,0,1.64895,693.92084,2.77568336,0.21,0.13679016,16.7,78,217,0
7091,5,11,2,0,2.0410833,735.475,2.9419,0.21,0.13819505,17.2,75,249,6
7092,5,12,2,0,1.9115,743.79584,2.97518336,0.21,0.14072105,18.3,70,257,6
7093,5,13,2,0,1.44805,706.49585,2.8259834,0.21,0.1437197,19.4,68,260,6
7094,5,14,2,0,0.9501,629.0875,2.51635,0.21,0.1440451,20,61,244,0
7095,5,15,2,0,2.3653667,504.51666,2.01806664,0.21,0.14318706,17.8,67,208,6
7096,5,16,2,0,2.9438334,339.45834,1.35783336,0.5,0.14621401,17.2,72,173,0
7097,5,17,2,0,2.3776667,150.35417,0.60141668,0.5,0.15160179,17.2,72,222,33
7098,5,18,2,0,2.6990666,31.4375,0.12575,0.5,0.14665298,16.7,78,99,0
7099,5,19,2,0,1.8395333,3.3125,0.01325,0.5,0.14611873,16.1,78,11,0
7100,5,20,2,0,0.118916735,0,0,0.5,0.14942437,16.1,81,0,0
7101,5,21,2,0,0.13401672,0,0,0.21,0.14077528,16.1,83,0,0
7102,5,22,2,0,0.08543341,0,0,0.21,0.12053666,16.1,81,0,0
7103,5,23,2,0,0.041883416,0,0,0.21,0.10791273,15.6,83,0,0
7104,5,24,2,0,0.44848335,0,0,0.21,0.09724547,16.1,87,0,0
7105,5,1,3,0,0.32475,0,0,0.21,0.09192684,15.6,83,0,0
7106,5,2,3,0,0.5024,0,0,0.21,0.0903981,16.1,83,0,0
7107,5,3,3,0,0.31943333,0,0,0.21,0.09161265,15,87,0,0
7108,5,4,3,0,0.30603334,0,0,0.21,0.094093665,14.4,87,0,0
7109,5,5,3,0,0.288,0,0,0.21,0.099592835,14.4,87,0,0
7110,5,6,3,0,0.35233334,96.933334,0.387733336,0.21,0.11127046,15.6,86,69,226
7111,5,7,3,0,0.3035,302.40833,1.20963332,0.21,0.12312549,17.2,81,248,452
7112,5,8,3,0,0.31118333,471.4125,1.88565,0.21,0.12948248,18.3,76,467,655
7113,5,9,3,0,0.364,586.79584,2.34718336,0.21,0.13482308,19.4,70,648,616
7114,5,10,3,0,1.6669,690.875,2.7635,0.21,0.14012486,20,68,535,172
7115,5,11,3,0,1.9445666,717.7167,2.8708668,0.21,0.14152503,20,68,753,388
7116,5,12,3,0,1.9512833,716.5417,2.8661668,0.21,0.14071596,20,68,796,360
7117,5,13,3,0,1.9452833,700.1625,2.80065,0.21,0.1505283,18.9,73,278,24
7118,5,14,3,0,0.7594333,611.57916,2.44631664,0.21,0.14737739,18.3,76,852,497
7119,5,15,3,0,0.97328335,511.725,2.0469,0.21,0.15006159,20,68,443,86
7120,5,16,3,0,1.94025,335.71667,1.34286668,0.5,0.14725694,18.9,73,605,523
7121,5,17,3,0,2.2926333,159.5375,0.63815,0.5,0.14344847,18.3,76,411,527
7122,5,18,3,0,1.9092667,29.229166,0.116916664,0.5,0.1351438,17.8,78,208,268
7123,5,19,3,0,1.2978333,2.075,0.0083,0.5,0.13085178,16.7,84,24,118
7124,5,20,3,0,0.35858342,0,0,0.5,0.13440278,16.7,84,0,0
7125,5,21,3,0,0.10040008,0,0,0.21,0.13045704,16.7,84,0,0
7126,5,22,3,0,1.001358e-07,0,0,0.21,0.11541337,16.7,84,0,0
7127,5,23,3,0,1.001358e-07,0,0,0.21,0.109691195,16.1,87,0,0
7128,5,24,3,0,1.001358e-07,0,0,0.21,0.09259725,17.2,81,0,0
7129,5,1,4,0,0.04945009,0,0,0.21,0.088280596,16.1,87,0,0
7130,5,2,4,0,0.30161667,0,0,0.21,0.085589096,16.7,86,0,0
7131,5,3,4,0,0.2612,0,0,0.21,0.085283384,16.7,84,0,0
7132,5,4,4,0,0.27623335,0,0,0.21,0.0905997,16.7,84,0,0
7133,5,5,4,0,0.31713334,0,0,0.21,0.09408371,16.7,84,0,0
7134,5,6,4,0,0.28898335,8.283334,0.033133336,0.21,0.102453604,16.7,84,22,0
7135,5,7,4,0,0.36441666,76.7,0.3068,0.21,0.119475104,17.2,81,76,0
7136,5,8,4,0,0.29931667,179.60417,0.71841668,0.21,0.12582073,17.8,78,167,6
7137,5,9,4,0,0.27645,395.62918,1.58251672,0.21,0.13036077,18.9,73,340,70
7138,5,10,4,0,1.4484583,655.7917,2.6231668,0.21,0.13664597,19.4,70,764,492
7139,5,11,4,0,1.46005,632.4583,2.5298332,0.21,0.14268513,20.6,65,868,555
7140,5,12,4,0,2.0677333,776.85,3.1074,0.21,0.14120747,20.6,65,999,786
7141,5,13,4,0,1.8267,748.36664,2.99346656,0.21,0.1366389,20.6,65,989,808
7142,5,14,4,0,0.29041666,655.9625,2.62385,0.21,0.14150105,20.6,65,904,740
7143,5,15,4,0,0.20095,520.37085,2.0814834,0.21,0.13982841,20.6,65,772,710
7144,5,16,4,0,0.53501666,351.30832,1.40523328,0.5,0.14189242,19.4,68,604,635
7145,5,17,4,0,0.29535,159.9,0.6396,0.5,0.14168021,18.9,70,419,553
7146,5,18,4,0,0.204,37.2,0.1488,0.5,0.13768722,17.8,75,207,275
7147,5,19,4,0,1.211,5.6208334,0.0224833336,0.5,0.13225405,17.2,81,24,123
7148,5,20,4,0,0.056916747,0,0,0.5,0.13276583,17.2,81,0,0
7149,5,21,4,0,0.010283413,0,0,0.21,0.12662998,17.2,81,0,0
7150,5,22,4,0,0.24631669,0,0,0.21,0.11236676,17.2,84,0,0
7151,5,23,4,0,0.08466671,0,0,0.21,0.10219811,17.2,84,0,0
7152,5,24,4,0,1.001358e-07,0,0,0.21,0.09544292,16.7,84,0,0
7153,5,1,5,0,1.001358e-07,0,0,0.21,0.09259216,17.2,81,0,0
7154,5,2,5,0,0.00303341,0,0,0.21,0.0925413,17.2,81,0,0
7155,5,3,5,0,0.105400056,0,0,0.21,0.092751876,17.8,78,0,0
7156,5,4,5,0,0.27406666,0,0,0.21,0.09349242,17.2,81,0,0
7157,5,5,5,0,0.27865,0,0,0.21,0.10057854,17.8,78,0,0
7158,5,6,5,0,0.25631666,8.8625,0.03545,0.21,0.1131725,17.8,75,22,0
7159,5,7,5,0,0.26358333,71.53333,0.28613332,0.21,0.12330135,18.3,73,72,0
7160,5,8,5,0,0.27918333,228.5625,0.91425,0.21,0.1314436,18.9,70,167,6
7161,5,9,5,0,0.35416666,434.5125,1.73805,0.21,0.13133149,19.4,70,356,88
7162,5,10,5,0,1.3197167,615.6875,2.46275,0.21,0.1341158,20.6,68,803,599
7163,5,11,5,0,0.65708333,382.275,1.5291,0.21,0.13307479,21.7,63,938,734
7164,5,12,5,0,1.6372833,641.475,2.5659,0.21,0.1339716,21.7,63,909,522
7165,5,13,5,0,0.98301667,504.925,2.0197,0.21,0.13568339,21.1,63,884,542
7166,5,14,5,0,0.36203334,649.0292,2.5961168,0.21,0.1356931,21.1,63,910,722
7167,5,15,5,0,0.27335,483.0625,1.93225,0.21,0.13627012,20.6,65,771,710
7168,5,16,5,0,0.36501667,349.78333,1.39913332,0.5,0.13514471,20,68,611,654
7169,5,17,5,0,0.62368333,157.52916,0.63011664,0.5,0.13733591,19.4,70,418,526
7170,5,18,5,0,0.99976665,36.404167,0.145616668,0.5,0.13155785,17.8,78,205,266
7171,5,19,5,0,0.72026664,5.4375,0.02175,0.5,0.12825516,17.2,81,25,121
7172,5,20,5,0,0.10371673,0,0,0.5,0.13026299,17.2,81,0,0
7173,5,21,5,0,1.001358e-07,0,0,0.21,0.12830146,17.2,81,0,0
7174,5,22,5,0,0.0032000968,0,0,0.21,0.122185655,17.2,81,0,0
7175,5,23,5,0,0.3035167,0,0,0.21,0.11690579,16.7,84,0,0
7176,5,24,5,0,0.39970833,0,0,0.21,0.09824596,16.1,87,0,0
7177,5,1,6,0,0.34341666,0,0,0.21,0.093827404,16.7,80,0,0
7178,5,2,6,0,0.3145,0,0,0.21,0.08398978,16.7,84,0,0
7179,5,3,6,0,0.31451666,0,0,0.21,0.08184431,16.7,80,0,0
7180,5,4,6,0,0.3037,0,0,0.21,0.08662733,16.7,84,0,0
7181,5,5,6,0,0.32716668,0,0,0.21,0.09598557,17.2,81,0,0
7182,5,6,6,0,0.29416665,93.74167,0.37496668,0.21,0.102491364,17.2,81,15,0
7183,5,7,6,0,0.29611668,256.11667,1.02446668,0.21,0.10609706,17.2,81,76,0
7184,5,8,6,0,0.3218,481.19168,1.92476672,0.21,0.11454693,17.8,78,133,0
7185,5,9,6,0,0.30215,567.55414,2.27021656,0.21,0.1170139,18.3,76,287,18
7186,5,10,6,0,1.6260333,689.5375,2.75815,0.21,0.12140787,19.4,70,424,42
7187,5,11,6,0,2.0888667,771.275,3.0851,0.21,0.12186701,20,68,724,292
7188,5,12,6,0,2.1195667,769.87915,3.0795166,0.21,0.1223416,20,68,927,546
7189,5,13,6,0,1.38985,727.87085,2.9114834,0.21,0.12119673,20.6,63,865,512
7190,5,14,6,0,0.34158334,637.2083,2.5488332,0.21,0.1189001,20.6,65,890,673
7191,5,15,6,0,0.30546665,511.675,2.0467,0.21,0.118647434,20,68,764,685
7192,5,16,6,0,0.32348335,348.7625,1.39505,0.5,0.118723705,19.4,70,603,592
7193,5,17,6,0,0.6306667,158.72917,0.63491668,0.5,0.119540334,18.3,76,392,455
7194,5,18,6,0,0.9989167,32.820835,0.13128334,0.5,0.12522677,17.2,81,191,205
7195,5,19,6,0,1.34795,4.2708335,0.017083334,0.5,0.12165371,16.7,84,24,95
7196,5,20,6,0,0.24153334,0,0,0.5,0.121831946,16.7,84,0,0
7197,5,21,6,0,0.07218336,0,0,0.21,0.11768257,16.1,87,0,0
7198,5,22,6,0,0.007166745,0,0,0.21,0.110299006,16.1,87,0,0
7199,5,23,6,0,0.0011000918,0,0,0.21,0.10074812,15.6,90,0,0
7200,5,24,6,0,1.001358e-07,0,0,0.21,0.08930721,15.6,83,0,0
7201,5,1,7,0,1.001358e-07,0,0,0.21,0.08712648,16.1,87,0,0
7202,5,2,7,0,1.001358e-07,0,0,0.21,0.08903605,16.7,84,0,0
7203,5,3,7,0,0.11318339,0,0,0.21,0.089622766,16.7,84,0,0
7204,5,4,7,0,0.2894,0,0,0.21,0.08856914,16.7,84,0,0
7205,5,5,7,0,0.33555,0,0,0.21,0.09238422,16.7,84,0,0
7206,5,6,7,0,0.24268334,92.5875,0.37035,0.21,0.1051865,16.7,84,23,0
7207,5,7,7,0,0.22541666,299.15417,1.19661668,0.21,0.10285633,17.2,81,72,0
7208,5,8,7,0,0.2847,482.73334,1.93093336,0.21,0.10002484,17.8,80,138,0
7209,5,9,7,0,0.25911668,618.82086,2.47528344,0.21,0.10456586,17.2,81,191,0
7210,5,10,7,0,1.6237667,707.07086,2.82828344,0.21,0.10814453,17.8,78,301,12
7211,5,11,7,0,2.1016333,745.67914,2.98271656,0.21,0.11053485,18.9,75,463,42
7212,5,12,7,0,2.56295,742.25836,2.96903344,0.21,0.116426356,20.6,68,538,66
7213,5,13,7,0,2.1782167,707.37085,2.8294834,0.21,0.11827079,20.6,65,556,102
7214,5,14,7,0,0.50333333,624.975,2.4999,0.21,0.11610782,20,68,416,24
7215,5,15,7,0,0.44259167,486.975,1.9479,0.21,0.11364638,19.4,66,375,24
7216,5,16,7,0,2.0926332,337.32083,1.34928332,0.5,0.114619784,18.9,68,258,6
7217,5,17,7,0,1.7441,154.97084,0.61988336,0.5,0.11204476,18.3,76,204,6
7218,5,18,7,0,1.57495,32.7375,0.13095,0.5,0.10880594,17.2,75,142,38
7219,5,19,7,0,1.6121666,4.2166667,0.0168666668,0.5,0.10684313,16.7,78,19,18
7220,5,20,7,0,0.14535007,0,0,0.5,0.10940653,16.7,78,0,0
7221,5,21,7,0,0.061333388,0,0,0.21,0.11364775,16.7,80,0,0
7222,5,22,7,0,0.032416724,0,0,0.21,0.106835485,16.7,80,0,0
7223,5,23,7,0,0.00048342513,0,0,0.21,0.10295149,16.1,83,0,0
7224,5,24,7,0,1.001358e-07,0,0,0.21,0.09291202,15.6,78,0,0
7225,5,1,1,0,1.001358e-07,0,0,0.21,0.081383474,15.6,83,0,0
7226,5,2,1,0,0.06415008,0,0,0.21,0.077084646,15.6,86,0,0
7227,5,3,1,0,0.23636666,0,0,0.21,0.07621244,15.6,86,0,0
7228,5,4,1,0,0.27458334,0,0,0.21,0.07615338,16.1,83,0,0
7229,5,5,1,0,0.30831668,0,0,0.21,0.079887405,16.1,83,0,0
7230,5,6,1,0,0.28518334,79.07917,0.31631668,0.21,0.089100346,16.1,81,13,0
7231,5,7,1,0,0.25976667,244.24583,0.97698332,0.21,0.09552366,16.7,72,55,0
7232,5,8,1,0,0.2379,483.64166,1.93456664,0.21,0.09686261,16.7,72,108,0
7233,5,9,1,0,0.24671666,605.6375,2.42255,0.21,0.10029677,16.7,78,303,23
7234,5,10,1,0,1.0519167,613.35,2.4534,0.21,0.10635932,17.2,72,368,24
7235,5,11,1,0,1.83645,703.67084,2.81468336,0.21,0.11102846,17.2,75,417,36
7236,5,12,1,0,1.8001667,722.7208,2.8908832,0.21,0.11320687,18.3,68,443,24
7237,5,13,1,0,1.7076334,713.10834,2.85243336,0.21,0.10983448,18.9,68,513,72
7238,5,14,1,0,0.30648333,623.9875,2.49595,0.21,0.10923171,20,65,762,394
7239,5,15,1,0,0.2111,497.35,1.9894,0.21,0.1102006,20,65,784,685
7240,5,16,1,0,2.0415332,281.91666,1.12766664,0.5,0.11503265,18.9,70,609,635
7241,5,17,1,0,2.1177166,142.3375,0.56935,0.5,0.11775655,17.8,73,432,558
7242,5,18,1,0,2.29485,41.254166,0.165016664,0.5,0.11849654,16.7,75,224,324
7243,5,19,1,0,2.2687333,6.3625,0.02545,0.5,0.116831265,16.1,78,30,154
7244,5,20,1,0,0.97926664,0,0,0.5,0.1182214,15.6,80,0,0
7245,5,21,1,0,0.31566668,0,0,0.21,0.111856826,15.6,80,0,0
7246,5,22,1,0,0.0897167,0,0,0.21,0.0995721,16.1,78,0,0
7247,5,23,1,0,0.0016500918,0,0,0.21,0.0951794,15.6,78,0,0
7248,5,24,1,0,0.05121675,0,0,0.21,0.07724357,15.6,75,0,0
7249,5,1,2,0,0.32405,0,0,0.21,0.07858876,15.6,75,0,0
7250,5,2,2,0,0.31925,0,0,0.21,0.074370444,15.6,75,0,0
7251,5,3,2,0,0.31343332,0,0,0.21,0.0728057,15.6,75,0,0
7252,5,4,2,0,0.35465,0,0,0.21,0.07362638,15.6,75,0,0
7253,5,5,2,0,0.30863333,0,0,0.21,0.08157354,15.6,75,0,0
7254,5,6,2,0,0.34243333,22.204166,0.088816664,0.21,0.101054154,15.6,78,49,35
7255,5,7,2,0,0.49341667,85.85833,0.34343332,0.21,0.11011236,16.1,75,131,22
7256,5,8,2,0,0.33645,268.3375,1.07335,0.21,0.1189787,16.7,72,281,86
7257,5,9,2,0,0.29493332,482.94583,1.93178332,0.21,0.12284248,17.2,70,553,352
7258,5,10,2,0,1.3013,646.1583,2.5846332,0.21,0.1246513,18.3,65,798,611
7259,5,11,2,0,1.9160833,738.7708,2.9550832,0.21,0.12813868,18.9,61,926,728
7260,5,12,2,0,1.8963,733.98334,2.93593336,0.21,0.13168377,19.4,59,1005,822
7261,5,13,2,0,1.7031167,714.3417,2.8573668,0.21,0.13477667,19.4,57,1001,832
7262,5,14,2,0,0.27215,620.95416,2.48381664,0.21,0.13912334,18.9,61,928,812
7263,5,15,2,0,0.25301668,491.8875,1.96755,0.21,0.13893686,18.9,59,797,759
7264,5,16,2,0,1.0243833,359.71667,1.43886668,0.5,0.13483144,18.3,63,623,678
7265,5,17,2,0,1.42575,190.97917,0.76391668,0.5,0.13464524,17.8,63,431,583
7266,5,18,2,0,1.15625,40.1125,0.16045,0.5,0.1290147,16.7,65,222,315
7267,5,19,2,0,0.52468336,4.0875,0.01635,0.5,0.12731618,15.6,69,31,152
7268,5,20,2,0,0.08536673,0,0,0.5,0.12906562,15.6,72,0,0
7269,5,21,2,0,0.018166745,0,0,0.21,0.12613866,15.6,72,0,0
7270,5,22,2,0,0.03405008,0,0,0.21,0.1142084,15.6,75,0,0
7271,5,23,2,0,1.001358e-07,0,0,0.21,0.10557721,15.6,75,0,0
7272,5,24,2,0,1.001358e-07,0,0,0.21,0.087634936,15.9,80,0,0
7273,5,1,3,0,1.001358e-07,0,0,0.21,0.077649884,15.6,75,0,0
7274,5,2,3,0,0.15980004,0,0,0.21,0.075281076,15.6,78,0,0
7275,5,3,3,0,0.24046667,0,0,0.21,0.0766558,15.6,75,0,0
7276,5,4,3,0,0.2334,0,0,0.21,0.07725413,15,77,0,0
7277,5,5,3,0,0.24136667,0,0,0.21,0.08226118,15.6,75,0,0
7278,5,6,3,0,0.24388333,9.0375,0.03615,0.21,0.10810652,16.1,70,31,0
7279,5,7,3,0,0.44178334,62.654167,0.250616668,0.21,0.11657547,16.7,67,233,290
7280,5,8,3,0,0.28395,104.058334,0.416233336,0.21,0.12133871,17.2,65,473,593
7281,5,9,3,0,0.2801,253.94583,1.01578332,0.21,0.12846453,18.3,61,664,716
7282,5,10,3,0,0.47041667,355.975,1.4239,0.21,0.13928066,18.6,57,842,783
7283,5,11,3,0,0.69343334,378.45,1.5138,0.21,0.1390701,20.7,48,961,835
7284,5,12,3,0,1.1994833,531.44165,2.1257666,0.21,0.14016153,17.8,60,1017,846
7285,5,13,3,0,1.0571834,507.26666,2.02906664,0.21,0.14283663,17.8,63,1007,844
7286,5,14,3,0,0.36646667,403.04166,1.61216664,0.21,0.1436598,17.8,65,928,782
7287,5,15,3,0,0.31665,283.93542,1.13574168,0.21,0.14594686,17.2,70,797,752
7288,5,16,3,0,0.60978335,213.425,0.8537,0.5,0.14502043,16.7,75,652,691
7289,5,17,3,0,0.7788,140.875,0.5635,0.5,0.14695072,19.8,83,455,570
7290,5,18,3,0,1.029,60.733334,0.242933336,0.5,0.14828,19.4,70,256,329
7291,5,19,3,0,0.83885,17.029167,0.068116668,0.5,0.15107706,16.1,75,37,161
7292,5,20,3,0,0.17718342,0,0,0.5,0.15307897,16.1,75,0,0
7293,5,21,3,0,0.6462834,0,0,0.21,0.14216377,16.1,75,0,0
7294,5,22,3,0,0.6512667,0,0,0.21,0.120009854,16,80,0,0
7295,5,23,3,0,0.37548333,0,0,0.21,0.10717664,16,78,0,0
7296,5,24,3,0,0.26355833,0,0,0.22,0.09760128,16.1,83,0,0
7297,6,1,4,0,0.30271667,0,0,0.22,0.088517025,15.8,86,0,0
7298,6,2,4,0,0.33245,0,0,0.22,0.08647895,15.7,86,0,0
7299,6,3,4,0,0.26523334,0,0,0.22,0.086648196,15.7,83,0,0
7300,6,4,4,0,0.27208334,0,0,0.22,0.09205245,15.6,83,0,0
7301,6,5,4,0,0.28501666,0,0,0.22,0.09715595,15.6,83,0,0
7302,6,6,4,0,0.34361666,9.429167,0.037716668,0.22,0.111869775,15.6,83,13,0
7303,6,7,4,0,0.31953335,86.745834,0.346983336,0.22,0.12777649,16.1,81,81,0
7304,6,8,4,0,0.27531666,506.6625,2.02665,0.22,0.12869176,17.8,73,242,40
7305,6,9,4,0,0.28271666,426.95834,1.70783336,0.22,0.13592127,17.8,75,340,41
7306,6,10,4,0,1.5279334,651.4375,2.60575,0.22,0.13685577,18.3,73,675,356
7307,6,11,4,0,1.9174167,743.5917,2.9743668,0.22,0.13853423,19.4,68,874,531
7308,6,12,4,0,1.8973666,743.7167,2.9748668,0.22,0.13903657,20,63,1011,810
7309,6,13,4,0,1.77625,705.0292,2.8201168,0.22,0.14243807,20,61,1000,832
7310,6,14,4,0,0.5133833,621.11664,2.48446656,0.22,0.14135395,19.4,63,934,806
7311,6,15,4,0,0.17581667,496.71667,1.98686668,0.22,0.14316396,18.9,70,816,765
7312,6,16,4,0,0.86071664,332.58334,1.33033336,0.54,0.14418687,18.3,73,651,691
7313,6,17,4,0,0.9756167,156.48334,0.62593336,0.54,0.14412802,16.7,80,462,531
7314,6,18,4,0,1.11425,44.625,0.1785,0.54,0.14439958,16.1,83,219,246
7315,6,19,4,0,0.9328167,7.5291667,0.0301166668,0.54,0.14382523,16.1,83,32,122
7316,6,20,4,0,0.20926672,0,0,0.54,0.14350775,15.6,83,0,0
7317,6,21,4,0,0.06913336,0,0,0.22,0.14350632,15.6,83,0,0
7318,6,22,4,0,1.001358e-07,0,0,0.22,0.12512137,16.1,81,0,0
7319,6,23,4,0,1.001358e-07,0,0,0.22,0.10549522,16.1,83,0,0
7320,6,24,4,0,1.001358e-07,0,0,0.22,0.09606138,15,83,0,0
7321,6,1,5,0,0.19003338,0,0,0.22,0.082675256,15.6,83,0,0
7322,6,2,5,0,0.30225,0,0,0.22,0.08233142,15.6,86,0,0
7323,6,3,5,0,0.30151665,0,0,0.22,0.0833512,15.6,80,0,0
7324,6,4,5,0,0.2913,0,0,0.22,0.08514163,16.1,78,0,0
7325,6,5,5,0,0.29738334,0,0,0.22,0.09319211,16.1,78,0,0
7326,6,6,5,0,0.35403332,82.35,0.3294,0.22,0.106970616,16.7,72,13,0
7327,6,7,5,0,0.37056667,284.025,1.1361,0.22,0.11806399,16.1,78,77,0
7328,6,8,5,0,0.3445,462.4125,1.84965,0.22,0.121991485,16.7,75,104,0
7329,6,9,5,0,0.34253332,597.24585,2.3889834,0.22,0.13081789,17.2,72,346,70
7330,6,10,5,0,1.6682833,681.49585,2.7259834,0.22,0.1344299,18.3,68,597,261
7331,6,11,5,0,1.9029,726.7083,2.9068332,0.22,0.13209015,19.4,63,874,537
7332,6,12,5,0,1.8717166,731.75,2.927,0.22,0.12984756,19.4,63,1010,810
7333,6,13,5,0,1.6211,689.2917,2.7571668,0.22,0.12888975,19.4,63,1006,832
7334,6,14,5,0,0.31028333,603.2167,2.4128668,0.22,0.13152376,18.9,65,940,806
7335,6,15,5,0,0.46593332,483.075,1.9323,0.22,0.1335339,17.8,75,816,765
7336,6,16,5,0,2.1378334,330.775,1.3231,0.54,0.13373971,18.3,70,651,634
7337,6,17,5,0,3.11045,153.2875,0.61315,0.54,0.13898699,17.8,73,388,356
7338,6,18,5,0,2.6058333,36.608334,0.146433336,0.54,0.13824396,16.1,72,229,298
7339,6,19,5,0,0.7112333,5.2875,0.02115,0.54,0.13296318,15.6,75,35,149
7340,6,20,5,0,0.2029334,0,0,0.54,0.12755635,15,81,0,0
7341,6,21,5,0,0.004050092,0,0,0.22,0.12099769,14.4,87,0,0
7342,6,22,5,0,0.03971673,0,0,0.22,0.11226315,14.4,87,0,0
7343,6,23,5,0,0.060383413,0,0,0.22,0.10508978,14.4,87,0,0
7344,6,24,5,0,0.30970004,0,0,0.22,0.091016896,15.6,83,0,0
7345,6,1,6,0,0.60541666,0,0,0.22,0.094351925,15,83,0,0
7346,6,2,6,0,0.30991668,0,0,0.22,0.09203909,15,83,0,0
7347,6,3,6,0,0.29505,0,0,0.22,0.08825231,15,81,0,0
7348,6,4,6,0,0.2942,0,0,0.22,0.09055558,15,81,0,0
7349,6,5,6,0,0.27826667,0,0,0.22,0.096609995,15.6,75,0,0
7350,6,6,6,0,0.29261667,91.879166,0.367516664,0.22,0.08765743,16.1,72,16,0
7351,6,7,6,0,0.27705,289.77917,1.15911668,0.22,0.08719353,16.1,75,123,11
7352,6,8,6,0,0.38238335,465.58334,1.86233336,0.22,0.092494495,17.2,70,267,69
7353,6,9,6,0,0.30375,584.24164,2.33696656,0.22,0.09769109,17.2,72,521,270
7354,6,10,6,0,1.6120666,683.2292,2.7329168,0.22,0.098079786,17.2,72,798,599
7355,6,11,6,0,1.8125,723.23334,2.89293336,0.22,0.09831191,19.4,63,932,740
7356,6,12,6,0,1.8952667,731.4125,2.92565,0.22,0.10031509,19.4,61,939,612
7357,6,13,6,0,1.5421333,697.06665,2.7882666,0.22,0.10153204,20,59,926,615
7358,6,14,6,0,0.4105,615.9875,2.46395,0.22,0.101339236,19.4,61,857,570
7359,6,15,6,0,2.5911834,493.07083,1.97228332,0.22,0.10145235,18.9,63,816,703
7360,6,16,6,0,2.58095,335.64166,1.34256664,0.4,0.10330617,18.9,70,614,622
7361,6,17,6,0,3.3122334,154.9125,0.61965,0.4,0.120356,18.3,70,428,530
7362,6,18,6,0,2.8352168,33.779167,0.135116668,0.4,0.1236722,17.2,75,239,327
7363,6,19,6,0,1.5028,4.820833,0.019283332,0.4,0.11583012,16.7,78,37,165
7364,6,20,6,0,0.20510006,0,0,0.4,0.114459224,16.1,81,0,0
7365,6,21,6,0,0.19481672,0,0,0.22,0.11622495,15.6,83,0,0
7366,6,22,6,0,0.06611675,0,0,0.22,0.10454189,15.6,83,0,0
7367,6,23,6,0,0.009900082,0,0,0.22,0.09744886,15.6,83,0,0
7368,6,24,6,0,0.5099667,0,0,0.22,0.09108789,16.1,90,0,0
7369,6,1,7,0,0.5251333,0,0,0.22,0.08284861,15,87,0,0
7370,6,2,7,0,0.39681667,0,0,0.22,0.078297295,15,87,0,0
7371,6,3,7,0,0.6092333,0,0,0.22,0.07927208,15,90,0,0
7372,6,4,7,0,0.34746668,0,0,0.22,0.08025203,15,90,0,0
7373,6,5,7,0,0.41621667,0,0,0.22,0.08108125,15,90,0,0
7374,6,6,7,0,0.29551667,92.60833,0.37043332,0.22,0.08139323,15.6,86,29,0
7375,6,7,7,0,0.29998332,285.79166,1.14316664,0.22,0.08819677,16.7,80,234,274
7376,6,8,7,0,0.2893,457.23334,1.82893336,0.22,0.09222095,17.8,75,444,489
7377,6,9,7,0,0.24206667,587.07086,2.34828344,0.22,0.097053304,18.3,76,633,581
7378,6,10,7,0,1.5174167,676.62085,2.7064834,0.22,0.10027516,18.3,76,803,688
7379,6,11,7,0,1.92855,722.50415,2.8900166,0.22,0.10706212,19.4,70,909,680
7380,6,12,7,0,1.94675,725.56665,2.9022666,0.22,0.10775616,19.4,70,1004,798
7381,6,13,7,0,1.6404333,664.75,2.659,0.22,0.11013095,20,68,1006,832
7382,6,14,7,0,0.53305,574.4792,2.2979168,0.22,0.11398387,20,68,934,758
7383,6,15,7,0,1.36005,495.4625,1.98185,0.22,0.11945333,18.9,73,742,520
7384,6,16,7,0,3.1581166,326.90277,1.30761108,0.4,0.1222076,18.3,78,471,236
7385,6,17,7,0,3.2285833,154.96666,0.61986664,0.4,0.12895153,17.8,80,403,381
7386,6,18,7,0,2.6788332,38.120834,0.152483336,0.4,0.1319987,16.7,86,261,267
7387,6,19,7,0,1.9631833,5.5625,0.02225,0.4,0.13217613,16.1,90,42,136
7388,6,20,7,0,0.11656673,0,0,0.4,0.13552225,16.1,90,0,0
7389,6,21,7,0,0.1260334,0,0,0.22,0.13507408,16.1,90,0,0
7390,6,22,7,0,0.14296672,0,0,0.22,0.120532036,16.1,90,0,0
7391,6,23,7,0,0.0056834253,0,0,0.22,0.11583545,15.6,93,0,0
7392,6,24,7,0,0.15746672,0,0,0.22,0.103858806,17.2,90,0,0
7393,6,1,1,0,0.31921667,0,0,0.22,0.10366296,16.1,90,0,0
7394,6,2,1,0,0.3047,0,0,0.22,0.095553786,15,96,0,0
7395,6,3,1,0,0.30068332,0,0,0.22,0.093107745,15,96,0,0
7396,6,4,1,0,0.48018333,0,0,0.22,0.0988332,15,96,0,0
7397,6,5,1,0,0.23875,0,0,0.22,0.10777356,15.6,93,0,0
7398,6,6,1,0,0.30511665,98.29583,0.39318332,0.22,0.12643886,15.6,93,40,9
7399,6,7,1,0,0.32753333,296.95834,1.18783336,0.22,0.13348077,16.1,90,187,137
7400,6,8,1,0,0.28971666,468.57083,1.87428332,0.22,0.13844289,18.3,78,494,535
7401,6,9,1,0,0.29746667,598.32916,2.39331664,0.22,0.14965881,20.6,73,537,311
7402,6,10,1,0,1.6565167,687.4583,2.7498332,0.22,0.15169093,20.6,73,435,77
7403,6,11,1,0,1.91235,735.5375,2.94215,0.22,0.15562615,19.4,79,700,286
7404,6,12,1,0,1.8629333,735.57916,2.94231664,0.22,0.15885322,20.6,73,819,438
7405,6,13,1,0,1.4304,693.475,2.7739,0.22,0.15835899,20,76,747,301
7406,6,14,1,0,0.24531667,614.35834,2.45743336,0.22,0.15813802,20,76,620,188
7407,6,15,1,0,1.4046667,494.72708,1.97890832,0.22,0.15810242,19.4,79,595,238
7408,6,16,1,0,3.3385334,337.94583,1.35178332,0.54,0.15425342,18.9,81,585,504
7409,6,17,1,0,3.3877,156.6125,0.62645,0.54,0.15273996,18.3,87,362,310
7410,6,18,1,0,2.4191167,33.6125,0.13445,0.54,0.15399885,18,88,203,185
7411,6,19,1,0,1.3646333,0,0,0.54,0.1512854,17.2,90,0,0
7412,6,20,1,0,0.21573341,0,0,0.54,0.14923064,17.2,90,0,0
7413,6,21,1,0,0.07665008,0,0,0.22,0.13954598,17.2,90,0,0
7414,6,22,1,0,0.038433403,0,0,0.22,0.12313305,17.2,90,0,0
7415,6,23,1,0,0.0048334203,0,0,0.22,0.11447141,17.8,90,0,0
7416,6,24,1,0,0.47500834,0,0,0.22,0.10107797,17.2,90,0,0
7417,6,1,2,0,0.25426668,0,0,0.22,0.08449158,17.2,90,0,0
7418,6,2,2,0,0.2322,0,0,0.22,0.08297616,16.7,93,0,0
7419,6,3,2,0,0.24316667,0,0,0.22,0.08362067,16.7,93,0,0
7420,6,4,2,0,0.26925,0,0,0.22,0.08430766,16.7,93,0,0
7421,6,5,2,0,0.31768334,0,0,0.22,0.09155236,17.2,90,0,0
7422,6,6,2,0,0.33228335,42.166668,0.168666672,0.22,0.10324019,17.2,90,29,0
7423,6,7,2,0,0.32103333,74.42917,0.29771668,0.22,0.11502749,18.3,84,226,230
7424,6,8,2,0,0.29068333,187.34584,0.74938336,0.22,0.13045207,20,78,449,483
7425,6,9,2,0,0.29248333,593.425,2.3737,0.22,0.1372773,20,78,489,247
7426,6,10,2,0,1.6087166,683.6542,2.7346168,0.22,0.14011467,20,76,446,77
7427,6,11,2,0,1.876675,729.96875,2.919875,0.22,0.14638038,20,78,538,84
7428,6,12,2,0,1.8527,728.8,2.9152,0.22,0.14430445,20.6,73,544,90
7429,6,13,2,0,1.5065666,698.17914,2.79271656,0.22,0.1422519,20,76,537,90
7430,6,14,2,0,0.2463,609.775,2.4391,0.22,0.13558002,19.4,81,511,79
7431,6,15,2,0,0.2417,492.775,1.9711,0.22,0.13319501,19.4,81,434,67
7432,6,16,2,0,1.4557333,343.7125,1.37485,0.54,0.13534592,18.9,81,378,93
7433,6,17,2,0,1.5413,159.59375,0.638375,0.54,0.13756047,18.3,87,282,84
7434,6,18,2,0,1.05365,43.145832,0.172583328,0.54,0.13812087,17.8,87,179,81
7435,6,19,2,0,1.6841834,0,0,0.54,0.13595796,17.2,90,0,0
7436,6,20,2,0,0.22535007,0,0,0.54,0.13970971,17.2,90,0,0
7437,6,21,2,0,0.013416757,0,0,0.22,0.12776516,17.2,90,0,0
7438,6,22,2,0,0.026733425,0,0,0.22,0.1175611,17.8,87,0,0
7439,6,23,2,0,0.0057834317,0,0,0.22,0.11174682,17.8,87,0,0
7440,6,24,2,0,0.27221668,0,0,0.22,0.103050016,17.8,84,0,0
7441,6,1,3,0,0.27386665,0,0,0.22,0.09327662,16.7,90,0,0
7442,6,2,3,0,0.2876,0,0,0.22,0.09315505,16.7,93,0,0
7443,6,3,3,0,0.29411668,0,0,0.22,0.09278819,16.7,90,0,0
7444,6,4,3,0,0.27028334,0,0,0.22,0.09341981,17.2,87,0,0
7445,6,5,3,0,0.27893335,0,0,0.22,0.09887561,17.2,87,0,0
7446,6,6,3,0,0.3074,17.283333,0.069133332,0.22,0.111057855,17.2,87,13,0
7447,6,7,3,0,0.3131,80.9,0.3236,0.22,0.12678301,17.2,87,64,0
7448,6,8,3,0,0.33641666,211.0375,0.84415,0.22,0.13124564,17.2,87,123,0
7449,6,9,3,0,0.35745,558.3,2.2332,0.22,0.1309783,17.2,87,149,0
7450,6,10,3,0,1.6486334,675.30414,2.70121656,0.22,0.12885073,17.2,87,173,6
7451,6,11,3,0,1.89675,731.575,2.9263,0.22,0.12863293,17.8,84,399,36
7452,6,12,3,0,2.0181832,735.7167,2.9428668,0.22,0.12860289,18.9,78,317,30
7453,6,13,3,0,1.7072,695.7833,2.7831332,0.22,0.13216552,21.7,66,888,494
7454,6,14,3,0,0.49341667,613.1125,2.45245,0.22,0.13689399,21.1,68,907,691
7455,6,15,3,0,1.55515,495.97083,1.98388332,0.22,0.13713075,20.6,70,768,648
7456,6,16,3,0,1.5045834,326.2625,1.30505,0.54,0.13892017,20,73,656,634
7457,6,17,3,0,3.3424,162.05,0.6482,0.54,0.13868934,18.9,78,450,574
7458,6,18,3,0,2.2614834,35.766666,0.143066664,0.54,0.14368962,18.3,81,256,346
7459,6,19,3,0,2.4119167,0,0,0.54,0.13732104,18,83,0,0
7460,6,20,3,0,0.13155007,0,0,0.54,0.134989,17.8,87,0,0
7461,6,21,3,0,0.020033423,0,0,0.22,0.1324427,17.8,87,0,0
7462,6,22,3,0,0.01015009,0,0,0.22,0.10939947,17.8,84,0,0
7463,6,23,3,0,0.008500096,0,0,0.22,0.10163254,17.8,84,0,0
7464,6,24,3,0,0.07263341,0,0,0.22,0.09483246,16.1,70,0,0
7465,6,1,4,0,0.26061666,0,0,0.22,0.081054926,17.8,84,0,0
7466,6,2,4,0,0.2504,0,0,0.22,0.077696525,17.8,78,0,0
7467,6,3,4,0,0.2571,0,0,0.22,0.076695174,17.8,75,0,0
7468,6,4,4,0,0.28148332,0,0,0.22,0.082869396,17.2,78,0,0
7469,6,5,4,0,0.2966,0,0,0.22,0.09298148,17.2,78,0,0
7470,6,6,4,0,0.34861666,35.716667,0.142866668,0.22,0.11964297,16.7,80,13,0
7471,6,7,4,0,0.32035,115,0.46,0.22,0.13621493,16.7,80,47,0
7472,6,8,4,0,0.41678333,148.6625,0.59465,0.22,0.14578734,17.2,78,94,0
7473,6,9,4,0,0.36161667,139.36667,0.55746668,0.22,0.15045917,17.8,75,303,23
7474,6,10,4,0,0.96208334,493.75833,1.97503332,0.22,0.15296096,19.4,68,346,18
7475,6,11,4,0,1.8841333,727.01666,2.90806664,0.22,0.15422532,18.9,70,376,18
7476,6,12,4,0,1.9589167,748.125,2.9925,0.22,0.15522078,19.4,68,466,78
7477,6,13,4,0,1.6886667,706.2833,2.8251332,0.22,0.15615527,20.6,65,802,380
7478,6,14,4,0,0.25213334,609.73334,2.43893336,0.22,0.15681915,20.6,65,939,721
7479,6,15,4,0,0.25986665,495.07083,1.98028332,0.22,0.15865974,20.6,63,821,770
7480,6,16,4,0,1.2626333,336.91666,1.34766664,0.54,0.1613151,20,68,648,559
7481,6,17,4,0,1.4933333,143.75417,0.57501668,0.54,0.15781638,18.3,78,249,58
7482,6,18,4,0,0.95281667,58.129166,0.232516664,0.54,0.15542664,17.8,84,166,73
7483,6,19,4,0,0.7359,0,0,0.54,0.15347241,17.2,84,0,0
7484,6,20,4,0,0.13593341,0,0,0.54,0.1525465,17.2,84,0,0
7485,6,21,4,0,0.040466756,0,0,0.22,0.15569897,17.2,72,0,0
7486,6,22,4,0,0.055450086,0,0,0.22,0.13061547,16.7,75,0,0
7487,6,23,4,0,0.2512334,0,0,0.22,0.11946508,16.1,72,0,0
7488,6,24,4,0,0.34685,0,0,0.22,0.117502086,16.7,80,0,0
7489,6,1,5,0,0.34346667,0,0,0.22,0.1064331,16.1,70,0,0
7490,6,2,5,0,0.34183332,0,0,0.22,0.10736142,16.1,72,0,0
7491,6,3,5,0,0.33531666,0,0,0.22,0.10152387,16.1,67,0,0
7492,6,4,5,0,0.38921666,0,0,0.22,0.100561425,16.1,72,0,0
7493,6,5,5,0,0.4087,0,0,0.22,0.10406342,15.6,78,0,0
7494,6,6,5,0,0.3685,59.954166,0.239816664,0.22,0.11795482,16.1,75,32,0
7495,6,7,5,0,0.3705,151.84166,0.60736664,0.22,0.1269673,16.1,75,73,0
7496,6,8,5,0,0.3157,434.55,1.7382,0.22,0.14328775,17.2,70,168,12
7497,6,9,5,0,0.33953333,575.4875,2.30195,0.22,0.14713639,17.2,70,510,252
7498,6,10,5,0,1.61605,671.42084,2.68568336,0.22,0.15054975,19.4,61,848,723
7499,6,11,5,0,2.0432,717.7167,2.8708668,0.22,0.15362293,20.6,57,955,823
7500,6,12,5,0,1.9205333,719.62915,2.8785166,0.22,0.15466687,21.1,57,1010,833
7501,6,13,5,0,1.6610167,693.4708,2.7738832,0.22,0.15301208,20.6,59,1005,765
7502,6,14,5,0,0.31253332,610.12915,2.4405166,0.22,0.15521638,19.4,68,690,255
7503,6,15,5,0,0.29801667,479.64584,1.91858336,0.22,0.15632644,19.4,68,808,672
7504,6,16,5,0,1.2995,324.32916,1.29731664,0.54,0.15828627,18.3,73,634,671
7505,6,17,5,0,1.4585667,151.40416,0.60561664,0.54,0.1546846,18.3,73,425,497
7506,6,18,5,0,1.2474667,34.466667,0.137866668,0.54,0.15517151,17.8,75,243,344
7507,6,19,5,0,0.6602833,0,0,0.54,0.15071104,17.2,78,0,0
7508,6,20,5,0,0.0741334,0,0,0.54,0.147801,17.2,78,0,0
7509,6,21,5,0,0.086450055,0,0,0.22,0.14744213,16.7,80,0,0
7510,6,22,5,0,0.011033406,0,0,0.22,0.13583867,16.7,80,0,0
7511,6,23,5,0,0.027716758,0,0,0.22,0.12469649,16.7,84,0,0
7512,6,24,5,0,1.001358e-07,0,0,0.22,0.11749663,16.7,72,0,0
7513,6,1,6,0,0.12708339,0,0,0.22,0.10815031,16.7,80,0,0
7514,6,2,6,0,0.5089167,0,0,0.22,0.10553292,16.7,80,0,0
7515,6,3,6,0,0.3732,0,0,0.22,0.10627001,16.7,78,0,0
7516,6,4,6,0,0.38633335,0,0,0.22,0.106394984,16.7,75,0,0
7517,6,5,6,0,0.37241668,0,0,0.22,0.10704646,16.7,75,0,0
7518,6,6,6,0,0.32908332,47.425,0.1897,0.22,0.11182163,16.7,75,13,0
7519,6,7,6,0,0.34428334,121.833336,0.487333344,0.22,0.12137048,16.7,78,77,0
7520,6,8,6,0,0.2904,225.6125,0.90245,0.22,0.12830974,17.8,70,237,52
7521,6,9,6,0,0.30723333,662.8375,2.65135,0.22,0.14274432,18.9,65,542,323
7522,6,10,6,0,0.49401668,320.31668,1.28126672,0.22,0.15268177,20,61,831,700
7523,6,11,6,0,0.40065,295.35834,1.18143336,0.22,0.16490161,20.6,61,955,776
7524,6,12,6,0,1.5241667,628.1042,2.5124168,0.22,0.16853671,20.6,59,896,546
7525,6,13,6,0,1.2813,602.2,2.4088,0.22,0.17107922,20.6,57,888,548
7526,6,14,6,0,0.4288,549.49164,2.19796656,0.22,0.17039585,20.6,57,901,679
7527,6,15,6,0,0.43673334,406.0375,1.62415,0.22,0.17328627,20,61,821,709
7528,6,16,6,0,1.4228834,358.9625,1.43585,0.4,0.17625968,20,63,612,559
7529,6,17,6,0,0.88116664,184.92917,0.73971668,0.4,0.17753883,18.9,68,472,567
7530,6,18,6,0,0.7983,43.675,0.1747,0.4,0.17549555,17.8,73,275,351
7531,6,19,6,0,0.57811666,0,0,0.4,0.17750569,17.2,75,0,0
7532,6,20,6,0,0.021483425,0,0,0.4,0.17833225,17.2,78,0,0
7533,6,21,6,0,0.057316754,0,0,0.22,0.16978693,17,77,0,0
7534,6,22,6,0,0.66143334,0,0,0.22,0.15067221,17.2,78,0,0
7535,6,23,6,0,0.5056,0,0,0.22,0.14654581,17,77,0,0
7536,6,24,6,0,0.4257,0,0,0.22,0.13343391,16.1,83,0,0
7537,6,1,7,0,0.34031665,0,0,0.22,0.12454019,16.1,78,0,0
7538,6,2,7,0,0.34835,0,0,0.22,0.121841654,15.6,83,0,0
7539,6,3,7,0,0.33973333,0,0,0.22,0.12072727,15.6,80,0,0
7540,6,4,7,0,0.35328335,0,0,0.22,0.121211044,15.6,80,0,0
7541,6,5,7,0,0.34786665,0,0,0.22,0.13229927,16.1,75,0,0
7542,6,6,7,0,0.34068334,5.2625,0.02105,0.22,0.13492389,16.7,72,45,31
7543,6,7,7,0,0.34038332,62.654167,0.250616668,0.22,0.14020568,16.7,72,55,0
7544,6,8,7,0,0.34471667,82.475,0.3299,0.22,0.1486043,17.2,70,173,6
7545,6,9,7,0,0.31728333,179.46666,0.71786664,0.22,0.1501961,17.2,72,255,12
7546,6,10,7,0,0.6274667,167.65416,0.67061664,0.22,0.15474512,17.8,70,296,12
7547,6,11,7,0,0.7144833,411.27084,1.64508336,0.22,0.15989158,18.3,70,590,179
7548,6,12,7,0,1.26755,577.6458,2.3105832,0.22,0.16710393,19.4,68,896,546
7549,6,13,7,0,0.1503167,286.875,1.1475,0.22,0.17355236,20,65,962,681
7550,6,14,7,0,0.32181665,258.65417,1.03461668,0.22,0.17956679,20.6,59,945,782
7551,6,15,7,0,0.37588334,361.84583,1.44738332,0.22,0.18379639,20.6,61,827,770
7552,6,16,7,0,0.45423332,317.99582,1.27198328,0.4,0.18833628,20,61,662,696
7553,6,17,7,0,0.7830833,190.73334,0.76293336,0.4,0.19210805,18.9,68,472,580
7554,6,18,7,0,0.81843334,51.620834,0.206483336,0.4,0.1957071,18.3,73,274,351
7555,6,19,7,0,0.42566666,0,0,0.4,0.19557066,17.2,75,0,0
7556,6,20,7,0,0.3758667,0,0,0.4,0.19570161,16.7,78,0,0
7557,6,21,7,0,0.91125,0,0,0.22,0.1961814,16.7,78,0,0
7558,6,22,7,0,0.77845,0,0,0.22,0.17980304,16.7,80,0,0
7559,6,23,7,0,0.9555333,0,0,0.22,0.17281742,16.1,83,0,0
7560,6,24,7,0,1.2010916,0,0,0.22,0.17567039,16.1,87,0,0
7561,6,1,1,0,0.4621,0,0,0.22,0.17177019,16.7,80,0,0
7562,6,2,1,0,0.24935,0,0,0.22,0.16343026,16.1,83,0,0
7563,6,3,1,0,0.23003334,0,0,0.22,0.16047597,16.1,81,0,0
7564,6,4,1,0,0.25693333,0,0,0.22,0.16467714,16.1,81,0,0
7565,6,5,1,0,0.21705,0,0,0.22,0.16900611,16.1,81,0,0
7566,6,6,1,0,0.2135,33.908333,0.135633332,0.22,0.17842449,16.7,78,29,0
7567,6,7,1,0,0.24225,212.4375,0.84975,0.22,0.19004145,17.2,75,90,0
7568,6,8,1,0,0.25691667,514.37915,2.0575166,0.22,0.19637808,17.8,73,178,12
7569,6,9,1,0,0.24511667,640.93335,2.5637334,0.22,0.21689315,18.3,70,462,217
7570,6,10,1,0,1.8242834,732.69165,2.9307666,0.22,0.22723776,19.4,66,825,682
7571,6,11,1,0,2.0724666,771.19165,3.0847666,0.22,0.23965321,20,63,914,686
7572,6,12,1,0,2.08845,789.13336,3.15653344,0.22,0.2437636,20.6,63,1010,803
7573,6,13,1,0,0.93455,738.26666,2.95306664,0.22,0.24829043,20.6,63,1005,831
7574,6,14,1,0,0.31611666,649.50415,2.5980166,0.22,0.25206244,20.6,63,945,812
7575,6,15,1,0,0.19611667,520.94586,2.08378344,0.22,0.2539257,20,65,827,770
7576,6,16,1,0,0.21398333,359.65,1.4386,0.54,0.255368,19.4,68,661,677
7577,6,17,1,0,0.7632667,174.79584,0.69918336,0.54,0.2553706,18.9,70,455,548
7578,6,18,1,0,0.81065,41.441666,0.165766664,0.54,0.2550235,17.8,75,229,262
7579,6,19,1,0,0.70206666,0,0,0.54,0.25148693,17.2,78,0,0
7580,6,20,1,0,0.036500093,0,0,0.54,0.2528604,17.2,81,0,0
7581,6,21,1,0,1.001358e-07,0,0,0.22,0.24969032,16.7,86,0,0
7582,6,22,1,0,1.001358e-07,0,0,0.22,0.2344917,16.7,86,0,0
7583,6,23,1,0,0.01253343,0,0,0.22,0.21944307,16.7,86,0,0
7584,6,24,1,0,0.5876,0,0,0.22,0.20790583,16.7,84,0,0
7585,6,1,2,0,0.37513334,0,0,0.22,0.19937134,16,88,0,0
7586,6,2,2,0,0.38155,0,0,0.22,0.19591263,16.1,87,0,0
7587,6,3,2,0,0.35843334,0,0,0.22,0.1949913,16.1,83,0,0
7588,6,4,2,0,0.38455,0,0,0.22,0.19824503,16.1,87,0,0
7589,6,5,2,0,0.37095,0,0,0.22,0.2004636,16.1,87,0,0
7590,6,6,2,0,0.45873332,106.645836,0.426583344,0.22,0.21290009,16.7,80,21,0
7591,6,7,2,0,0.39175,314.25418,1.25701672,0.22,0.2212273,17.2,78,132,22
7592,6,8,2,0,0.33615,493.61667,1.97446668,0.22,0.23258112,17.8,75,267,81
7593,6,9,2,0,0.3468,629.275,2.5171,0.22,0.24834366,18.3,73,686,622
7594,6,10,2,0,1.8287834,721.7208,2.8868832,0.22,0.25752586,20,65,848,800
7595,6,11,2,0,2.0703332,763.70416,3.05481664,0.22,0.26372427,20,68,949,811
7596,6,12,2,0,2.0523167,762.87915,3.0515166,0.22,0.26837164,20,68,1009,833
7597,6,13,2,0,1.1864333,723.5875,2.89435,0.22,0.2737769,20,65,1005,831
7598,6,14,2,0,0.33416668,638.9708,2.5558832,0.22,0.27573818,20,68,932,806
7599,6,15,2,0,0.31635,515.32086,2.06128344,0.22,0.27643377,20,68,820,770
7600,6,16,2,0,0.93015,356.11667,1.42446668,0.54,0.28022698,20,70,668,640
7601,6,17,2,0,1.2467834,171.94167,0.68776668,0.54,0.27859446,18.9,75,431,489
7602,6,18,2,0,1.3684833,39.070835,0.15628334,0.54,0.2758093,18.3,76,239,313
7603,6,19,2,0,0.9126667,0,0,0.54,0.28179622,17.2,81,0,0
7604,6,20,2,0,0.055683415,0,0,0.54,0.27288863,17.2,81,0,0
7605,6,21,2,0,0.056666758,0,0,0.22,0.27140698,17.2,81,0,0
7606,6,22,2,0,1.001358e-07,0,0,0.22,0.2549665,16.7,84,0,0
7607,6,23,2,0,1.001358e-07,0,0,0.22,0.228453,16.7,84,0,0
7608,6,24,2,0,1.001358e-07,0,0,0.22,0.20960294,17.2,90,0,0
7609,6,1,3,0,1.001358e-07,0,0,0.22,0.19585443,16.1,87,0,0
7610,6,2,3,0,0.25230002,0,0,0.22,0.18419644,15.6,90,0,0
7611,6,3,3,0,0.36601666,0,0,0.22,0.1787523,15.6,86,0,0
7612,6,4,3,0,0.37553334,0,0,0.22,0.18283774,15.6,90,0,0
7613,6,5,3,0,0.46683332,0,0,0.22,0.18212152,15.6,90,0,0
7614,6,6,3,0,0.37668332,101.504166,0.406016664,0.22,0.19590452,16.1,87,32,0
7615,6,7,3,0,0.3717,304.95,1.2198,0.22,0.19553621,18,77,209,186
7616,6,8,3,0,0.35926667,478.29584,1.91318336,0.22,0.20250107,18.9,73,449,472
7617,6,9,3,0,0.36281666,613.32086,2.45328344,0.22,0.20740627,19.4,70,638,599
7618,6,10,3,0,1.7621666,704.8958,2.8195832,0.22,0.2193633,20,68,825,741
7619,6,11,3,0,2.1179667,746.05,2.9842,0.22,0.22351018,20.6,65,902,632
7620,6,12,3,0,2.07295,751.4708,3.0058832,0.22,0.22420348,21.1,66,1009,803
7621,6,13,3,0,1.2752334,713.9583,2.8558332,0.22,0.22727698,21.7,66,1005,831
7622,6,14,3,0,0.31721666,638.05835,2.5522334,0.22,0.23761144,21.1,68,932,794
7623,6,15,3,0,0.24740833,509.0771,2.0363084,0.22,0.24257371,21.1,68,800,709
7624,6,16,3,0,2.00255,355.00833,1.42003332,0.54,0.24218601,20.6,73,632,639
7625,6,17,3,0,2.7571666,169.44167,0.67776668,0.54,0.23972934,20,73,438,521
7626,6,18,3,0,1.8114834,36.429165,0.14571666,0.54,0.23811711,18.9,81,249,342
7627,6,19,3,0,1.23075,0,0,0.54,0.23191321,17.8,80,0,0
7628,6,20,3,0,0.30986673,0,0,0.54,0.22087228,17.2,81,0,0
7629,6,21,3,0,0.08640008,0,0,0.22,0.21654756,17.2,81,0,0
7630,6,22,3,0,0.04765009,0,0,0.22,0.19766779,17.2,84,0,0
7631,6,23,3,0,0.0032834285,0,0,0.22,0.17890006,17.2,90,0,0
7632,6,24,3,0,0.1814167,0,0,0.22,0.17590202,17.2,93,0,0
7633,6,1,4,0,0.5811667,0,0,0.22,0.15609297,17.2,90,0,0
7634,6,2,4,0,0.5111333,0,0,0.22,0.14917572,16.7,93,0,0
7635,6,3,4,0,0.4159,0,0,0.22,0.1449032,16.7,90,0,0
7636,6,4,4,0,0.37578332,0,0,0.22,0.14719467,16.1,90,0,0
7637,6,5,4,0,0.38895,0,0,0.22,0.15281013,15.6,93,0,0
7638,6,6,4,0,0.37873334,100.61667,0.40246668,0.22,0.16430627,16.7,90,64,130
7639,6,7,4,0,0.37546667,305.74167,1.22296668,0.22,0.17305116,18.3,84,252,361
7640,6,8,4,0,0.36576667,477.6375,1.91055,0.22,0.1766771,20.6,70,464,581
7641,6,9,4,0,0.34295,609.65,2.4386,0.22,0.18690023,22.2,66,664,693
7642,6,10,4,0,1.7010833,699.2167,2.7968668,0.22,0.19530514,22.2,66,842,777
7643,6,11,4,0,1.9163667,742.3458,2.9693832,0.22,0.20386238,22.8,64,919,686
7644,6,12,4,0,1.9742,748.6625,2.99465,0.22,0.20052461,22.8,64,914,546
7645,6,13,4,0,1.4661833,709.30835,2.8372334,0.22,0.20686172,22.2,66,924,596
7646,6,14,4,0,1.50025,629.50415,2.5180166,0.22,0.21196,22.2,64,919,745
7647,6,15,4,0,3.5526333,515.225,2.0609,0.22,0.2136462,22.2,66,806,727
7648,6,16,4,0,2.3350832,356.40833,1.42563332,0.54,0.21397492,21.7,66,604,553
7649,6,17,4,0,2.71615,170.3,0.6812,0.54,0.20507318,20.6,75,430,502
7650,6,18,4,0,2.5264,35.9375,0.14375,0.54,0.20254312,20,73,249,341
7651,6,19,4,0,1.6849667,0,0,0.54,0.19508179,19.4,70,0,0
7652,6,20,4,0,0.37015003,0,0,0.54,0.19121075,18.3,84,0,0
7653,6,21,4,0,0.13203341,0,0,0.22,0.18733399,17.8,87,0,0
7654,6,22,4,0,0.1718334,0,0,0.22,0.1749836,17.8,90,0,0
7655,6,23,4,0,0.40550005,0,0,0.22,0.15773581,17.2,90,0,0
7656,6,24,4,0,0.5902417,0,0,0.22,0.14278577,18.3,87,0,0
7657,6,1,5,0,0.5129333,0,0,0.22,0.14269485,17.2,93,0,0
7658,6,2,5,0,0.49843332,0,0,0.22,0.14165579,17.2,90,0,0
7659,6,3,5,0,0.54586667,0,0,0.22,0.14347665,17.2,90,0,0
7660,6,4,5,0,0.35136667,0,0,0.22,0.14922911,16.1,93,0,0
7661,6,5,5,0,0.41906667,0,0,0.22,0.13975714,17.2,90,0,0
7662,6,6,5,0,0.5444667,100.916664,0.403666656,0.22,0.1537334,17.8,87,66,153
7663,6,7,5,0,0.46746665,301.7875,1.20715,0.22,0.16157508,18.9,81,260,438
7664,6,8,5,0,0.35805,474.73334,1.89893336,0.22,0.17613785,21.1,66,469,616
7665,6,9,5,0,0.32423332,604.74164,2.41896656,0.22,0.19152784,23.9,54,659,675
7666,6,10,5,0,1.6419,686.74164,2.74696656,0.22,0.20159559,22.8,66,842,777
7667,6,11,5,0,1.8663334,729.0625,2.91625,0.22,0.20262046,22.8,68,937,788
7668,6,12,5,0,1.9048,738.87085,2.9554834,0.22,0.20926717,22.2,71,1003,821
7669,6,13,5,0,1.5369834,704.3125,2.81725,0.22,0.21252102,22.2,71,1004,831
7670,6,14,5,0,2.9826334,624.13336,2.49653344,0.22,0.21270785,22.8,66,919,745
7671,6,15,5,0,1.01205,508.70416,2.03481664,0.22,0.21478723,22.2,68,780,672
7672,6,16,5,0,2.4465833,351.84167,1.40736668,0.54,0.21512398,22.8,64,625,639
7673,6,17,5,0,3.1564667,169.80417,0.67921668,0.54,0.21616608,22.2,64,454,579
7674,6,18,5,0,2.4209332,38.283333,0.153133332,0.54,0.20818423,21.1,73,248,334
7675,6,19,5,0,1.5624334,0,0,0.54,0.19717504,20,81,0,0
7676,6,20,5,0,0.37308338,0,0,0.54,0.19131361,18.9,90,0,0
7677,6,21,5,0,0.093933396,0,0,0.22,0.18175143,18.3,93,0,0
7678,6,22,5,0,0.120850064,0,0,0.22,0.1656613,18.3,93,0,0
7679,6,23,5,0,0.8196667,0,0,0.22,0.15449846,17.8,90,0,0
7680,6,24,5,0,0.35376668,0,0,0.22,0.14781113,17.8,87,0,0
7681,6,1,6,0,0.32683334,0,0,0.22,0.14218049,17.8,93,0,0
7682,6,2,6,0,0.29616666,0,0,0.22,0.13418256,17.8,90,0,0
7683,6,3,6,0,0.33076668,0,0,0.22,0.12851593,16.7,93,0,0
7684,6,4,6,0,0.76738334,0,0,0.22,0.13012978,17.2,90,0,0
7685,6,5,6,0,0.4518,0,0,0.22,0.13972263,17.2,87,0,0
7686,6,6,6,0,0.5682167,96.425,0.3857,0.22,0.13835391,17.2,87,24,0
7687,6,7,6,0,0.255,298.65833,1.19463332,0.22,0.13886641,18.3,81,153,60
7688,6,8,6,0,0.2624,473.4875,1.89395,0.22,0.15169753,20,73,434,466
7689,6,9,6,0,0.36278334,603.15,2.4126,0.22,0.17145336,20.6,73,616,546
7690,6,10,6,0,3.1471167,694.4625,2.77785,0.22,0.17707421,21.1,71,803,646
7691,6,11,6,0,2.0946167,735.43335,2.9417334,0.22,0.18134734,21.7,70,954,799
7692,6,12,6,0,4.182483,742.76666,2.97106664,0.22,0.19152245,21.7,68,1009,833
7693,6,13,6,0,1.7857667,700.9033,2.8036132,0.22,0.19505808,22.2,68,1004,831
7694,6,14,6,0,3.4867334,623.5917,2.4943668,0.22,0.19305275,22.2,68,944,782
7695,6,15,6,0,3.2891166,507.52917,2.03011668,0.22,0.1946704,21.7,70,793,648
7696,6,16,6,0,2.12765,351.05417,1.40421668,0.4,0.19478548,20.6,78,667,677
7697,6,17,6,0,3.32675,167.47084,0.66988336,0.4,0.19633545,20.6,78,477,585
7698,6,18,6,0,3.2906666,37.558334,0.150233336,0.4,0.19665483,19.4,81,279,362
7699,6,19,6,0,2.5822167,0,0,0.4,0.19202657,18.3,87,0,0
7700,6,20,6,0,0.58395004,0,0,0.4,0.19161755,18.3,87,0,0
7701,6,21,6,0,0.18476672,0,0,0.22,0.18711294,18.3,87,0,0
7702,6,22,6,0,0.3851334,0,0,0.22,0.17706019,18.3,87,0,0
7703,6,23,6,0,1.1480833,0,0,0.22,0.16094136,17.8,87,0,0
7704,6,24,6,0,0.6650083,0,0,0.22,0.15343861,18.3,90,0,0
7705,6,1,7,0,0.4999,0,0,0.22,0.14463511,17.8,90,0,0
7706,6,2,7,0,0.50458336,0,0,0.22,0.14581747,17.2,93,0,0
7707,6,3,7,0,0.25585,0,0,0.22,0.13785183,17.2,90,0,0
7708,6,4,7,0,0.47851667,0,0,0.22,0.13798462,16.7,93,0,0
7709,6,5,7,0,0.34086666,0,0,0.22,0.13739969,17.2,90,0,0
7710,6,6,7,0,0.49136665,93.47083,0.37388332,0.22,0.13913733,17.2,90,18,0
7711,6,7,7,0,0.29188332,290.37082,1.16148328,0.22,0.13984743,17.8,87,81,0
7712,6,8,7,0,0.28145,460.89584,1.84358336,0.22,0.15125105,18.9,81,212,35
7713,6,9,7,0,0.29868335,588.92084,2.35568336,0.22,0.16593826,21.1,71,483,246
7714,6,10,7,0,1.70235,677.2792,2.7091168,0.22,0.17743856,21.1,73,574,202
7715,6,11,7,0,2.0447834,721.1,2.8844,0.22,0.18638474,20.6,73,601,197
7716,6,12,7,0,3.7722833,722.55,2.8902,0.22,0.19150905,20.6,73,1009,761
7717,6,13,7,0,2.3290334,690.98334,2.76393336,0.22,0.19847228,21.1,71,1004,831
7718,6,14,7,0,3.6671,614.07916,2.45631664,0.22,0.2031374,21.1,71,944,812
7719,6,15,7,0,1.5407833,498.99582,1.99598328,0.22,0.20898245,21.1,73,826,770
7720,6,16,7,0,3.5870667,344.80417,1.37921668,0.4,0.21092519,20.6,75,667,701
7721,6,17,7,0,3.2622166,168.8,0.6752,0.4,0.21615079,20.6,75,477,572
7722,6,18,7,0,3.2526,42.641666,0.170566664,0.4,0.2123696,20,81,257,362
7723,6,19,7,0,2.1361833,0,0,0.4,0.20789266,19.4,84,0,0
7724,6,20,7,0,0.8784,0,0,0.4,0.20356059,18.9,87,0,0
7725,6,21,7,0,0.33150005,0,0,0.22,0.20774221,18.9,87,0,0
7726,6,22,7,0,1.8034667,0,0,0.22,0.19756407,19.4,84,0,0
7727,6,23,7,0,0.61365,0,0,0.22,0.19290663,18.9,87,0,0
7728,6,24,7,0,0.92174166,0,0,0.22,0.19157985,18.9,84,0,0
7729,6,1,1,0,0.5516,0,0,0.22,0.1833321,18.3,90,0,0
7730,6,2,1,0,0.5470167,0,0,0.22,0.17829773,18.3,87,0,0
7731,6,3,1,0,0.28966665,0,0,0.22,0.17768393,17.8,87,0,0
7732,6,4,1,0,0.5854167,0,0,0.22,0.17960487,17.8,87,0,0
7733,6,5,1,0,0.59821665,0,0,0.22,0.18560365,17.8,87,0,0
7734,6,6,1,0,0.37324166,83.21042,0.33284168,0.22,0.19007038,17.8,84,13,0
7735,6,7,1,0,0.39905,267.375,1.0695,0.22,0.19736393,18.3,81,94,0
7736,6,8,1,0,0.24713333,441.05,1.7642,0.22,0.20646033,19.4,76,301,127
7737,6,9,1,0,0.26441666,582.2208,2.3288832,0.22,0.2200319,19.4,76,552,364
7738,6,10,1,0,1.5211,666.9667,2.6678668,0.22,0.22627504,21.7,66,780,575
7739,6,11,1,0,1.7792,712.82916,2.85131664,0.22,0.2337514,22.2,66,902,662
7740,6,12,1,0,3.23135,719.39166,2.87756664,0.22,0.23791046,22.8,64,1009,803
7741,6,13,1,0,1.80025,681.075,2.7243,0.22,0.25025457,22.8,66,1004,831
7742,6,14,1,0,2.13895,605.35,2.4214,0.22,0.25338098,22.2,68,944,812
7743,6,15,1,0,2.3039167,486.69168,1.94676672,0.22,0.25524342,22.2,68,799,709
7744,6,16,1,0,2.0079668,339.225,1.3569,0.54,0.25519258,21.1,73,610,515
7745,6,17,1,0,3.19575,167.1875,0.66875,0.54,0.24787214,20.6,75,373,270
7746,6,18,1,0,2.4523168,38.716667,0.154866668,0.54,0.24076909,19.4,81,182,101
7747,6,19,1,0,2.2172334,6.2625,0.02505,0.54,0.23370525,19.4,84,123,0
7748,6,20,1,0,0.6415167,0,0,0.54,0.2261315,19.4,84,0,0
7749,6,21,1,0,0.4811,0,0,0.22,0.21291415,19.4,84,0,0
7750,6,22,1,0,0.67868334,0,0,0.22,0.19833267,19.4,84,0,0
7751,6,23,1,0,0.9604833,0,0,0.22,0.18919264,19.4,81,0,0
7752,6,24,1,0,0.8568417,0,0,0.22,0.18206619,17.2,87,0,0
7753,6,1,2,0,0.49121666,0,0,0.22,0.17576899,18.9,84,0,0
7754,6,2,2,0,0.63231665,0,0,0.22,0.17547362,18.3,87,0,0
7755,6,3,2,0,0.36541668,0,0,0.22,0.17526267,18,88,0,0
7756,6,4,2,0,0.52765,0,0,0.22,0.17366871,17.8,87,0,0
7757,6,5,2,0,0.75675,0,0,0.22,0.18328457,17.8,84,0,0
7758,6,6,2,0,0.55771667,84.38333,0.33753332,0.22,0.181834,18.3,81,13,0
7759,6,7,2,0,0.27718332,278.82916,1.11531664,0.22,0.19140354,18.3,81,60,0
7760,6,8,2,0,0.26621667,454.67917,1.81871668,0.22,0.19888678,18.9,81,143,0
7761,6,9,2,0,0.26771668,582.9042,2.3316168,0.22,0.19885656,19.4,79,234,12
7762,6,10,2,0,1.5399333,672.25836,2.68903344,0.22,0.20538771,20.6,73,240,0
7763,6,11,2,0,3.059675,715.7021,2.8628084,0.22,0.20973042,20,76,358,30
7764,6,12,2,0,1.9733,720.95416,2.88381664,0.22,0.20678596,19.4,79,471,36
7765,6,13,2,0,3.5639167,677.98334,2.71193336,0.22,0.21376179,20.6,73,524,90
7766,6,14,2,0,1.9975,605.87915,2.4235166,0.22,0.21706645,21.1,73,944,691
7767,6,15,2,0,2.1673167,492.93332,1.97173328,0.22,0.22251001,21,73,712,483
7768,6,16,2,0,2.5436168,343.39584,1.37358336,0.54,0.2228641,20,78,574,465
7769,6,17,2,0,3.3315334,167.29167,0.66916668,0.54,0.22322358,20,78,405,328
7770,6,18,2,0,3.1708333,37.966667,0.151866668,0.54,0.21442635,18.9,81,128,14
7771,6,19,2,0,2.0567167,6.429167,0.025716668,0.54,0.21110423,18.3,84,117,0
7772,6,20,2,0,0.7584167,0,0,0.54,0.2096744,18.3,84,0,0
7773,6,21,2,0,0.4027667,0,0,0.22,0.20795587,17.8,87,0,0
7774,6,22,2,0,1.6398833,0,0,0.22,0.19724599,17.8,84,0,0
7775,6,23,2,0,1.3472667,0,0,0.22,0.18361011,17.2,87,0,0
7776,6,24,2,0,0.2695,0,0,0.22,0.16693926,16.7,86,0,0
7777,6,1,3,0,0.93651664,0,0,0.22,0.1587392,16.7,93,0,0
7778,6,2,3,0,0.26176667,0,0,0.22,0.15363042,16.7,93,0,0
7779,6,3,3,0,0.21366666,0,0,0.22,0.15523395,16.1,97,0,0
7780,6,4,3,0,1.3766167,0,0,0.22,0.15674764,16.1,97,0,0
7781,6,5,3,0,0.6171,0,0,0.22,0.16043545,16.1,97,0,0
7782,6,6,3,0,0.55951667,96.1875,0.38475,0.22,0.16886927,16.1,97,13,0
7783,6,7,3,0,0.5391833,295.50833,1.18203332,0.22,0.17756958,16.1,97,110,5
7784,6,8,3,0,1.09825,464.1875,1.85675,0.22,0.18853973,16.7,93,163,6
7785,6,9,3,0,1.4483833,591.5125,2.36605,0.22,0.19824925,17.2,90,356,76
7786,6,10,3,0,2.7334833,681.7375,2.72695,0.22,0.21070936,18.9,78,752,498
7787,6,11,3,0,2.6363332,723.9667,2.8958668,0.22,0.21651332,19.4,76,641,227
7788,6,12,3,0,4.0433335,732.4375,2.92975,0.22,0.21742001,19.4,76,627,162
7789,6,13,3,0,4.007517,694.3125,2.77725,0.22,0.21951243,20,70,911,524
7790,6,14,3,0,2.7210166,618.8,2.4752,0.22,0.22019958,21.1,66,905,660
7791,6,15,3,0,3.1957,506.25833,2.02503332,0.22,0.22699197,20,73,679,391
7792,6,16,3,0,3.4884167,350.80832,1.40323328,0.54,0.22777049,19.4,76,609,540
7793,6,17,3,0,3.7266333,171.5375,0.68615,0.54,0.22838642,18.9,75,452,559
7794,6,18,3,0,3.5903,36.354168,0.145416672,0.54,0.22316846,18.3,78,266,368
7795,6,19,3,0,3.1505666,5.329167,0.021316668,0.54,0.21794921,17.2,81,113,0
7796,6,20,3,0,0.48998338,0,0,0.54,0.21484905,17.2,78,0,0
7797,6,21,3,0,0.09790004,0,0,0.22,0.20624448,17.2,81,0,0
7798,6,22,3,0,0.72553337,0,0,0.22,0.18897943,17.2,84,0,0
7799,6,23,3,0,1.43905,0,0,0.22,0.17771538,16.7,86,0,0
7800,6,24,3,0,1.0374,0,0,0.22,0.17118686,16.7,80,0,0
7801,6,1,4,0,0.87735,0,0,0.22,0.16287287,16.7,84,0,0
7802,6,2,4,0,0.61663336,0,0,0.22,0.1596596,16.1,87,0,0
7803,6,3,4,0,0.5703167,0,0,0.22,0.15746035,16.1,83,0,0
7804,6,4,4,0,0.5872667,0,0,0.22,0.1570482,16.1,87,0,0
7805,6,5,4,0,0.5531,0,0,0.22,0.16078566,16.7,84,0,0
7806,6,6,4,0,0.56118333,89.22083,0.35688332,0.22,0.16819347,17.2,81,13,0
7807,6,7,4,0,0.30981666,279.625,1.1185,0.22,0.1803405,17.8,78,55,0
7808,6,8,4,0,0.32133332,450.87708,1.80350832,0.22,0.19306992,18.3,73,158,6
7809,6,9,4,0,0.31678334,585.51666,2.34206664,0.22,0.19896787,18.9,70,387,111
7810,6,10,4,0,1.6217667,676.54584,2.70618336,0.22,0.20199814,20.6,68,841,688
7811,6,11,4,0,1.8964334,730.37085,2.9214834,0.22,0.20503864,21.1,66,953,823
7812,6,12,4,0,1.9422667,737.2167,2.9488668,0.22,0.20694944,21.1,66,1008,833
7813,6,13,4,0,1.8955,697.32086,2.78928344,0.22,0.20828399,20.6,70,1004,831
7814,6,14,4,0,1.0279833,615.05414,2.46021656,0.22,0.21020703,20.6,70,943,812
7815,6,15,4,0,1.3957334,499.35416,1.99741664,0.22,0.21371026,20,70,832,739
7816,6,16,4,0,2.5121,346.125,1.3845,0.54,0.21573578,20,70,630,589
7817,6,17,4,0,3.35125,170.6875,0.68275,0.54,0.2195333,18.9,73,468,578
7818,6,18,4,0,2.68275,37.75,0.151,0.54,0.22288571,18.3,76,276,368
7819,6,19,4,0,1.6282834,5.6875,0.02275,0.54,0.22276516,17.8,78,109,0
7820,6,20,4,0,0.23660004,0,0,0.54,0.21590154,17.2,84,0,0
7821,6,21,4,0,0.052583404,0,0,0.22,0.21219215,17.2,78,0,0
7822,6,22,4,0,0.04308339,0,0,0.22,0.1957946,17.2,81,0,0
7823,6,23,4,0,0.021350065,0,0,0.22,0.1751197,16.7,86,0,0
7824,6,24,4,0,0.28193337,0,0,0.22,0.1683028,17,88,0,0
7825,6,1,5,0,0.6419167,0,0,0.22,0.15761179,16.7,84,0,0
7826,6,2,5,0,0.53363335,0,0,0.22,0.14966261,16.1,90,0,0
7827,6,3,5,0,0.5599,0,0,0.22,0.14875418,16.1,90,0,0
7828,6,4,5,0,0.32411668,0,0,0.22,0.15348832,16.7,86,0,0
7829,6,5,5,0,0.35271665,0,0,0.22,0.1574158,17.2,84,0,0
7830,6,6,5,0,0.55223334,89.925,0.3597,0.22,0.16424385,17.2,84,13,0
7831,6,7,5,0,0.352,292.45416,1.16981664,0.22,0.18419236,17.2,84,47,0
7832,6,8,5,0,0.34908333,461.425,1.8457,0.22,0.20470569,18.3,76,202,29
7833,6,9,5,0,0.32593334,591.0625,2.36425,0.22,0.21117596,18.9,75,504,252
7834,6,10,5,0,1.5964333,673.8417,2.6953668,0.22,0.21398047,21.1,68,774,551
7835,6,11,5,0,1.8513833,720.37915,2.8815166,0.22,0.21582738,20.6,70,844,537
7836,6,12,5,0,1.8551834,719.62915,2.8785166,0.22,0.22203198,21.1,68,961,671
7837,6,13,5,0,1.629,685.07916,2.74031664,0.22,0.22877952,21.1,68,973,735
7838,6,14,5,0,0.94191664,608.62085,2.4344834,0.22,0.2281301,21.1,71,937,812
7839,6,15,5,0,1.0684,494.1,1.9764,0.22,0.22575296,21.1,71,825,770
7840,6,16,5,0,2.54265,341.60834,1.36643336,0.54,0.22731055,21.1,71,652,676
7841,6,17,5,0,2.7249832,169.1875,0.67675,0.54,0.22275609,20,76,452,527
7842,6,18,5,0,2.5762334,45.108334,0.180433336,0.54,0.22580841,18.9,81,244,317
7843,6,19,5,0,1.5106,8.8375,0.03535,0.54,0.22067699,17.8,87,106,0
7844,6,20,5,0,0.27013338,0,0,0.54,0.21507251,17.2,90,0,0
7845,6,21,5,0,0.0854834,0,0,0.22,0.21158145,16.7,90,0,0
7846,6,22,5,0,0.031116726,0,0,0.22,0.20111103,16.7,90,0,0
7847,6,23,5,0,0.013033417,0,0,0.22,0.19034281,16.7,90,0,0
7848,6,24,5,0,0.20769173,0,0,0.22,0.17882572,16.7,90,0,0
7849,6,1,6,0,0.5717667,0,0,0.22,0.17136286,17.2,87,0,0
7850,6,2,6,0,0.5776167,0,0,0.22,0.15950318,16.7,90,0,0
7851,6,3,6,0,0.58898336,0,0,0.22,0.15558755,17.2,87,0,0
7852,6,4,6,0,0.45081666,0,0,0.22,0.15103155,17.2,87,0,0
7853,6,5,6,0,0.55738336,0,0,0.22,0.15472549,17.8,80,0,0
7854,6,6,6,0,0.54621667,54.2375,0.21695,0.22,0.15809496,17.8,80,13,0
7855,6,7,6,0,0.29346666,225.96666,0.90386664,0.22,0.15473606,18.3,78,64,0
7856,6,8,6,0,0.30075,395.9875,1.58395,0.22,0.15809698,19.4,73,340,213
7857,6,9,6,0,0.29793334,443.3125,1.77325,0.22,0.17072959,21.1,66,594,499
7858,6,10,6,0,1.5536333,657.69586,2.63078344,0.22,0.1854935,21.1,68,841,747
7859,6,11,6,0,1.3638,599.125,2.3965,0.22,0.20141178,21.1,68,953,823
7860,6,12,6,0,1.84835,718.4167,2.8736668,0.22,0.19603871,20.6,70,1008,833
7861,6,13,6,0,1.8595667,678.69165,2.7147666,0.22,0.18944728,21.1,68,1004,831
7862,6,14,6,0,1.0015334,594.3,2.3772,0.22,0.18763211,21.7,70,943,812
7863,6,15,6,0,1.31475,480.1125,1.92045,0.22,0.18704595,21.7,70,818,678
7864,6,16,6,0,2.4992332,332.30832,1.32923328,0.4,0.18693686,20.6,75,510,273
7865,6,17,6,0,3.3520834,164.85417,0.65941668,0.4,0.18980083,18.9,84,364,244
7866,6,18,6,0,2.956075,44.952084,0.179808336,0.4,0.1935258,18.3,84,138,14
7867,6,19,6,0,1.82745,8.704166,0.034816664,0.4,0.19117987,17.8,87,104,0
7868,6,20,6,0,0.2000167,0,0,0.4,0.1868505,16.7,90,0,0
7869,6,21,6,0,0.09276674,0,0,0.22,0.18484786,16.1,93,0,0
7870,6,22,6,0,0.20136671,0,0,0.22,0.17418492,16.1,93,0,0
7871,6,23,6,0,0.88633335,0,0,0.22,0.15971969,16.1,93,0,0
7872,6,24,6,0,0.70644164,0,0,0.22,0.14578211,15,96,0,0
7873,6,1,7,0,0.78353333,0,0,0.22,0.13349727,16.7,93,0,0
7874,6,2,7,0,0.61035,0,0,0.22,0.124292724,16.7,90,0,0
7875,6,3,7,0,0.6155667,0,0,0.22,0.123762265,16.7,90,0,0
7876,6,4,7,0,0.55835,0,0,0.22,0.123120494,16.7,86,0,0
7877,6,5,7,0,0.5972833,0,0,0.22,0.12529282,16.7,86,0,0
7878,6,6,7,0,0.5964,83.3125,0.33325,0.22,0.1257107,16.7,86,13,0
7879,6,7,7,0,0.67793334,275.39584,1.10158336,0.22,0.12342751,17.8,80,76,0
7880,6,8,7,0,0.39488333,444.52917,1.77811668,0.22,0.12736852,18.3,78,241,40
7881,6,9,7,0,0.2714,577.9125,2.31165,0.22,0.14031154,19.4,76,350,65
7882,6,10,7,0,1.5947,668.0292,2.6721168,0.22,0.15289614,19.4,76,490,119
7883,6,11,7,0,1.8379166,708.98334,2.83593336,0.22,0.15902488,20,70,670,257
7884,6,12,7,0,2.1314332,705.17084,2.82068336,0.22,0.16692276,19.4,73,686,234
7885,6,13,7,0,2.36615,676.95416,2.70781664,0.22,0.16831288,20.6,70,517,78
7886,6,14,7,0,1.2251667,615.95,2.4638,0.22,0.17644729,20.6,70,605,170
7887,6,15,7,0,1.9798917,498.88126,1.99552504,0.22,0.17848639,20.6,70,632,281
7888,6,16,7,0,2.8959,346.76666,1.38706664,0.4,0.17858388,19.4,76,665,608
7889,6,17,7,0,3.4949334,170.42917,0.68171668,0.4,0.17516813,18.3,81,475,546
7890,6,18,7,0,2.9387167,39.9125,0.15965,0.4,0.17851202,17.8,84,233,230
7891,6,19,7,0,2.4972832,7.9708333,0.0318833332,0.4,0.17186704,16.1,90,102,0
7892,6,20,7,0,0.27620003,0,0,0.4,0.173016,16.1,90,0,0
7893,6,21,7,0,0.097516716,0,0,0.22,0.17600317,15.6,93,0,0
7894,6,22,7,0,0.08500005,0,0,0.22,0.16202405,15.6,93,0,0
7895,6,23,7,0,0.75343335,0,0,0.22,0.1541565,15,93,0,0
7896,6,24,7,0,0.99848336,0,0,0.22,0.13510045,15,93,0,0
7897,6,1,1,0,0.94201666,0,0,0.22,0.12331394,15,96,0,0
7898,6,2,1,0,0.91386664,0,0,0.22,0.11784354,15.6,93,0,0
7899,6,3,1,0,0.57165,0,0,0.22,0.11828941,15.6,93,0,0
7900,6,4,1,0,0.57845,0,0,0.22,0.12288621,15,93,0,0
7901,6,5,1,0,0.58751667,0,0,0.22,0.12908132,15.6,90,0,0
7902,6,6,1,0,0.58813334,84.870834,0.339483336,0.22,0.13860597,15.6,90,13,0
7903,6,7,1,0,0.29221666,274.28333,1.09713332,0.22,0.145251,16.1,87,46,0
7904,6,8,1,0,0.29388332,442.625,1.7705,0.22,0.15909699,17.2,81,344,224
7905,6,9,1,0,0.3124,573.2833,2.2931332,0.22,0.16781834,20,70,573,440
7906,6,10,1,0,1.57105,666.85,2.6674,0.22,0.17196174,20.6,68,807,676
7907,6,11,1,0,2.1141,709.1125,2.83645,0.22,0.181337,20.6,70,947,734
7908,6,12,1,0,2.2213666,730.24585,2.9209834,0.22,0.18371782,20.6,68,602,162
7909,6,13,1,0,2.4172,696.5292,2.7861168,0.22,0.18499222,20,70,825,458
7910,6,14,1,0,1.5968333,621.8,2.4872,0.22,0.18490838,19.4,70,656,230
7911,6,15,1,0,1.6277333,504.0125,2.01605,0.22,0.19108142,19.4,73,672,367
7912,6,16,1,0,2.5957,349.4875,1.39795,0.54,0.19872068,18.3,78,672,558
7913,6,17,1,0,3.48185,171.37083,0.68548332,0.54,0.19697115,17.8,78,364,231
7914,6,18,1,0,3.0857,36.395832,0.145583328,0.54,0.19657981,16.7,86,169,72
7915,6,19,1,0,2.09945,4.9,0.0196,0.54,0.19072197,16.1,87,100,0
7916,6,20,1,0,0.25916672,0,0,0.54,0.1855103,16.1,87,0,0
7917,6,21,1,0,0.08995006,0,0,0.22,0.18948917,15,93,0,0
7918,6,22,1,0,0.062166736,0,0,0.22,0.1761525,15,93,0,0
7919,6,23,1,0,0.034850072,0,0,0.22,0.15592286,15.6,90,0,0
7920,6,24,1,0,0.7022833,0,0,0.22,0.13861741,16.1,90,0,0
7921,6,1,2,0,0.94953334,0,0,0.22,0.13587445,15.6,90,0,0
7922,6,2,2,0,0.68583333,0,0,0.22,0.124784976,15.6,90,0,0
7923,6,3,2,0,0.57411665,0,0,0.22,0.12607084,15.6,90,0,0
7924,6,4,2,0,0.38468334,0,0,0.22,0.12950754,15.6,86,0,0
7925,6,5,2,0,0.46211666,0,0,0.22,0.13152516,15.6,86,0,0
7926,6,6,2,0,0.5298,95.6375,0.38255,0.22,0.14174424,16.1,83,13,0
7927,6,7,2,0,0.31025,297.65833,1.19063332,0.22,0.15155806,16.7,80,55,0
7928,6,8,2,0,0.30216667,467.87918,1.87151672,0.22,0.17126319,17.2,78,152,6
7929,6,9,2,0,0.29771668,602.25,2.409,0.22,0.1794563,18.9,73,382,106
7930,6,10,2,0,1.6957667,692.2125,2.76885,0.22,0.18561693,19.4,70,835,682
7931,6,11,2,0,1.9142166,730.6667,2.9226668,0.22,0.19144338,20,68,884,591
7932,6,12,2,0,1.8596166,722.25,2.889,0.22,0.19000241,20,68,1008,761
7933,6,13,2,0,1.8505666,704.35834,2.81743336,0.22,0.18880601,20,70,800,404
7934,6,14,2,0,1.01585,637.17084,2.54868336,0.22,0.19631252,20,70,854,515
7935,6,15,2,0,1.42615,521.45416,2.08581664,0.22,0.20078322,20,70,831,709
7936,6,16,2,0,2.4155,363.87918,1.45551672,0.54,0.19961773,19.4,73,651,639
7937,6,17,2,0,3.3649833,178.59584,0.71438336,0.54,0.19930412,18.9,75,435,469
7938,6,18,2,0,2.7105,34.233334,0.136933336,0.54,0.19852255,17.8,80,243,316
7939,6,19,2,0,1.5422333,3.5208333,0.0140833332,0.54,0.19167909,17.2,81,99,0
7940,6,20,2,0,0.28695005,0,0,0.54,0.18382476,17.2,84,0,0
7941,6,21,2,0,0.066783406,0,0,0.22,0.18062203,16.7,86,0,0
7942,6,22,2,0,0.041116737,0,0,0.22,0.16217081,16.7,86,0,0
7943,6,23,2,0,0.018250074,0,0,0.22,0.14313942,16.7,86,0,0
7944,6,24,2,0,0.24613337,0,0,0.22,0.13382237,17.2,84,0,0
7945,6,1,3,0,0.57596666,0,0,0.22,0.12465992,16.7,86,0,0
7946,6,2,3,0,0.56063336,0,0,0.22,0.12299349,16.7,86,0,0
7947,6,3,3,0,0.33161667,0,0,0.22,0.12428973,17.2,81,0,0
7948,6,4,3,0,0.5623,0,0,0.22,0.1265477,17.2,81,0,0
7949,6,5,3,0,0.3337,0,0,0.22,0.1344329,17.2,81,0,0
7950,6,6,3,0,0.34186667,92.6875,0.37075,0.22,0.15083739,17.8,78,48,61
7951,6,7,3,0,0.34331667,294.32083,1.17728332,0.22,0.16097525,17.8,75,261,431
7952,6,8,3,0,0.32441667,472.9125,1.89165,0.22,0.17227103,19,68,477,638
7953,6,9,3,0,0.34143335,611.7625,2.44705,0.22,0.17306267,20.6,63,673,745
7954,6,10,3,0,1.6839167,698.325,2.7933,0.22,0.17844447,20,68,812,735
7955,6,11,3,0,1.9481333,742.81665,2.9712666,0.22,0.17490606,20.6,65,930,764
7956,6,12,3,0,1.9552166,747.68335,2.9907334,0.22,0.17632702,20.6,65,1008,803
7957,6,13,3,0,1.39375,699.5208,2.7980832,0.22,0.17822413,20.6,65,991,795
7958,6,14,3,0,0.5887833,617.04584,2.46818336,0.22,0.18367045,21.1,66,930,793
7959,6,15,3,0,0.99508333,505.55417,2.02221668,0.22,0.18484567,20.6,68,798,666
7960,6,16,3,0,2.1483166,356.96667,1.42786668,0.54,0.18979989,20,70,545,354
7961,6,17,3,0,2.95375,175.27916,0.70111664,0.54,0.18948433,18.3,81,380,289
7962,6,18,3,0,2.22045,38.05,0.1522,0.54,0.18797264,18.3,81,222,201
7963,6,19,3,0,1.4899833,5.9041667,0.0236166668,0.54,0.18870902,17.2,87,98,0
7964,6,20,3,0,0.111883394,0,0,0.54,0.18560283,16.7,90,0,0
7965,6,21,3,0,0.050416727,0,0,0.22,0.1799419,16.7,90,0,0
7966,6,22,3,0,0.00830007,0,0,0.22,0.17443816,16.7,86,0,0
7967,6,23,3,0,0.013016748,0,0,0.22,0.16051862,16.7,86,0,0
7968,6,24,3,0,0.15072505,0,0,0.22,0.13879508,17.8,87,0,0
7969,6,1,4,0,1.0750667,0,0,0.22,0.13022883,17.2,81,0,0
7970,6,2,4,0,0.75983334,0,0,0.22,0.12766661,16.7,84,0,0
7971,6,3,4,0,0.5279,0,0,0.22,0.12464973,16.7,86,0,0
7972,6,4,4,0,0.2549,0,0,0.22,0.12449295,17.2,84,0,0
7973,6,5,4,0,0.25228333,0,0,0.22,0.1340982,17.8,78,0,0
7974,6,6,4,0,0.25015,83.745834,0.334983336,0.22,0.14677754,17.8,78,13,0
7975,6,7,4,0,0.24878334,282.275,1.1291,0.22,0.1565408,18.3,76,109,11
7976,6,8,4,0,0.2465,457.1625,1.82865,0.22,0.16671365,18.9,73,270,92
7977,6,9,4,0,0.26025,589.7125,2.35885,0.22,0.17623073,20.6,68,646,569
7978,6,10,4,0,1.5966,681.9708,2.7278832,0.22,0.18322937,21.7,66,834,770
7979,6,11,4,0,1.7815334,725.0958,2.9003832,0.22,0.18813206,21.7,66,947,823
7980,6,12,4,0,1.7845,728.6875,2.91475,0.22,0.1965646,21.7,66,1008,833
7981,6,13,4,0,2.4075668,691.3458,2.7653832,0.22,0.20424548,21.7,66,1003,831
7982,6,14,4,0,1.473,611.37915,2.4455166,0.22,0.20423383,21.1,66,949,812
7983,6,15,4,0,3.46585,492.94168,1.97176672,0.22,0.21014333,21.1,68,831,745
7984,6,16,4,0,2.09855,343.875,1.3755,0.54,0.21093267,20.6,73,644,645
7985,6,17,4,0,2.8190835,172.27083,0.68908332,0.54,0.20946363,20,76,451,469
7986,6,18,4,0,2.80995,44.141666,0.176566664,0.54,0.2051609,19.4,79,222,194
7987,6,19,4,0,1.96005,8.145833,0.032583332,0.54,0.20210367,17.8,87,98,0
7988,6,20,4,0,0.21986674,0,0,0.54,0.19604106,17.2,90,0,0
7989,6,21,4,0,0.13168341,0,0,0.22,0.1949414,17.2,90,0,0
7990,6,22,4,0,0.4979834,0,0,0.22,0.18355982,17.2,90,0,0
7991,6,23,4,0,1.3720334,0,0,0.22,0.17225957,17.8,87,0,0
7992,6,24,4,0,0.5573583,0,0,0.22,0.15348414,18.3,90,0,0
7993,6,1,5,0,0.5356,0,0,0.22,0.14342871,17.8,87,0,0
7994,6,2,5,0,0.5255333,0,0,0.22,0.1439494,17.8,87,0,0
7995,6,3,5,0,0.47445,0,0,0.22,0.14588156,17.8,84,0,0
7996,6,4,5,0,0.44965,0,0,0.22,0.1456238,17.8,84,0,0
7997,6,5,5,0,0.36211666,0,0,0.22,0.15126102,17.2,87,0,0
7998,6,6,5,0,0.34800833,70.64167,0.28256668,0.22,0.15904008,17.2,84,12,0
7999,6,7,5,0,0.35175,261.45834,1.04583336,0.22,0.1678792,17.2,84,46,0
8000,6,8,5,0,0.3031,451.55832,1.80623328,0.22,0.18300213,17.8,84,123,0
8001,6,9,5,0,0.28571665,589.06665,2.3562666,0.22,0.193896,18.9,78,312,53
8002,6,10,5,0,1.5708166,676.7167,2.7068668,0.22,0.20098647,20.6,68,784,569
8003,6,11,5,0,1.7997,723.55414,2.89421656,0.22,0.20876858,21.1,68,947,769
8004,6,12,5,0,1.8056834,728.4375,2.91375,0.22,0.21172474,21.1,68,966,707
8005,6,13,5,0,1.58165,695.2125,2.78085,0.22,0.2169555,21.7,68,1003,807
8006,6,14,5,0,1.5621667,615.88336,2.46353344,0.22,0.21860652,22.2,66,949,812
8007,6,15,5,0,0.58896667,498.78333,1.99513332,0.22,0.22266896,21.1,68,831,770
8008,6,16,5,0,2.1094666,347.025,1.3881,0.54,0.22364314,20.6,70,601,571
8009,6,17,5,0,2.4264667,171.57083,0.68628332,0.54,0.23512302,20,76,443,526
8010,6,18,5,0,2.38825,42.7125,0.17085,0.54,0.23685396,19.4,79,253,374
8011,6,19,5,0,1.54765,7.5916667,0.0303666668,0.54,0.22753829,18.3,84,98,0
8012,6,20,5,0,0.24403338,0,0,0.54,0.21890889,17.8,87,0,0
8013,6,21,5,0,0.1871667,0,0,0.22,0.20999523,17.8,87,0,0
8014,6,22,5,0,0.058016736,0,0,0.22,0.19648525,18,84,0,0
8015,6,23,5,0,0.74029446,0,0,0.22,0.18693732,18.1,87,0,0
8016,6,24,5,0,0.58463335,0,0,0.22,0.16873579,17.8,87,0,0
8017,7,1,6,0,0.54796666,0,0,0.22,0.15137805,18.4,84,0,0
8018,7,2,6,0,0.54645,0,0,0.22,0.14750665,18.6,81,0,0
8019,7,3,6,0,0.54868335,0,0,0.22,0.14242315,18.7,81,0,0
8020,7,4,6,0,0.37631667,0,0,0.22,0.14010388,18.9,81,0,0
8021,7,5,6,0,0.53635,0,0,0.22,0.13946784,18.9,84,0,0
8022,7,6,6,0,0.29773334,70.85,0.2834,0.22,0.14306337,18.9,84,15,0
8023,7,7,6,0,0.49696666,257.44583,1.02978332,0.22,0.14497702,19.4,79,59,0
8024,7,8,6,0,0.39218333,438.7125,1.75485,0.22,0.15114196,20,73,132,0
8025,7,9,6,0,0.48571667,579,2.316,0.22,0.17350553,20.6,73,312,53
8026,7,10,6,0,1.84815,676.57916,2.70631664,0.22,0.18879312,22.2,68,784,587
8027,7,11,6,0,2.1056666,724.35,2.8974,0.22,0.19362828,22.2,66,923,787
8028,7,12,6,0,2.0927668,729.80414,2.91921656,0.22,0.19823486,21.7,66,984,803
8029,7,13,6,0,3.1713166,691.25,2.765,0.22,0.1998482,22.8,61,966,753
8030,7,14,6,0,0.7974,612.67084,2.45068336,0.22,0.20028569,22.2,66,904,739
8031,7,15,6,0,1.5549333,494.8375,1.97935,0.22,0.19886151,22.8,64,778,696
8032,7,16,6,0,2.29365,343.70834,1.37483336,0.4,0.19704941,22.2,68,615,614
8033,7,17,6,0,3.2896166,170.29584,0.68118336,0.4,0.20315722,21.7,73,419,481
8034,7,18,6,0,2.6294832,43.754166,0.175016664,0.4,0.20117192,20,81,243,324
8035,7,19,6,0,2.4130833,0,0,0.4,0.19191718,18.9,84,0,0
8036,7,20,6,0,0.2817334,0,0,0.4,0.1838923,18.9,84,0,0
8037,7,21,6,0,0.05711674,0,0,0.22,0.17638333,18.3,87,0,0
8038,7,22,6,0,0.01083342,0,0,0.22,0.1689247,17.8,87,0,0
8039,7,23,6,0,0.01508341,0,0,0.22,0.16521612,17.8,87,0,0
8040,7,24,6,0,0.43148336,0,0,0.22,0.16038184,17.8,80,0,0
8041,7,1,7,0,0.26746666,0,0,0.22,0.14868253,18.3,84,0,0
8042,7,2,7,0,0.47698334,0,0,0.22,0.14228258,18.3,84,0,0
8043,7,3,7,0,0.28536665,0,0,0.22,0.13828741,18.9,81,0,0
8044,7,4,7,0,0.51463336,0,0,0.22,0.13857713,18.9,78,0,0
8045,7,5,7,0,0.32373333,0,0,0.22,0.1381304,18.9,78,0,0
8046,7,6,7,0,0.29295,74.32917,0.29731668,0.22,0.14116126,19.4,76,27,0
8047,7,7,7,0,0.30261666,268.5,1.074,0.22,0.14199169,19.4,76,134,22
8048,7,8,7,0,0.3113,450.95416,1.80381664,0.22,0.1531063,20.6,70,260,75
8049,7,9,7,0,0.27821666,586.6875,2.34675,0.22,0.16830485,22.2,64,582,475
8050,7,10,7,0,1.5282834,676.80835,2.7072334,0.22,0.1805304,22.8,64,784,640
8051,7,11,7,0,1.8085834,728.98334,2.91593336,0.22,0.18765865,22.2,66,912,752
8052,7,12,7,0,2.4006667,736.6583,2.9466332,0.22,0.18724345,22.2,66,977,785
8053,7,13,7,0,1.9194666,699.1,2.7964,0.22,0.1883751,22.2,66,984,807
8054,7,14,7,0,1.6059834,617.85,2.4714,0.22,0.18757726,22.8,64,904,727
8055,7,15,7,0,1.7408167,500.37082,2.00148328,0.22,0.19006288,22.2,68,778,660
8056,7,16,7,0,2.4515,349.48334,1.39793336,0.4,0.1930377,21.7,70,580,478
8057,7,17,7,0,3.6192334,172.54584,0.69018336,0.4,0.19698048,20.6,78,411,366
8058,7,18,7,0,3.7118332,36.625,0.1465,0.4,0.20038146,19.4,79,74,0
8059,7,19,7,0,3.1843,0,0,0.4,0.20084298,18.9,78,0,0
8060,7,20,7,0,0.36708337,0,0,0.4,0.19504647,18.9,75,0,0
8061,7,21,7,0,0.32406667,0,0,0.22,0.1892734,18.3,84,0,0
8062,7,22,7,0,0.14818338,0,0,0.22,0.17853653,18.3,76,0,0
8063,7,23,7,0,0.60885,0,0,0.22,0.16422024,17.8,78,0,0
8064,7,24,7,0,1.0685834,0,0,0.22,0.15506104,16.7,84,0,0
8065,7,1,1,0,0.8997167,0,0,0.22,0.15291749,17.8,84,0,0
8066,7,2,1,0,0.25993332,0,0,0.22,0.14547846,17.2,84,0,0
8067,7,3,1,0,0.26498333,0,0,0.22,0.14642379,18,83,0,0
8068,7,4,1,0,0.29171667,0,0,0.22,0.14793412,17.8,84,0,0
8069,7,5,1,0,0.2876,0,0,0.22,0.14947595,18.3,81,0,0
8070,7,6,1,0,0.25888333,85.67083,0.34268332,0.22,0.15370049,18.3,78,19,0
8071,7,7,1,0,0.27023333,283.29166,1.13316664,0.22,0.16248216,19.4,70,100,0
8072,7,8,1,0,0.25506666,459.9875,1.83995,0.22,0.17312337,20,68,421,465
8073,7,9,1,0,0.28086665,601.5375,2.40615,0.22,0.18675512,21.7,59,555,451
8074,7,10,1,0,1.9399333,698.5625,2.79425,0.22,0.19409922,21.7,66,795,681
8075,7,11,1,0,2.5087833,742.9125,2.97165,0.22,0.19669262,22.2,64,917,775
8076,7,12,1,0,2.932,735.2708,2.9410832,0.22,0.19811663,22.2,61,983,803
8077,7,13,1,0,3.29425,695.87085,2.7834834,0.22,0.20399031,22.2,61,953,717
8078,7,14,1,0,1.8615834,616.6,2.4664,0.22,0.21161632,21.7,63,904,739
8079,7,15,1,0,2.1612334,500.75,2.003,0.22,0.21743983,21.1,66,784,684
8080,7,16,1,0,3.3012333,347.4375,1.38975,0.54,0.20947091,21.1,66,573,453
8081,7,17,1,0,3.5257168,169.7,0.6788,0.54,0.20707749,20,68,427,494
8082,7,18,1,0,3.4621832,35.825,0.1433,0.54,0.20437714,20,68,233,281
8083,7,19,1,0,1.8454,0,0,0.54,0.20672561,18.9,70,0,0
8084,7,20,1,0,0.3047667,0,0,0.54,0.19949646,17.8,78,0,0
8085,7,21,1,0,0.24425004,0,0,0.22,0.19336446,17.2,81,0,0
8086,7,22,1,0,0.094833404,0,0,0.22,0.18276355,17.2,81,0,0
8087,7,23,1,0,1.35115,0,0,0.22,0.17542605,17.2,84,0,0
8088,7,24,1,0,0.74365,0,0,0.22,0.1595436,16.1,87,0,0
8089,7,1,2,0,0.58330667,0,0,0.22,0.15210399,17.2,81,0,0
8090,7,2,2,0,0.6373417,0,0,0.22,0.14678858,16.7,84,0,0
8091,7,3,2,0,0.6078,0,0,0.22,0.14534543,16.7,80,0,0
8092,7,4,2,0,0.40163332,0,0,0.22,0.14481083,16.7,84,0,0
8093,7,5,2,0,0.72065,0,0,0.22,0.14173265,17.2,81,0,0
8094,7,6,2,0,0.58986664,77.3125,0.30925,0.22,0.14157125,17.8,78,22,0
8095,7,7,2,0,0.34065,264.20834,1.05683336,0.22,0.14031921,18.9,70,221,234
8096,7,8,2,0,0.32698333,435.04584,1.74018336,0.22,0.14264242,19.4,68,230,63
8097,7,9,2,0,0.33738333,568.94165,2.2757666,0.22,0.15551765,20.6,61,513,317
8098,7,10,2,0,1.5712334,662.2292,2.6489168,0.22,0.1689589,21.7,57,672,409
8099,7,11,2,0,3.1129334,706.45416,2.82581664,0.22,0.18109228,22.2,61,923,746
8100,7,12,2,0,2.26505,708.175,2.8327,0.22,0.18729648,22.2,59,989,821
8101,7,13,2,0,2.20725,666.62085,2.6664834,0.22,0.19292925,22.8,57,984,813
8102,7,14,2,0,1.9246,592.10834,2.36843336,0.22,0.1949735,22.2,61,911,763
8103,7,15,2,0,1.5712667,480.5,1.922,0.22,0.19944131,21.1,66,791,733
8104,7,16,2,0,3.0315833,331.23334,1.32493336,0.54,0.1990469,21.1,63,630,664
8105,7,17,2,0,3.421,163.50833,0.65403332,0.54,0.19925232,20,70,443,539
8106,7,18,2,0,3.5518668,40,0.16,0.54,0.2003579,19.4,68,244,331
8107,7,19,2,0,3.4944167,0,0,0.54,0.1959517,18.3,73,0,0
8108,7,20,2,0,1.3634167,0,0,0.54,0.19016951,18.3,73,0,0
8109,7,21,2,0,0.4575167,0,0,0.22,0.18942235,17.8,78,0,0
8110,7,22,2,0,1.3310666,0,0,0.22,0.17651792,17.2,81,0,0
8111,7,23,2,0,1.7222167,0,0,0.22,0.16391481,16.7,84,0,0
8112,7,24,2,0,0.67793334,0,0,0.22,0.15092893,17.8,84,0,0
8113,7,1,3,0,0.88535,0,0,0.22,0.1436428,16.1,83,0,0
8114,7,2,3,0,0.5168167,0,0,0.22,0.14173296,16.1,83,0,0
8115,7,3,3,0,0.5024,0,0,0.22,0.14215127,16.1,83,0,0
8116,7,4,3,0,0.5362667,0,0,0.22,0.14169829,16.7,84,0,0
8117,7,5,3,0,0.5230167,0,0,0.22,0.1434607,15.6,86,0,0
8118,7,6,3,0,0.48526666,67.166664,0.268666656,0.22,0.1499338,16.7,84,21,0
8119,7,7,3,0,0.48723334,243.74167,0.97496668,0.22,0.16016565,17.2,81,112,5
8120,7,8,3,0,0.38103333,414.82083,1.65928332,0.22,0.17441323,18.3,76,191,23
8121,7,9,3,0,0.5053333,544.25415,2.1770166,0.22,0.18986182,19.4,68,518,305
8122,7,10,3,0,1.5538167,635.5,2.542,0.22,0.19597234,20.6,65,783,628
8123,7,11,3,0,1.7842166,678.3125,2.71325,0.22,0.20330952,21.1,66,917,775
8124,7,12,3,0,3.6162333,684.05835,2.7362334,0.22,0.21010433,21.7,61,983,803
8125,7,13,3,0,2.0052667,606.125,2.4245,0.22,0.21386792,21.1,63,972,777
8126,7,14,3,0,2.980025,412.32083,1.64928332,0.22,0.21344218,20.6,65,904,727
8127,7,15,3,0,1.6806,467.76666,1.87106664,0.22,0.21230052,20.6,65,778,696
8128,7,16,3,0,3.570475,303.47293,1.21389172,0.54,0.21366665,20.6,65,630,664
8129,7,17,3,0,3.524,156.88333,0.62753332,0.54,0.21591368,20,70,427,514
8130,7,18,3,0,2.8779666,43.15,0.1726,0.54,0.2142405,19.4,73,244,331
8131,7,19,3,0,2.3230834,0,0,0.54,0.21188681,18.3,76,0,0
8132,7,20,3,0,0.83470005,0,0,0.54,0.2111487,18.3,76,0,0
8133,7,21,3,0,0.7601167,0,0,0.22,0.2022319,18.3,78,0,0
8134,7,22,3,0,1.7643833,0,0,0.22,0.1847043,18.3,81,0,0
8135,7,23,3,0,1.0579667,0,0,0.22,0.16524842,18.3,78,0,0
8136,7,24,3,0,0.6211417,0,0,0.22,0.13723041,16.7,84,0,0
8137,7,1,4,0,0.8006667,0,0,0.22,0.13126524,17.8,84,0,0
8138,7,2,4,0,0.5471,0,0,0.22,0.12964748,17.8,87,0,0
8139,7,3,4,0,0.55001664,0,0,0.22,0.1296605,17.8,87,0,0
8140,7,4,4,0,0.7334,0,0,0.22,0.12902428,17.2,87,0,0
8141,7,5,4,0,0.72966665,0,0,0.22,0.13270083,17.2,90,0,0
8142,7,6,4,0,0.33705,69.70417,0.27881668,0.22,0.14307469,17.8,84,28,0
8143,7,7,4,0,1.1489667,244.71666,0.97886664,0.22,0.14578384,18.3,81,100,0
8144,7,8,4,0,0.7088,395.16666,1.58066664,0.22,0.15756997,20,73,210,34
8145,7,9,4,0,1.0148,525.98334,2.10393336,0.22,0.17859167,21.1,71,528,334
8146,7,10,4,0,2.1471167,618.2167,2.4728668,0.22,0.18582195,21.1,68,794,664
8147,7,11,4,0,2.4717333,669.7875,2.67915,0.22,0.1927138,21.7,66,842,573
8148,7,12,4,0,3.5604668,678.6667,2.7146668,0.22,0.19636193,22.2,64,983,785
8149,7,13,4,0,3.0554166,646.575,2.5863,0.22,0.19370522,21.7,66,984,813
8150,7,14,4,0,2.65205,573.1583,2.2926332,0.22,0.19777887,21.7,66,917,781
8151,7,15,4,0,3.5686166,461.94168,1.84776672,0.22,0.2039413,21.1,71,791,733
8152,7,16,4,0,2.79255,289.03333,1.15613332,0.54,0.20802122,21.1,68,623,657
8153,7,17,4,0,2.9368834,155.2875,0.62115,0.54,0.20300905,20,70,443,539
8154,7,18,4,0,3.08415,57.7375,0.23095,0.54,0.19782497,19.4,73,244,331
8155,7,19,4,0,1.8011,0,0,0.54,0.19260418,18.9,73,0,0
8156,7,20,4,0,0.2681834,0,0,0.54,0.19103342,18.3,76,0,0
8157,7,21,4,0,0.3120834,0,0,0.22,0.18679124,17.8,78,0,0
8158,7,22,4,0,1.9390167,0,0,0.22,0.17329356,17.8,80,0,0
8159,7,23,4,0,1.3431667,0,0,0.22,0.1585541,17.2,81,0,0
8160,7,24,4,0,0.9940417,0,0,0.22,0.14858024,17.2,81,0,0
8161,7,1,5,0,0.8445167,0,0,0.22,0.13249765,17.2,78,0,0
8162,7,2,5,0,0.86541665,0,0,0.22,0.1258462,17.2,81,0,0
8163,7,3,5,0,0.6253833,0,0,0.22,0.12248437,16.7,84,0,0
8164,7,4,5,0,0.6871167,0,0,0.22,0.12257253,16.7,86,0,0
8165,7,5,5,0,0.53063333,0,0,0.22,0.12790114,16.1,87,0,0
8166,7,6,5,0,0.52036667,60.783333,0.243133332,0.22,0.13930619,17.2,84,26,0
8167,7,7,5,0,0.7728,232.63333,0.93053332,0.22,0.15887536,18.3,78,124,22
8168,7,8,5,0,0.4256,407.425,1.6297,0.22,0.17155254,20.6,68,278,115
8169,7,9,5,0,1.6145834,538.54584,2.15418336,0.22,0.18158816,20.6,68,623,586
8170,7,10,5,0,1.6379167,626.7125,2.50685,0.22,0.19336888,21.1,66,800,735
8171,7,11,5,0,3.6812832,668.87085,2.6754834,0.22,0.1934937,21.1,68,928,817
8172,7,12,5,0,4.023967,675.80835,2.7032334,0.22,0.19613332,22.2,64,989,827
8173,7,13,5,0,3.6171,618.17914,2.47271656,0.22,0.1912116,22.2,64,978,795
8174,7,14,5,0,2.89385,586.80835,2.3472334,0.22,0.1961187,21.7,68,904,727
8175,7,15,5,0,3.8492,475.50418,1.90201672,0.22,0.19907637,21.1,68,784,715
8176,7,16,5,0,3.8191,332.15833,1.32863332,0.54,0.201368,20.6,70,637,682
8177,7,17,5,0,3.8526332,162.6375,0.65055,0.54,0.2027408,20,73,443,527
8178,7,18,5,0,3.7311666,58.2125,0.23285,0.54,0.19925681,18.9,78,245,339
8179,7,19,5,0,3.6476834,0,0,0.54,0.19648808,18.3,81,0,0
8180,7,20,5,0,0.76713336,0,0,0.54,0.19067639,17.8,84,0,0
8181,7,21,5,0,0.96900004,0,0,0.22,0.18505614,17.8,78,0,0
8182,7,22,5,0,1.4147834,0,0,0.22,0.17839609,17.8,75,0,0
8183,7,23,5,0,1.6834167,0,0,0.22,0.17070259,17.8,78,0,0
8184,7,24,5,0,1.2813667,0,0,0.22,0.14644814,17.8,80,0,0
8185,7,1,6,0,1.1516833,0,0,0.22,0.13726214,17.8,78,0,0
8186,7,2,6,0,1.2920333,0,0,0.22,0.1288821,17.2,81,0,0
8187,7,3,6,0,1.2024167,0,0,0.22,0.1291399,17,82,0,0
8188,7,4,6,0,1.0824333,0,0,0.22,0.12947956,17.8,78,0,0
8189,7,5,6,0,1.0473334,0,0,0.22,0.1311204,17.8,78,0,0
8190,7,6,6,0,0.9783667,63.958332,0.255833328,0.22,0.13259919,18.3,76,16,0
8191,7,7,6,0,0.6031167,237.475,0.9499,0.22,0.1365581,18.9,73,62,0
8192,7,8,6,0,0.5894667,405.075,1.6203,0.22,0.13945962,20,68,307,178
8193,7,9,6,0,2.8972833,538.1042,2.1524168,0.22,0.15360816,21,60,586,527
8194,7,10,6,0,1.7667,646.74585,2.5869834,0.22,0.16678426,21.1,63,783,652
8195,7,11,6,0,3.9291334,706.67084,2.82668336,0.22,0.17607738,22.2,57,917,781
8196,7,12,6,0,4.2994165,684.4625,2.73785,0.22,0.18443526,22.8,57,983,809
8197,7,13,6,0,3.3611667,637.80835,2.5512334,0.22,0.18842965,21.7,61,972,777
8198,7,14,6,0,3.77085,588.25415,2.3530166,0.22,0.18830313,21.7,63,904,727
8199,7,15,6,0,3.7879,529.62915,2.1185166,0.22,0.19131218,21.1,71,778,660
8200,7,16,6,0,3.6858833,387.25833,1.54903332,0.4,0.19228952,20.6,73,595,533
8201,7,17,6,0,3.6143,199.49583,0.79798332,0.4,0.19403028,20,73,388,360
8202,7,18,6,0,3.5211334,57.354168,0.229416672,0.4,0.1963761,19.4,76,234,267
8203,7,19,6,0,3.53895,0,0,0.4,0.1889987,18.3,78,0,0
8204,7,20,6,0,0.70100003,0,0,0.4,0.17975417,18.3,76,0,0
8205,7,21,6,0,0.14065003,0,0,0.22,0.1742392,17.8,78,0,0
8206,7,22,6,0,1.6847667,0,0,0.22,0.16383593,17.8,84,0,0
8207,7,23,6,0,1.9308333,0,0,0.22,0.15492885,17.8,84,0,0
8208,7,24,6,0,1.134875,0,0,0.22,0.13789812,17.2,84,0,0
8209,7,1,7,0,1.0840167,0,0,0.22,0.12729272,17.8,80,0,0
8210,7,2,7,0,1.1822667,0,0,0.22,0.12185267,17.2,84,0,0
8211,7,3,7,0,0.9169833,0,0,0.22,0.11932324,16.7,86,0,0
8212,7,4,7,0,0.9313167,0,0,0.22,0.12104176,16.1,87,0,0
8213,7,5,7,0,1.0020334,0,0,0.22,0.11874646,17.2,84,0,0
8214,7,6,7,0,0.62582916,17.177084,0.068708336,0.22,0.11831547,18.3,78,18,0
8215,7,7,7,0,0.5290667,106.80417,0.42721668,0.22,0.116376415,18.9,75,112,11
8216,7,8,7,0,0.2586,147.32916,0.58931664,0.22,0.11803756,18.9,75,166,6
8217,7,9,7,0,0.7526,475.7875,1.90315,0.22,0.12925845,18.9,78,269,29
8218,7,10,7,0,3.1459668,456.94583,1.82778332,0.22,0.14355205,20,73,766,551
8219,7,11,7,0,0.6709667,409.04584,1.63618336,0.22,0.155669,21.1,68,813,525
8220,7,12,7,0,4.046867,699.1542,2.7966168,0.22,0.16175051,21.1,68,983,761
8221,7,13,7,0,2.3381333,640.8333,2.5633332,0.22,0.16071248,21.7,63,972,777
8222,7,14,7,0,3.62085,590.88336,2.36353344,0.22,0.16615078,21.7,63,904,727
8223,7,15,7,0,2.39935,484.3625,1.93745,0.22,0.17065601,22.2,61,778,696
8224,7,16,7,0,3.2538333,281.82916,1.12731664,0.4,0.17372404,20.6,68,616,633
8225,7,17,7,0,3.311,179.83333,0.71933332,0.4,0.1774812,19.4,73,428,495
8226,7,18,7,0,2.2511666,44.491665,0.17796666,0.4,0.18545902,18.9,75,235,296
8227,7,19,7,0,2.0741167,0,0,0.4,0.18033583,17.8,78,0,0
8228,7,20,7,0,0.50645,0,0,0.4,0.17296222,17.2,84,0,0
8229,7,21,7,0,1.9915334,0,0,0.22,0.17582959,17.2,84,0,0
8230,7,22,7,0,1.6805333,0,0,0.22,0.16123481,17.2,81,0,0
8231,7,23,7,0,1.3510667,0,0,0.22,0.14820288,16.7,84,0,0
8232,7,24,7,0,0.992025,0,0,0.22,0.13283402,17.2,84,0,0
8233,7,1,1,0,0.6081333,0,0,0.22,0.12890637,17.2,81,0,0
8234,7,2,1,0,0.77596664,0,0,0.22,0.12753764,17.2,81,0,0
8235,7,3,1,0,0.6645,0,0,0.22,0.12485642,17.2,81,0,0
8236,7,4,1,0,0.6642,0,0,0.22,0.12698877,17.8,78,0,0
8237,7,5,1,0,0.4775,0,0,0.22,0.1351047,17.8,78,0,0
8238,7,6,1,0,0.82661664,54.466667,0.217866668,0.22,0.14742577,18.3,73,16,0
8239,7,7,1,0,0.60898334,232.725,0.9309,0.22,0.15967028,18.3,70,66,0
8240,7,8,1,0,0.6612,402.89166,1.61156664,0.22,0.17237437,20,63,166,11
8241,7,9,1,0,1.4403167,537.58124,2.15032496,0.22,0.17964582,21.1,61,575,475
8242,7,10,1,0,2.45215,628.8958,2.5155832,0.22,0.18964745,21.1,59,782,657
8243,7,11,1,0,3.1143584,661.70624,2.64682496,0.22,0.19717076,21.1,59,916,763
8244,7,12,1,0,3.8555083,697.85,2.7914,0.22,0.20380941,22.2,57,989,827
8245,7,13,1,0,3.2751834,665.62085,2.6624834,0.22,0.20819573,22.2,57,972,777
8246,7,14,1,0,2.9331,597.04584,2.38818336,0.22,0.21705252,21.1,63,904,727
8247,7,15,1,0,2.9638667,485.38333,1.94153332,0.22,0.21882644,21.1,63,771,641
8248,7,16,1,0,3.6471334,333.85834,1.33543336,0.54,0.22000712,20.6,68,552,403
8249,7,17,1,0,3.16015,161.0125,0.64405,0.54,0.21498965,19.4,73,389,373
8250,7,18,1,0,3.3035333,37.416668,0.149666672,0.54,0.21486752,18.9,75,246,347
8251,7,19,1,0,2.0070834,0,0,0.54,0.21098752,18.3,81,0,0
8252,7,20,1,0,0.40960002,0,0,0.54,0.20725939,17.8,80,0,0
8253,7,21,1,0,0.23676673,0,0,0.22,0.20671725,17.8,84,0,0
8254,7,22,1,0,0.72275,0,0,0.22,0.18922135,17.2,84,0,0
8255,7,23,1,0,1.2295166,0,0,0.22,0.16592267,17.2,84,0,0
8256,7,24,1,0,0.8307667,0,0,0.22,0.15960564,17.2,81,0,0
8257,7,1,2,0,0.52355,0,0,0.22,0.15122436,17.8,80,0,0
8258,7,2,2,0,0.7449333,0,0,0.22,0.14970703,17.2,84,0,0
8259,7,3,2,0,0.5452333,0,0,0.22,0.15103003,17.2,84,0,0
8260,7,4,2,0,0.53575,0,0,0.22,0.15284945,17.8,80,0,0
8261,7,5,2,0,0.9455,0,0,0.22,0.1571569,17.8,80,0,0
8262,7,6,2,0,0.5632667,56.2,0.2248,0.22,0.16599952,18.3,76,13,0
8263,7,7,2,0,0.8966333,226.3625,0.90545,0.22,0.17769003,18.3,76,58,0
8264,7,8,2,0,1.0733,398.29584,1.59318336,0.22,0.19684994,18.9,70,131,0
8265,7,9,2,0,0.70745,539.4042,2.1576168,0.22,0.21039915,19.4,68,264,29
8266,7,10,2,0,2.1576,632.54584,2.53018336,0.22,0.21270612,21.1,63,560,237
8267,7,11,2,0,2.4556668,681.9667,2.7278668,0.22,0.21872188,20.6,63,916,722
8268,7,12,2,0,2.5484166,690.525,2.7621,0.22,0.22476369,21.7,61,959,737
8269,7,13,2,0,3.49895,661.5125,2.64605,0.22,0.22697222,21.7,61,971,783
8270,7,14,2,0,1.6244833,595.675,2.3827,0.22,0.23069818,22.2,59,911,745
8271,7,15,2,0,2.2643833,480.21667,1.92086668,0.22,0.23386112,21.1,63,778,696
8272,7,16,2,0,2.8719833,330.42084,1.32168336,0.54,0.23527837,20.6,65,623,664
8273,7,17,2,0,2.4089,161.6125,0.64645,0.54,0.23715498,20,65,429,527
8274,7,18,2,0,1.9010333,42.925,0.1717,0.54,0.23603575,18.9,70,247,347
8275,7,19,2,0,2.1626666,0,0,0.54,0.2336501,18.3,76,0,0
8276,7,20,2,0,0.3361334,0,0,0.54,0.23061816,17.8,78,0,0
8277,7,21,2,0,0.21340005,0,0,0.22,0.22318228,17.8,80,0,0
8278,7,22,2,0,1.1116,0,0,0.22,0.21421812,17.8,78,0,0
8279,7,23,2,0,1.2989666,0,0,0.22,0.20147432,17.2,84,0,0
8280,7,24,2,0,0.93390834,0,0,0.22,0.17805298,16.7,84,0,0
8281,7,1,3,0,0.6138,0,0,0.22,0.17021233,17.2,84,0,0
8282,7,2,3,0,0.6335667,0,0,0.22,0.16954511,17.8,80,0,0
8283,7,3,3,0,0.62448335,0,0,0.22,0.16682968,17.8,80,0,0
8284,7,4,3,0,0.6569333,0,0,0.22,0.16643232,17.2,84,0,0
8285,7,5,3,0,0.96915,0,0,0.22,0.17014338,17.8,78,0,0
8286,7,6,3,0,0.64921665,59.529167,0.238116668,0.22,0.17616218,17.8,78,22,0
8287,7,7,3,0,0.7328,239.49583,0.95798332,0.22,0.1882571,18.3,76,98,0
8288,7,8,3,0,0.6523333,411.00418,1.64401672,0.22,0.20350616,18.3,76,126,0
8289,7,9,3,0,0.6687667,550.65,2.2026,0.22,0.2159211,18.9,70,216,12
8290,7,10,3,0,2.1335833,639.64166,2.55856664,0.22,0.22634552,20,65,427,77
8291,7,11,3,0,2.4163167,679.75836,2.71903344,0.22,0.23392914,21.1,63,876,590
8292,7,12,3,0,2.78745,679.12915,2.7165166,0.22,0.23862082,21.7,59,971,737
8293,7,13,3,0,2.5574667,647.17914,2.58871656,0.22,0.24087177,22.2,59,916,578
8294,7,14,3,0,2.1567667,575.49585,2.3019834,0.22,0.24366808,22.8,55,911,751
8295,7,15,3,0,1.986075,462.1625,1.84865,0.22,0.24413535,21.1,66,791,745
8296,7,16,3,0,2.74345,322.2125,1.28885,0.54,0.24557029,21.1,66,631,670
8297,7,17,3,0,2.4592333,158.925,0.6357,0.54,0.24497683,20.6,68,445,559
8298,7,18,3,0,2.2798667,41.879166,0.167516664,0.54,0.24577326,19.4,73,247,348
8299,7,19,3,0,1.9615667,0,0,0.54,0.24367525,18.3,78,0,0
8300,7,20,3,0,0.44710004,0,0,0.54,0.24195701,17.8,78,0,0
8301,7,21,3,0,0.14618339,0,0,0.22,0.23848134,17.8,75,0,0
8302,7,22,3,0,1.0156833,0,0,0.22,0.21824357,17.2,78,0,0
8303,7,23,3,0,1.7239667,0,0,0.22,0.19859011,17.2,81,0,0
8304,7,24,3,0,0.59960836,0,0,0.22,0.18360205,17.8,87,0,0
8305,7,1,4,0,0.8046167,0,0,0.22,0.17232709,16.7,84,0,0
8306,7,2,4,0,0.5409833,0,0,0.22,0.17243797,16.7,86,0,0
8307,7,3,4,0,0.5308,0,0,0.22,0.17125224,15,90,0,0
8308,7,4,4,0,0.5282,0,0,0.22,0.17185763,15.6,86,0,0
8309,7,5,4,0,0.50126,0,0,0.22,0.18462501,15,90,0,0
8310,7,6,4,0,0.23771666,63.45,0.2538,0.22,0.19159614,16.7,86,50,197
8311,7,7,4,0,0.50161666,242.96666,0.97186664,0.22,0.20004393,18.3,78,229,469
8312,7,8,4,0,0.67565,415.58334,1.66233336,0.22,0.21659526,20,70,423,601
8313,7,9,4,0,1.2642334,547.3458,2.1893832,0.22,0.23133156,21.7,68,622,697
8314,7,10,4,0,2.4233167,616.3958,2.4655832,0.22,0.23821467,21.1,71,793,728
8315,7,11,4,0,2.2343333,556.1,2.2244,0.22,0.24105693,21.7,66,922,811
8316,7,12,4,0,3.1811333,663.9583,2.6558332,0.22,0.24547729,21.7,66,982,815
8317,7,13,4,0,3.0438,659.06665,2.6362666,0.22,0.25128257,22.8,55,971,783
8318,7,14,4,0,2.2096667,590.54584,2.36218336,0.22,0.26036844,22.2,61,911,769
8319,7,15,4,0,1.8696166,481.275,1.9251,0.22,0.26416147,21.7,61,785,721
8320,7,16,4,0,3.3556333,333.13333,1.33253332,0.54,0.26280093,21.1,63,624,651
8321,7,17,4,0,3.35475,164.93333,0.65973332,0.54,0.26540542,21.1,63,445,566
8322,7,18,4,0,2.7902334,41.070835,0.16428334,0.54,0.25689933,20,70,248,363
8323,7,19,4,0,1.6244583,0,0,0.54,0.24765229,18.9,75,0,0
8324,7,20,4,0,0.45375004,0,0,0.54,0.24112977,18.9,75,0,0
8325,7,21,4,0,0.23630007,0,0,0.22,0.23533775,18.3,81,0,0
8326,7,22,4,0,1.7953167,0,0,0.22,0.21563001,18.3,81,0,0
8327,7,23,4,0,1.2070333,0,0,0.22,0.20154299,18.3,81,0,0
8328,7,24,4,0,0.6482,0,0,0.22,0.18245567,17.2,87,0,0
8329,7,1,5,0,0.9289,0,0,0.22,0.17271106,17.8,87,0,0
8330,7,2,5,0,0.60711664,0,0,0.22,0.16705362,18.3,84,0,0
8331,7,3,5,0,0.5633,0,0,0.22,0.16548501,17.8,84,0,0
8332,7,4,5,0,0.54296666,0,0,0.22,0.16415575,17.2,87,0,0
8333,7,5,5,0,0.52955,0,0,0.22,0.1673105,17.8,84,0,0
8334,7,6,5,0,0.5082,57.279167,0.229116668,0.22,0.1737945,18.3,81,47,179
8335,7,7,5,0,0.71533334,236.91667,0.94766668,0.22,0.17994471,20,76,225,431
8336,7,8,5,0,0.6351167,410.06668,1.64026672,0.22,0.18546498,22.2,64,432,624
8337,7,9,5,0,0.69668335,544.6875,2.17875,0.22,0.19235225,23.9,55,622,703
8338,7,10,5,0,1.8477666,638.725,2.5549,0.22,0.18981189,23.3,66,793,746
8339,7,11,5,0,2.2698834,686.95416,2.74781664,0.22,0.1910267,22.8,68,922,811
8340,7,12,5,0,2.68635,695.7375,2.78295,0.22,0.19813439,23.3,66,988,827
8341,7,13,5,0,3.4353166,662.87915,2.6515166,0.22,0.20370153,22.8,68,965,765
8342,7,14,5,0,1.4219416,589.7,2.3588,0.22,0.2058498,22.2,68,898,715
8343,7,15,5,0,2.4281166,473.21667,1.89286668,0.22,0.20115952,22.2,64,772,684
8344,7,16,5,0,3.3365834,324.4875,1.29795,0.54,0.19513303,22.2,68,617,652
8345,7,17,5,0,2.31275,157.27083,0.62908332,0.54,0.19029646,21.1,73,430,534
8346,7,18,5,0,2.8364334,37.65,0.1506,0.54,0.18457358,20,76,249,327
8347,7,19,5,0,2.0008166,0,0,0.54,0.17947564,18.3,81,0,0
8348,7,20,5,0,0.6110334,0,0,0.54,0.1747231,18.3,76,0,0
8349,7,21,5,0,0.1221334,0,0,0.22,0.17117666,17.2,84,0,0
8350,7,22,5,0,1.2677166,0,0,0.22,0.15532966,17.2,84,0,0
8351,7,23,5,0,0.8571333,0,0,0.22,0.14750437,17.2,84,0,0
8352,7,24,5,0,1.18315,0,0,0.22,0.1449348,17.2,84,0,0
8353,7,1,6,0,0.26791388,0,0,0.22,0.1295568,16.7,90,0,0
8354,7,2,6,0,0.43160832,0,0,0.22,0.123168096,17.2,87,0,0
8355,7,3,6,0,0.29215,0,0,0.22,0.120726414,17,94,0,0
8356,7,4,6,0,1.3414167,0,0,0.22,0.12100436,17.2,90,0,0
8357,7,5,6,0,0.93915,0,0,0.22,0.122418806,17.8,87,0,0
8358,7,6,6,0,0.54585,52.6625,0.21065,0.22,0.12280328,17.8,87,33,44
8359,7,7,6,0,0.54796666,223.02916,0.89211664,0.22,0.12718342,17.8,87,77,0
8360,7,8,6,0,0.849125,388.37292,1.55349168,0.22,0.13809492,18.9,81,160,11
8361,7,9,6,0,0.75923336,529.85,2.1194,0.22,0.15892276,20,76,505,293
8362,7,10,6,0,2.425225,625.48334,2.50193336,0.22,0.1689978,20.6,73,776,634
8363,7,11,6,0,2.7000666,678.2875,2.71315,0.22,0.17595322,21.1,68,916,793
8364,7,12,6,0,3.5659666,689.95416,2.75981664,0.22,0.18298875,21.7,66,970,737
8365,7,13,6,0,2.48245,495.57083,1.98228332,0.22,0.18497443,21.1,66,848,512
8366,7,14,6,0,2.2494833,572.2167,2.2888668,0.22,0.18561895,20.6,68,866,600
8367,7,15,6,0,2.9833333,473.225,1.8929,0.22,0.18865016,20.6,68,725,574
8368,7,16,6,0,3.2811832,329.325,1.3173,0.4,0.1950144,20.6,70,624,621
8369,7,17,6,0,2.8814833,158.79167,0.63516668,0.4,0.19005273,20,73,390,322
8370,7,18,6,0,3.46875,43.5,0.174,0.4,0.18845683,18.9,81,141,29
8371,7,19,6,0,1.9760166,0,0,0.4,0.18694028,17.8,87,0,0
8372,7,20,6,0,0.18183337,0,0,0.4,0.18174525,17.2,87,0,0
8373,7,21,6,0,0.0839334,0,0,0.22,0.17136331,17.2,87,0,0
8374,7,22,6,0,1.08115,0,0,0.22,0.16383839,17.2,84,0,0
8375,7,23,6,0,1.1427,0,0,0.22,0.15631807,17.2,84,0,0
8376,7,24,6,0,0.8698083,0,0,0.22,0.1392867,17.2,84,0,0
8377,7,1,7,0,0.5936,0,0,0.22,0.13060984,17.2,84,0,0
8378,7,2,7,0,0.8156833,0,0,0.22,0.12407034,16.7,90,0,0
8379,7,3,7,0,0.52105,0,0,0.22,0.1198323,16.7,86,0,0
8380,7,4,7,0,0.51741666,0,0,0.22,0.11939236,17.2,87,0,0
8381,7,5,7,0,0.7668,0,0,0.22,0.12153864,17.2,87,0,0
8382,7,6,7,0,0.60463333,40.991665,0.16396666,0.22,0.12258198,17.8,84,43,100
8383,7,7,7,0,0.51601666,199.5125,0.79805,0.22,0.1274689,18,77,53,0
8384,7,8,7,0,0.51975,367.24167,1.46896668,0.22,0.13226552,18.9,75,233,40
8385,7,9,7,0,1.0680166,514.1875,2.05675,0.22,0.15008177,20,73,326,70
8386,7,10,7,0,2.3818834,612.63336,2.45053344,0.22,0.16468692,21.7,66,754,533
8387,7,11,7,0,3.1337833,638.9583,2.5558332,0.22,0.17989497,21.7,66,904,745
8388,7,12,7,0,3.1167,612.8125,2.45125,0.22,0.18581483,21.7,63,964,767
8389,7,13,7,0,3.3096166,582.74585,2.3309834,0.22,0.1898091,21.7,63,965,771
8390,7,14,7,0,2.3301418,583.0917,2.3323668,0.22,0.19540508,21.7,63,898,721
8391,7,15,7,0,2.7321668,476.79166,1.90716664,0.22,0.20085701,21.1,71,772,690
8392,7,16,7,0,3.3581333,321.97083,1.28788332,0.4,0.21177518,20,73,617,658
8393,7,17,7,0,2.3174334,160.0375,0.64015,0.4,0.21558806,20,73,422,489
8394,7,18,7,0,3.2957335,46.460415,0.18584166,0.4,0.21456055,18.9,81,229,284
8395,7,19,7,0,2.1626832,0,0,0.4,0.21251227,18.3,81,0,0
8396,7,20,7,0,0.6839333,0,0,0.4,0.20823058,17.8,80,0,0
8397,7,21,7,0,1.8749666,0,0,0.22,0.2079395,17.8,80,0,0
8398,7,22,7,0,2.4886668,0,0,0.22,0.19247775,17.8,87,0,0
8399,7,23,7,0,2.5660334,0,0,0.22,0.1737371,17.2,84,0,0
8400,7,24,7,0,1.2783417,0,0,0.22,0.16344118,17.8,87,0,0
8401,7,1,1,0,0.9803333,0,0,0.22,0.1571495,17.2,87,0,0
8402,7,2,1,0,0.77445,0,0,0.22,0.15485205,17.8,87,0,0
8403,7,3,1,0,0.57995,0,0,0.22,0.14865564,17.2,87,0,0
8404,7,4,1,0,0.5704333,0,0,0.22,0.14674981,16.7,86,0,0
8405,7,5,1,0,0.5667667,0,0,0.22,0.15643778,16.1,90,0,0
8406,7,6,1,0,0.5531667,50.5875,0.20235,0.22,0.16171382,17.2,87,30,24
8407,7,7,1,0,0.9108667,199.16667,0.79666668,0.22,0.17289911,18.3,81,154,102
8408,7,8,1,0,1.1380334,378.6125,1.51445,0.22,0.18884592,20,73,426,549
8409,7,9,1,0,1.1803666,519.7917,2.0791668,0.22,0.20389071,21.7,70,621,714
8410,7,10,1,0,2.6217334,619.00836,2.47603344,0.22,0.21887961,21.7,70,792,758
8411,7,11,1,0,2.96645,672.6458,2.6905832,0.22,0.22948535,21.7,68,916,799
8412,7,12,1,0,3.5845833,685.8,2.7432,0.22,0.2361709,22.8,64,976,803
8413,7,13,1,0,2.9306333,654.525,2.6181,0.22,0.23777938,22.2,66,978,807
8414,7,14,1,0,2.22245,583.2125,2.33285,0.22,0.23908913,22.8,59,904,757
8415,7,15,1,0,2.3161666,470.2,1.8808,0.22,0.23947999,22.8,59,785,727
8416,7,16,1,0,2.9396167,321.12082,1.28448328,0.54,0.2407028,21.7,66,617,658
8417,7,17,1,0,2.8445168,157.01666,0.62806664,0.54,0.24007788,21.7,63,423,496
8418,7,18,1,0,2.7600667,44.316666,0.177266664,0.54,0.23973207,21.1,63,230,285
8419,7,19,1,0,2.7273333,0,0,0.54,0.23966753,19.4,76,0,0
8420,7,20,1,0,0.33103338,0,0,0.54,0.24028723,19.4,73,0,0
8421,7,21,1,0,0.34391674,0,0,0.22,0.23422468,19.4,76,0,0
8422,7,22,1,0,2.2234666,0,0,0.22,0.21919695,18.9,81,0,0
8423,7,23,1,0,1.5542834,0,0,0.22,0.20767055,17.8,87,0,0
8424,7,24,1,0,1.0205667,0,0,0.22,0.17478226,19.4,79,0,0
8425,7,1,2,0,0.71575,0,0,0.22,0.16256179,17.8,87,0,0
8426,7,2,2,0,0.6489,0,0,0.22,0.16060786,17.2,90,0,0
8427,7,3,2,0,0.6491167,0,0,0.22,0.15846436,17.8,87,0,0
8428,7,4,2,0,0.67081666,0,0,0.22,0.16090028,17.8,84,0,0
8429,7,5,2,0,0.64211667,0,0,0.22,0.16283903,17.8,87,0,0
8430,7,6,2,0,0.6469,47.158333,0.188633332,0.22,0.16747855,18.9,81,44,186
8431,7,7,2,0,0.8545667,217.2875,0.86915,0.22,0.16907285,20.6,73,222,467
8432,7,8,2,0,0.9350333,390.05417,1.56021668,0.22,0.18104002,22.8,59,426,618
8433,7,9,2,0,0.7424667,528.19586,2.11278344,0.22,0.19801147,22.8,71,615,697
8434,7,10,2,0,2.17165,628.1125,2.51245,0.22,0.21377355,23.9,62,792,758
8435,7,11,2,0,2.5494168,679.0375,2.71615,0.22,0.22717053,23.9,62,915,799
8436,7,12,2,0,2.5839834,666.0208,2.6640832,0.22,0.23641257,23.3,64,976,809
8437,7,13,2,0,3.3705332,630.14166,2.52056664,0.22,0.23683172,23.9,57,971,789
8438,7,14,2,0,1.8213,439.44168,1.75776672,0.22,0.23853746,23.9,55,898,739
8439,7,15,2,0,3.3801832,212.95416,0.85181664,0.22,0.24017893,23.9,55,786,733
8440,7,16,2,0,2.39695,302.62918,1.21051672,0.54,0.2438232,23.3,62,625,664
8441,7,17,2,0,2.60285,162.42084,0.64968336,0.54,0.24223848,22.2,66,431,535
8442,7,18,2,0,3.27158,43.671665,0.17468666,0.54,0.24362774,21.7,70,231,292
8443,7,19,2,0,3.0033667,0,0,0.54,0.24013475,21.1,71,0,0
8444,7,20,2,0,0.23100005,0,0,0.54,0.22839445,20,76,0,0
8445,7,21,2,0,0.19631673,0,0,0.22,0.22767133,20,76,0,0
8446,7,22,2,0,0.6333,0,0,0.22,0.22633755,19.4,79,0,0
8447,7,23,2,0,1.0638833,0,0,0.22,0.21741247,19.4,79,0,0
8448,7,24,2,0,1.004425,0,0,0.22,0.19878574,18.9,78,0,0
8449,7,1,3,0,0.9229,0,0,0.22,0.177916,18.9,84,0,0
8450,7,2,3,0,0.6217,0,0,0.22,0.17218769,20,78,0,0
8451,7,3,3,0,0.6361,0,0,0.22,0.17039256,17.8,84,0,0
8452,7,4,3,0,0.54936665,0,0,0.22,0.16905594,18.9,78,0,0
8453,7,5,3,0,0.5515,0,0,0.22,0.17068037,17.8,84,0,0
8454,7,6,3,0,0.58315,18.075,0.0723,0.22,0.1774932,18.9,84,41,165
8455,7,7,3,0,0.70475,224.09584,0.89638336,0.22,0.18526176,20.6,81,222,461
8456,7,8,3,0,0.87158334,360.37918,1.44151672,0.22,0.20068069,21.7,73,415,600
8457,7,9,3,0,0.66396666,454.55,1.8182,0.22,0.2160142,23.3,64,615,697
8458,7,10,3,0,1.49815,483.39166,1.93356664,0.22,0.23465775,25.6,58,786,746
8459,7,11,3,0,2.3572,656.6542,2.6266168,0.22,0.24824762,25,60,910,787
8460,7,12,3,0,2.40955,683.79584,2.73518336,0.22,0.25497636,25,56,970,791
8461,7,13,3,0,2.3749166,531.025,2.1241,0.22,0.25837013,25.6,50,971,795
8462,7,14,3,0,1.79185,622.7833,2.4911332,0.22,0.25742868,24.4,56,898,727
8463,7,15,3,0,2.45985,297.45416,1.18981664,0.22,0.2571709,25,52,779,715
8464,7,16,3,0,2.0818667,333.82916,1.33531664,0.54,0.25813636,24.4,56,625,664
8465,7,17,3,0,2.8251333,158.63333,0.63453332,0.54,0.25745127,24.4,54,432,535
8466,7,18,3,0,1.7064,41.583332,0.166333328,0.54,0.2561271,22.2,68,232,300
8467,7,19,3,0,2.5655167,0,0,0.54,0.2586435,20.6,78,0,0
8468,7,20,3,0,0.25650007,0,0,0.54,0.25633612,20.6,75,0,0
8469,7,21,3,0,0.63635004,0,0,0.22,0.25445148,20,78,0,0
8470,7,22,3,0,1.0200167,0,0,0.22,0.24170169,20,73,0,0
8471,7,23,3,0,0.9141333,0,0,0.22,0.22260232,19.4,76,0,0
8472,7,24,3,0,0.71379167,0,0,0.22,0.20565227,18.3,87,0,0
8473,7,1,4,0,0.63058335,0,0,0.22,0.19612539,18.9,78,0,0
8474,7,2,4,0,0.78095,0,0,0.22,0.19223557,18.3,87,0,0
8475,7,3,4,0,0.5714,0,0,0.22,0.18874684,18.3,87,0,0
8476,7,4,4,0,0.5984,0,0,0.22,0.18926693,18.3,90,0,0
8477,7,5,4,0,0.62726665,0,0,0.22,0.19426405,17.8,87,0,0
8478,7,6,4,0,0.60031664,46.6875,0.18675,0.22,0.19776194,18.9,87,38,140
8479,7,7,4,0,0.6192333,220.8375,0.88335,0.22,0.20714925,21.1,76,209,407
8480,7,8,4,0,0.60861665,394.82916,1.57931664,0.22,0.2200104,21.7,79,420,572
8481,7,9,4,0,0.62325,528.25836,2.11303344,0.22,0.23745248,22.2,71,609,685
8482,7,10,4,0,1.9213166,630.13336,2.52053344,0.22,0.24996756,22.8,66,792,764
8483,7,11,4,0,2.5185168,689.35834,2.75743336,0.22,0.26057974,23.9,64,909,787
8484,7,12,4,0,2.5348833,703.62915,2.8145166,0.22,0.2664595,24.4,60,970,791
8485,7,13,4,0,2.3923833,672.8625,2.69145,0.22,0.26825175,24.4,62,971,795
8486,7,14,4,0,2.2301834,612.425,2.4497,0.22,0.2645425,23.9,60,905,763
8487,7,15,4,0,2.0920167,486.25,1.945,0.22,0.26872844,22.8,64,779,684
8488,7,16,4,0,2.5373666,330.13333,1.32053332,0.54,0.27215225,22.8,59,597,590
8489,7,17,4,0,2.6183,155.5375,0.62215,0.54,0.28109592,22.2,68,424,438
8490,7,18,4,0,2.7816,30.9375,0.12375,0.54,0.27668494,21.1,73,122,7
8491,7,19,4,0,1.1713667,0,0,0.54,0.27145255,20,76,0,0
8492,7,20,4,0,0.24101673,0,0,0.54,0.26701596,19.4,79,0,0
8493,7,21,4,0,0.036066733,0,0,0.22,0.25722647,19.4,76,0,0
8494,7,22,4,0,0.039833415,0,0,0.22,0.23493873,18.9,84,0,0
8495,7,23,4,0,0.7293167,0,0,0.22,0.21552475,18.3,90,0,0
8496,7,24,4,0,0.78326666,0,0,0.22,0.20449534,18.3,90,0,0
8497,7,1,5,0,0.9087333,0,0,0.22,0.19168153,18,94,0,0
8498,7,2,5,0,0.63986665,0,0,0.22,0.18892026,18.3,87,0,0
8499,7,3,5,0,0.60871667,0,0,0.22,0.18812081,18,94,0,0
8500,7,4,5,0,0.5990833,0,0,0.22,0.18580227,18.3,87,0,0
8501,7,5,5,0,0.39425,0,0,0.22,0.18865016,18.3,87,0,0
8502,7,6,5,0,0.5660333,53.370834,0.213483336,0.22,0.19063264,18.3,87,21,0
8503,7,7,5,0,0.32178333,239.54167,0.95816668,0.22,0.20503901,19.4,81,88,0
8504,7,8,5,0,0.55833334,420.5125,1.68205,0.22,0.22048546,20,78,125,0
8505,7,9,5,0,0.5254167,555.95416,2.22381664,0.22,0.23546866,20.6,78,352,88
8506,7,10,5,0,1.9238833,653.7083,2.6148332,0.22,0.2465885,22.2,71,758,556
8507,7,11,5,0,1.9973222,697.16943,2.78867772,0.22,0.25282967,22.2,71,886,715
8508,7,12,5,0,1.8625833,712.74164,2.85096656,0.22,0.25590667,22.8,68,958,761
8509,7,13,5,0,1.75255,681.61664,2.72646656,0.22,0.2573698,23.3,66,953,705
8510,7,14,5,0,2.6728666,605.4083,2.4216332,0.22,0.26046544,22.2,68,816,491
8511,7,15,5,0,2.7132666,485.42084,1.94168336,0.22,0.26354125,22.2,68,466,104
8512,7,16,5,0,2.3315833,332.1375,1.32855,0.54,0.2630784,21.1,73,583,466
8513,7,17,5,0,2.9861166,155.37917,0.62151668,0.54,0.26485997,20,78,337,187
8514,7,18,5,0,2.9945166,33.879166,0.135516664,0.54,0.26939893,19.4,81,168,59
8515,7,19,5,0,3.3259168,0,0,0.54,0.26759332,18.3,87,0,0
8516,7,20,5,0,0.4177834,0,0,0.54,0.26052544,18.3,87,0,0
8517,7,21,5,0,0.32386672,0,0,0.22,0.25190103,18.3,90,0,0
8518,7,22,5,0,0.8925834,0,0,0.22,0.24075367,18.3,90,0,0
8519,7,23,5,0,1.3065333,0,0,0.22,0.23173718,18.3,90,0,0
8520,7,24,5,0,0.86565834,0,0,0.22,0.21096003,19.4,84,0,0
8521,7,1,6,0,0.5822,0,0,0.22,0.20389237,18.3,90,0,0
8522,7,2,6,0,0.80368334,0,0,0.22,0.19299571,17.8,93,0,0
8523,7,3,6,0,0.70108336,0,0,0.22,0.18427706,17.2,93,0,0
8524,7,4,6,0,0.6336542,0,0,0.22,0.18263178,17.2,93,0,0
8525,7,5,6,0,0.58466667,0,0,0.22,0.1724602,17.2,93,0,0
8526,7,6,6,0,0.53396666,54.416668,0.217666672,0.22,0.17243251,17.8,90,35,126
8527,7,7,6,0,0.5358,233.13333,0.93253332,0.22,0.16824788,18.9,84,200,369
8528,7,8,6,0,0.5338167,406.10834,1.62443336,0.22,0.17891005,20.6,75,405,548
8529,7,9,6,0,1.04325,540.7083,2.1628332,0.22,0.18627396,21.1,76,598,655
8530,7,10,6,0,2.0827,631.04584,2.52418336,0.22,0.20498978,22.2,71,764,675
8531,7,11,6,0,2.7568667,685.0833,2.7403332,0.22,0.21256018,22.2,71,892,739
8532,7,12,6,0,3.9343667,690.95,2.7638,0.22,0.21962272,22.8,71,952,743
8533,7,13,6,0,3.314,655.69165,2.6227666,0.22,0.22877651,23.3,69,941,705
8534,7,14,6,0,2.8243,581.7167,2.3268668,0.22,0.22678491,22.8,71,886,709
8535,7,15,6,0,2.5362666,463.42917,1.85371668,0.22,0.2298965,22.8,71,760,660
8536,7,16,6,0,2.7527666,313.0375,1.25215,0.4,0.23117727,22.2,73,612,652
8537,7,17,6,0,2.8638334,147.98334,0.59193336,0.4,0.23039132,21.7,76,410,458
8538,7,18,6,0,3.0110667,34.691666,0.138766664,0.4,0.22531523,21.1,78,214,236
8539,7,19,6,0,1.99795,4.65,0.0186,0.4,0.21619345,20,84,35,122
8540,7,20,6,0,0.24728338,0,0,0.4,0.21287884,19.4,87,0,0
8541,7,21,6,0,0.106000066,0,0,0.22,0.2100394,18.9,87,0,0
8542,7,22,6,0,0.73986673,0,0,0.22,0.21065578,18.9,87,0,0
8543,7,23,6,0,0.44271666,0,0,0.22,0.20639066,18.9,87,0,0
8544,7,24,6,0,1.0749,0,0,0.22,0.19261706,18.9,93,0,0
8545,7,1,7,0,0.3301,0,0,0.22,0.17942278,18.9,87,0,0
8546,7,2,7,0,0.31171668,0,0,0.22,0.1630395,18.9,90,0,0
8547,7,3,7,0,0.31583333,0,0,0.22,0.16044866,18.9,90,0,0
8548,7,4,7,0,1.55495,0,0,0.22,0.15778801,18.9,90,0,0
8549,7,5,7,0,1.0859166,0,0,0.22,0.15419053,18.9,90,0,0
8550,7,6,7,0,0.59003335,46.322918,0.185291672,0.22,0.15493274,19.4,87,36,95
8551,7,7,7,0,0.56126666,210.34166,0.84136664,0.22,0.15103471,20,84,64,0
8552,7,8,7,0,0.56331664,383.65833,1.53463332,0.22,0.15759137,22.2,73,380,377
8553,7,9,7,0,0.9008167,518.9875,2.07595,0.22,0.17111072,23.9,64,593,603
8554,7,10,7,0,1.8955834,615.8417,2.4633668,0.22,0.18699427,24.4,69,747,610
8555,7,11,7,0,2.9304,665.2,2.6608,0.22,0.19978495,24.4,69,892,727
8556,7,12,7,0,2.8642416,677.9938,2.7119752,0.22,0.20892641,25,66,958,725
8557,7,13,7,0,2.8998334,647.24164,2.58896656,0.22,0.21364242,25,66,842,512
8558,7,14,7,0,2.5452,564.05,2.2562,0.22,0.21351163,25,66,886,672
8559,7,15,7,0,3.47465,452.36667,1.80946668,0.22,0.21547969,24.4,69,767,691
8560,7,16,7,0,2.8354666,298.69168,1.19476672,0.4,0.2216005,23.3,74,598,609
8561,7,17,7,0,2.9643333,146.0375,0.58415,0.4,0.22013028,22.2,79,410,491
8562,7,18,7,0,2.6780667,36.295834,0.145183336,0.4,0.22261539,21.1,81,226,281
8563,7,19,7,0,2.5923166,5.0291667,0.0201166668,0.4,0.21571255,20,87,36,143
8564,7,20,7,0,0.3167334,0,0,0.4,0.2073846,20,87,0,0
8565,7,21,7,0,0.11415008,0,0,0.22,0.20594756,20,87,0,0
8566,7,22,7,0,0.33313337,0,0,0.22,0.19380271,20,87,0,0
8567,7,23,7,0,0.81348336,0,0,0.22,0.18840109,19.4,90,0,0
8568,7,24,7,0,0.84098333,0,0,0.22,0.1652359,18.3,87,0,0
8569,7,1,1,0,0.51995,0,0,0.22,0.15356141,18,100,0,0
8570,7,2,1,0,0.50841665,0,0,0.22,0.1538696,18.3,97,0,0
8571,7,3,1,0,0.50806665,0,0,0.22,0.15359703,18.3,93,0,0
8572,7,4,1,0,0.46768335,0,0,0.22,0.15428184,18.3,93,0,0
8573,7,5,1,0,0.48935,0,0,0.22,0.15697235,18.3,93,0,0
8574,7,6,1,0,0.49053332,34.733334,0.138933336,0.22,0.16067642,18.3,93,18,0
8575,7,7,1,0,0.50395,148.60417,0.59441668,0.22,0.1638524,18.9,90,95,5
8576,7,8,1,0,0.58248335,315.84583,1.26338332,0.22,0.1723468,20.6,81,231,51
8577,7,9,1,0,0.79785,268.95834,1.07583336,0.22,0.18283483,20.6,81,425,181
8578,7,10,1,0,1.0581167,165.3875,0.66155,0.22,0.19018845,21.7,76,586,255
8579,7,11,1,0,1.24135,141.18333,0.56473332,0.22,0.19156742,21.7,76,857,578
8580,7,12,1,0,1.4658,147.5625,0.59025,0.22,0.19364595,22.8,71,922,647
8581,7,13,1,0,1.79885,367.3875,1.46955,0.22,0.19154973,22.2,73,898,572
8582,7,14,1,0,1.3496833,453.64166,1.81456664,0.22,0.19248219,22.8,71,886,697
8583,7,15,1,0,0.96566665,338.13333,1.35253332,0.22,0.194569,22.2,73,754,648
8584,7,16,1,0,1.5877666,402.54166,1.61016664,0.54,0.1951313,21.7,76,599,609
8585,7,17,1,0,1.6806166,148.775,0.5951,0.54,0.19614956,21.1,76,403,446
8586,7,18,1,0,1.6592333,39.075,0.1563,0.54,0.19294481,20,84,205,185
8587,7,19,1,0,1.3844666,7.2,0.0288,0.54,0.1900991,19.4,87,31,93
8588,7,20,1,0,2.2080667,0,0,0.54,0.19022337,18.9,87,0,0
8589,7,21,1,0,1.4965,0,0,0.22,0.18777274,18.3,87,0,0
8590,7,22,1,0,1.2573934,0,0,0.22,0.18137828,18.3,87,0,0
8591,7,23,1,0,1.2104,0,0,0.22,0.16137248,18.3,84,0,0
8592,7,24,1,0,0.71168333,0,0,0.22,0.13578454,18.9,84,0,0
8593,7,1,2,0,0.46335,0,0,0.22,0.1289169,18.3,87,0,0
8594,7,2,2,0,0.31741667,0,0,0.22,0.12906186,18.3,90,0,0
8595,7,3,2,0,0.6725,0,0,0.22,0.12996915,17.8,93,0,0
8596,7,4,2,0,0.29403332,0,0,0.22,0.13009614,17.8,93,0,0
8597,7,5,2,0,0.30231667,0,0,0.22,0.13015871,18.3,90,0,0
8598,7,6,2,0,0.30588335,17.379168,0.069516672,0.22,0.13485777,17.8,93,29,70
8599,7,7,2,0,0.53758335,165.75833,0.66303332,0.22,0.14923096,18.9,87,135,80
8600,7,8,2,0,0.51283336,257.61667,1.03046668,0.22,0.1633449,21.1,78,293,171
8601,7,9,2,0,0.5409167,223.7125,0.89485,0.22,0.17314811,22.2,73,577,562
8602,7,10,2,0,1.0873333,463.1875,1.85275,0.22,0.17559284,22.2,73,758,651
8603,7,11,2,0,1.7967,560.3625,2.24145,0.22,0.17895693,22.2,73,886,727
8604,7,12,2,0,1.9773834,604.24585,2.4169834,0.22,0.18229666,22.8,71,952,737
8605,7,13,2,0,2.1788833,669.675,2.6787,0.22,0.18476552,22.8,71,892,542
8606,7,14,2,0,1.46775,546.38336,2.18553344,0.22,0.18620403,22.8,71,873,660
8607,7,15,2,0,1.9156,453.72083,1.81488332,0.22,0.18728785,22.2,71,760,679
8608,7,16,2,0,2.39705,308.57083,1.23428332,0.54,0.18885124,22.8,66,606,640
8609,7,17,2,0,1.7823167,103.425,0.4137,0.54,0.18779764,22.2,68,412,504
8610,7,18,2,0,1.8289334,38.533333,0.154133332,0.54,0.1799572,21.1,73,230,305
8611,7,19,2,0,2.0643334,4.1541667,0.0166166668,0.54,0.17572889,20,76,34,152
8612,7,20,2,0,0.16618338,0,0,0.54,0.1754109,19.4,81,0,0
8613,7,21,2,0,0.91856664,0,0,0.22,0.16992664,19.4,79,0,0
8614,7,22,2,0,1.1446333,0,0,0.22,0.151488,18.9,81,0,0
8615,7,23,2,0,0.7862,0,0,0.22,0.1387226,18.9,84,0,0
8616,7,24,2,0,0.50494164,0,0,0.22,0.12541716,20,84,0,0
8617,7,1,3,0,0.48101667,0,0,0.22,0.11903484,18.9,90,0,0
8618,7,2,3,0,0.47563332,0,0,0.22,0.12220837,18.9,90,0,0
8619,7,3,3,0,0.4759,0,0,0.22,0.121335365,18.3,87,0,0
8620,7,4,3,0,0.49693334,0,0,0.22,0.120162025,18.9,87,0,0
8621,7,5,3,0,0.5311,0,0,0.22,0.12567073,17.8,87,0,0
8622,7,6,3,0,0.54768336,40.783333,0.163133332,0.22,0.13603285,18.9,87,27,44
8623,7,7,3,0,0.5628833,206.56667,0.82626668,0.22,0.14343202,20,84,174,250
8624,7,8,3,0,0.5233167,385.29584,1.54118336,0.22,0.1611715,21.1,78,374,405
8625,7,9,3,0,0.5075167,521.3625,2.08545,0.22,0.1665738,23.3,69,587,597
8626,7,10,3,0,1.6686833,613.39166,2.45356664,0.22,0.17228253,23.3,71,763,675
8627,7,11,3,0,2.3387833,667.17914,2.66871656,0.22,0.1824325,23.3,71,892,751
8628,7,12,3,0,2.3812168,682.4583,2.7298332,0.22,0.18699868,22.8,71,958,773
8629,7,13,3,0,2.3242,649.7208,2.5988832,0.22,0.19187082,22.8,71,953,759
8630,7,14,3,0,2.0892668,578.15,2.3126,0.22,0.19551043,23.3,69,886,709
8631,7,15,3,0,2.1071334,464.39792,1.85759168,0.22,0.19533971,23.3,71,754,654
8632,7,16,3,0,2.8334832,312.82083,1.25128332,0.54,0.19614445,23.3,74,606,653
8633,7,17,3,0,2.2468834,145.03334,0.58013336,0.54,0.19801253,21.7,79,404,459
8634,7,18,3,0,2.3604834,29.716667,0.118866668,0.54,0.19533877,21.1,78,208,202
8635,7,19,3,0,1.5164334,1.8458333,0.0073833332,0.54,0.18561013,20,84,30,99
8636,7,20,3,0,0.3110334,0,0,0.54,0.17998563,20,78,0,0
8637,7,21,3,0,0.13171674,0,0,0.22,0.17569701,20,78,0,0
8638,7,22,3,0,2.3706167,0,0,0.22,0.1618508,20,81,0,0
8639,7,23,3,0,0.9566,0,0,0.22,0.15463534,20,84,0,0
8640,7,24,3,0,0.511475,0,0,0.22,0.13113284,18.9,90,0,0
8641,7,1,4,0,0.76421666,0,0,0.22,0.1205354,20,87,0,0
8642,7,2,4,0,0.6112,0,0,0.22,0.11950938,19.4,90,0,0
8643,7,3,4,0,0.53636664,0,0,0.22,0.11960297,18.9,90,0,0
8644,7,4,4,0,0.53415,0,0,0.22,0.120530546,19.4,90,0,0
8645,7,5,4,0,0.51475,0,0,0.22,0.1201812,19,88,0,0
8646,7,6,4,0,0.49351665,45.825,0.1833,0.22,0.133065,19.4,90,13,0
8647,7,7,4,0,0.6127667,219.29167,0.87716668,0.22,0.14820018,20.6,84,90,0
8648,7,8,4,0,0.57475,399.27917,1.59711668,0.22,0.16369905,21.1,81,196,17
8649,7,9,4,0,0.7318083,533.0229,2.1320916,0.22,0.17529486,21.7,76,267,18
8650,7,10,4,0,1.5875334,586.0375,2.34415,0.22,0.1875232,21.7,76,464,112
8651,7,11,4,0,2.4559834,687.38336,2.74953344,0.22,0.19392678,22.8,73,696,328
8652,7,12,4,0,2.6754334,681.76666,2.72706664,0.22,0.19235888,22.8,73,905,557
8653,7,13,4,0,2.95995,651.85,2.6074,0.22,0.19552706,23.3,71,960,759
8654,7,14,4,0,2.02275,564.30835,2.2572334,0.22,0.2048016,22.8,73,887,709
8655,7,15,4,0,2.07815,321.525,1.2861,0.22,0.20643744,23.3,71,754,630
8656,7,16,4,0,2.4077168,279.71667,1.11886668,0.54,0.20658237,22.8,73,557,448
8657,7,17,4,0,2.1411333,122.82917,0.49131668,0.54,0.20659164,22.8,71,365,337
8658,7,18,4,0,2.3342416,35.239582,0.140958328,0.54,0.20241885,21.1,81,210,202
8659,7,19,4,0,2.3697333,0.2125,0.00085,0.54,0.19555181,20,84,29,98
8660,7,20,4,0,0.39810005,0,0,0.54,0.18994254,20,78,0,0
8661,7,21,4,0,0.089383416,0,0,0.22,0.18975793,20,76,0,0
8662,7,22,4,0,1.2511333,0,0,0.22,0.18088013,20,78,0,0
8663,7,23,4,0,1.1327833,0,0,0.22,0.174369,19.4,87,0,0
8664,7,24,4,0,0.57698333,0,0,0.22,0.14257902,19.4,79,0,0
8665,7,1,5,0,0.7866667,0,0,0.22,0.12914056,18.9,87,0,0
8666,7,2,5,0,0.46881667,0,0,0.22,0.12554954,18.9,87,0,0
8667,7,3,5,0,0.5617333,0,0,0.22,0.12081059,18.9,87,0,0
8668,7,4,5,0,0.5409833,0,0,0.22,0.12216666,18.9,90,0,0
8669,7,5,5,0,0.5409,0,0,0.22,0.12765221,18.9,90,0,0
8670,7,6,5,0,0.55506665,44.7625,0.17905,0.22,0.13693415,19.4,90,29,118
8671,7,7,5,0,0.5654167,223.62083,0.89448332,0.22,0.15240821,20.6,84,196,403
8672,7,8,5,0,0.34845,399.5875,1.59835,0.22,0.17369144,21.1,81,392,553
8673,7,9,5,0,0.7166333,539.57916,2.15831664,0.22,0.18465604,22.8,73,586,637
8674,7,10,5,0,1.7006667,632.67914,2.53071656,0.22,0.2026987,22.8,73,757,663
8675,7,11,5,0,2.3517168,686.175,2.7447,0.22,0.21036813,22.8,73,886,739
8676,7,12,5,0,2.3875167,696.69165,2.7867666,0.22,0.21707574,22.8,71,958,779
8677,7,13,5,0,2.22005,662.95416,2.65181664,0.22,0.21559793,22.8,71,953,765
8678,7,14,5,0,1.4015167,592.24164,2.36896656,0.22,0.21749732,22.8,71,887,715
8679,7,15,5,0,2.2506666,476.27084,1.90508336,0.22,0.21794061,22.8,68,761,691
8680,7,16,5,0,2.2794166,320.325,1.2813,0.54,0.21738094,22.2,71,607,659
8681,7,17,5,0,2.9103334,145.50417,0.58201668,0.54,0.21543209,21.7,73,406,440
8682,7,18,5,0,1.81735,28.308332,0.113233328,0.54,0.21290568,20,81,141,38
8683,7,19,5,0,1.53105,1.3083333,0.0052333332,0.54,0.20299955,19.4,81,19,18
8684,7,20,5,0,0.2655334,0,0,0.54,0.19526815,19.4,81,0,0
8685,7,21,5,0,0.073416725,0,0,0.22,0.19364505,18.9,84,0,0
8686,7,22,5,0,0.25895005,0,0,0.22,0.17609996,18.9,87,0,0
8687,7,23,5,0,1.3594667,0,0,0.22,0.1557242,19.4,84,0,0
8688,7,24,5,0,2.3616083,0,0,0.22,0.14495125,17.8,90,0,0
8689,7,1,6,0,0.55916667,0,0,0.22,0.15521802,18.9,84,0,0
8690,7,2,6,0,0.54496664,0,0,0.22,0.14969575,18.9,87,0,0
8691,7,3,6,0,0.32443333,0,0,0.22,0.14050649,18.3,90,0,0
8692,7,4,6,0,0.3477,0,0,0.22,0.12671968,18.3,90,0,0
8693,7,5,6,0,0.3107,0,0,0.22,0.12691297,18.3,90,0,0
8694,7,6,6,0,0.30688334,46.4625,0.18585,0.22,0.12643032,18.3,90,9,0
8695,7,7,6,0,0.30506667,221.52083,0.88608332,0.22,0.14539742,19.4,84,90,5
8696,7,8,6,0,0.33218333,390.95834,1.56383336,0.22,0.14496677,20.6,78,272,131
8697,7,9,6,0,0.6771167,529.44586,2.11778344,0.22,0.15764832,21.7,73,581,567
8698,7,10,6,0,2.0042,627.9875,2.51195,0.22,0.16359596,21.7,76,762,698
8699,7,11,6,0,2.2824166,680.7375,2.72295,0.22,0.16288729,21.7,73,874,703
8700,7,12,6,0,2.3221333,691.13336,2.76453344,0.22,0.16310711,21.1,76,916,593
8701,7,13,6,0,2.40895,653.35,2.6134,0.22,0.16554257,22.2,71,757,319
8702,7,14,6,0,2.9685667,579.0208,2.3160832,0.22,0.17082685,21.1,76,313,18
8703,7,15,6,0,3.2092667,462.22083,1.84888332,0.22,0.17056754,21.1,76,327,18
8704,7,16,6,0,2.2785168,308.6125,1.23445,0.4,0.17066003,21.7,73,393,112
8705,7,17,6,0,2.5258667,140.66667,0.56266668,0.4,0.17467882,21.1,76,382,337
8706,7,18,6,0,2.7290833,31.2375,0.12495,0.4,0.17941523,20,81,107,0
8707,7,19,6,0,2.5052166,2.1125,0.00845,0.4,0.17928456,18.9,84,14,0
8708,7,20,6,0,0.73826665,0,0,0.4,0.17830084,18.3,90,0,0
8709,7,21,6,0,0.24425001,0,0,0.22,0.16978364,18.3,90,0,0
8710,7,22,6,0,1.1542333,0,0,0.22,0.15154009,18.3,90,0,0
8711,7,23,6,0,1.72135,0,0,0.22,0.1382403,18.3,90,0,0
8712,7,24,6,0,0.61595,0,0,0.22,0.13087854,18.9,90,0,0
8713,7,1,7,0,0.5859333,0,0,0.22,0.119898245,17.8,90,0,0
8714,7,2,7,0,0.6091167,0,0,0.22,0.11590888,17.8,93,0,0
8715,7,3,7,0,0.5714833,0,0,0.22,0.11514161,18.3,90,0,0
8716,7,4,7,0,0.50081664,0,0,0.22,0.11667206,18.3,90,0,0
8717,7,5,7,0,0.30378333,0,0,0.22,0.11667735,18.3,90,0,0
8718,7,6,7,0,0.28575,20.170834,0.080683336,0.22,0.11789011,18.3,93,11,0
8719,7,7,7,0,0.5186333,205.87083,0.82348332,0.22,0.11912097,19,88,66,0
8720,7,8,7,0,0.2488,375.74582,1.50298328,0.22,0.12306328,20,84,291,171
8721,7,9,7,0,0.50521666,514.825,2.0593,0.22,0.12957896,21.1,78,565,538
8722,7,10,7,0,2.29795,612.9167,2.4516668,0.22,0.13954845,22.8,71,746,633
8723,7,11,7,0,2.4713666,663.2208,2.6528832,0.22,0.15091008,24.4,67,857,644
8724,7,12,7,0,2.5068166,669.75,2.679,0.22,0.15852854,23.3,71,934,707
8725,7,13,7,0,3.5458333,637.2625,2.54905,0.22,0.16725336,23.3,71,929,675
8726,7,14,7,0,3.0505333,558.7792,2.2351168,0.22,0.16975051,22.8,73,842,594
8727,7,15,7,0,3.9398334,441.12918,1.76451672,0.22,0.17228627,22.2,76,735,618
8728,7,16,7,0,4.227383,294.27917,1.17711668,0.4,0.17633887,21.7,76,530,373
8729,7,17,7,0,3.8707166,136.34584,0.54538336,0.4,0.18762374,20.6,81,261,84
8730,7,18,7,0,3.56835,31.4875,0.12595,0.4,0.1981944,20,84,156,61
8731,7,19,7,0,3.4752166,2.8583333,0.0114333332,0.4,0.19513983,18.9,90,19,28
8732,7,20,7,0,0.45716673,0,0,0.4,0.18619229,18.3,90,0,0
8733,7,21,7,0,0.71471673,0,0,0.22,0.18655667,18.9,87,0,0
8734,7,22,7,0,1.659,0,0,0.22,0.16877209,19.4,84,0,0
8735,7,23,7,0,1.1031667,0,0,0.22,0.15346804,18.9,90,0,0
8736,7,24,7,0,1.3436,0,0,0.22,0.14807098,20.5,76,0,0
8737,7,1,1,0,0.99511665,0,0,0.22,0.14156097,19.4,87,0,0
8738,7,2,1,0,0.95103335,0,0,0.22,0.14244436,19.4,87,0,0
8739,7,3,1,0,0.6088167,0,0,0.22,0.14270902,19.4,84,0,0
8740,7,4,1,0,0.5943,0,0,0.22,0.1419192,18.9,87,0,0
8741,7,5,1,0,0.37646666,0,0,0.22,0.14690556,19.4,87,0,0
8742,7,6,1,0,0.6091,41.216667,0.164866668,0.22,0.15447491,19.4,87,12,0
8743,7,7,1,0,0.6444833,198.61667,0.79446668,0.22,0.15882933,20,84,124,74
8744,7,8,1,0,0.6673333,369.2875,1.47715,0.22,0.1702604,20.6,81,110,0
8745,7,9,1,0,0.63505,508.20416,2.03281664,0.22,0.17689899,21.1,78,204,12
8746,7,10,1,0,1.9499333,599.18335,2.3967334,0.22,0.1879058,23.3,69,712,509
8747,7,11,1,0,2.1121666,653.0292,2.6121168,0.22,0.19885977,26.7,56,845,602
8748,7,12,1,0,2.9986334,635.5875,2.54235,0.22,0.2040798,26.7,58,922,659
8749,7,13,1,0,2.67785,634.24164,2.53696656,0.22,0.21217331,26.1,60,892,584
8750,7,14,1,0,2.74745,556.3125,2.22525,0.22,0.21952793,23.9,69,836,582
8751,7,15,1,0,2.9582,447.14584,1.78858336,0.22,0.22006962,23.9,69,702,557
8752,7,16,1,0,2.9819667,329.60834,1.31843336,0.54,0.22514412,23.3,71,602,591
8753,7,17,1,0,3.6945167,143.72917,0.57491668,0.54,0.22837299,21.7,79,400,474
8754,7,18,1,0,3.9646,31.179167,0.124716668,0.54,0.22573857,21.1,81,218,289
8755,7,19,1,0,2.7301834,4.070833,0.016283332,0.54,0.22255282,20.6,84,26,130
8756,7,20,1,0,0.93583333,0,0,0.54,0.21609376,21.1,81,0,0
8757,7,21,1,0,2.1550167,0,0,0.22,0.21550086,21.7,79,0,0
8758,7,22,1,0,2.3164,0,0,0.22,0.20231467,21.3,76,0,0
8759,7,23,1,0,1.2124,0,0,0.22,0.18330996,20.9,76,0,0
